parent_chembl_id,name,molecule_type,max_phase,first_approval,withdrawn_flag,canonical_smiles,standard_inchi,standard_inchi_key,full_mwt,mw_freebase,alogp,psa,hbd,hba,num_ro5_violations,n_approved_forms,approved_form_chembl_ids,approved_form_names,has_parent_smiles,bbb_martins_probability,bbb_positive,high_confidence_bbb,rdkit_parse_ok,n_fragments,multifragment_flag,elements,special_elements,other_elements,special_element_flag,other_element_flag,heavy_atoms,rotatable_bonds,torsion_gt32_flag,formal_charge,abs_formal_charge,mol_wt_rdkit,tpsa_rdkit,clogp_rdkit,hbd_rdkit,hba_rdkit,ring_count,manual_review_flag,technical_exclusion_reason,docking_compatible,pdbqt_file,vina_affinity_kcal_mol,status,pose_file,log_file,vina_rank
CHEMBL1643895,RAMOSETRON,Small molecule,4.0,2015.0,0,Cn1cc(C(=O)[C@@H]2CCc3[nH]cnc3C2)c2ccccc21,"InChI=1S/C17H17N3O/c1-20-9-13(12-4-2-3-5-16(12)20)17(21)11-6-7-14-15(8-11)19-10-18-14/h2-5,9-11H,6-8H2,1H3,(H,18,19)/t11-/m1/s1",NTHPAPBPFQJABD-LLVKDONJSA-N,279.34,279.34,2.89,50.68,1.0,3.0,0.0,2,CHEMBL1643895;CHEMBL3181841,RAMOSETRON;RAMOSETRON HYDROCHLORIDE,1,0.9569004058837892,True,True,True,1,False,C;N;O,,,False,False,21,2,False,0,0,279.343,50.68,2.889200000000001,1,2,4,False,,True,ligands_pdbqt/CHEMBL1643895.pdbqt,-10.178,completed,vina_screening_full/poses/CHEMBL1643895_out.pdbqt,vina_screening_full/logs/CHEMBL1643895.log,1
CHEMBL276520,INDALPINE,Small molecule,4.0,,1,c1ccc2c(CCC3CCNCC3)c[nH]c2c1,"InChI=1S/C15H20N2/c1-2-4-15-14(3-1)13(11-17-15)6-5-12-7-9-16-10-8-12/h1-4,11-12,16-17H,5-10H2",SADQVAVFGNTEOD-UHFFFAOYSA-N,228.34,228.34,3.1,27.82,2.0,1.0,0.0,1,CHEMBL276520,INDALPINE,1,0.990087866783142,True,True,True,1,False,C;N,,,False,False,17,3,False,0,0,228.339,27.82,3.100100000000001,2,1,3,False,,True,ligands_pdbqt/CHEMBL276520.pdbqt,-10.073,completed,vina_screening_full/poses/CHEMBL276520_out.pdbqt,vina_screening_full/logs/CHEMBL276520.log,2
CHEMBL1801800,METABROMSALAN,Small molecule,4.0,,1,O=C(Nc1ccccc1)c1cc(Br)cc(Br)c1O,"InChI=1S/C13H9Br2NO2/c14-8-6-10(12(17)11(15)7-8)13(18)16-9-4-2-1-3-5-9/h1-7,17H,(H,16,18)",YALKQBRWLMDVSA-UHFFFAOYSA-N,371.03,371.03,4.17,49.33,2.0,2.0,0.0,1,CHEMBL1801800,METABROMSALAN,1,0.7437219858169556,True,False,True,1,False,Br;C;N;O,,,False,False,18,2,False,0,0,371.028,49.33,4.169500000000002,2,2,2,False,,True,ligands_pdbqt/CHEMBL1801800.pdbqt,-9.973,completed,vina_screening_full/poses/CHEMBL1801800_out.pdbqt,vina_screening_full/logs/CHEMBL1801800.log,3
CHEMBL490,PAROXETINE,Small molecule,4.0,1992.0,0,Fc1ccc([C@@H]2CCNC[C@H]2COc2ccc3c(c2)OCO3)cc1,"InChI=1S/C19H20FNO3/c20-15-3-1-13(2-4-15)17-7-8-21-10-14(17)11-22-16-5-6-18-19(9-16)24-12-23-18/h1-6,9,14,17,21H,7-8,10-12H2/t14-,17-/m0/s1",AHOUBRCZNHFOSL-YOEHRIQHSA-N,329.37,329.37,3.33,39.72,1.0,4.0,0.0,3,CHEMBL1200609;CHEMBL490;CHEMBL6067650,PAROXETINE;PAROXETINE HYDROCHLORIDE;PAROXETINE MESYLATE,1,0.9880037188529968,True,True,True,1,False,C;F;N;O,,,False,False,24,4,False,0,0,329.3710000000001,39.72,3.326500000000002,1,4,4,False,,True,ligands_pdbqt/CHEMBL490.pdbqt,-9.814,completed,vina_screening_full/poses/CHEMBL490_out.pdbqt,vina_screening_full/logs/CHEMBL490.log,4
CHEMBL973,TERIFLUNOMIDE,Small molecule,4.0,2012.0,0,C/C(O)=C(\C#N)C(=O)Nc1ccc(C(F)(F)F)cc1,"InChI=1S/C12H9F3N2O2/c1-7(18)10(6-16)11(19)17-9-4-2-8(3-5-9)12(13,14)15/h2-5,18H,1H3,(H,17,19)/b10-7-",UTNUDOFZCWSZMS-YFHOEESVSA-N,270.21,270.21,3.0,73.12,2.0,3.0,0.0,1,CHEMBL973,TERIFLUNOMIDE,1,0.7860930919647217,True,False,True,1,False,C;F;N;O,,,False,False,19,2,False,0,0,270.21,73.11999999999999,2.99948,2,3,1,False,,True,ligands_pdbqt/CHEMBL973.pdbqt,-9.536,completed,vina_screening_full/poses/CHEMBL973_out.pdbqt,vina_screening_full/logs/CHEMBL973.log,5
CHEMBL960,LEFLUNOMIDE,Small molecule,4.0,1998.0,0,Cc1oncc1C(=O)Nc1ccc(C(F)(F)F)cc1,"InChI=1S/C12H9F3N2O2/c1-7-10(6-16-19-7)11(18)17-9-4-2-8(3-5-9)12(13,14)15/h2-6H,1H3,(H,17,18)",VHOGYURTWQBHIL-UHFFFAOYSA-N,270.21,270.21,3.25,55.13,1.0,3.0,0.0,1,CHEMBL960,LEFLUNOMIDE,1,0.9767659902572632,True,True,True,1,False,C;F;N;O,,,False,False,19,2,False,0,0,270.21,55.13,3.254120000000001,1,3,2,False,,True,ligands_pdbqt/CHEMBL960.pdbqt,-9.397,completed,vina_screening_full/poses/CHEMBL960_out.pdbqt,vina_screening_full/logs/CHEMBL960.log,6
CHEMBL1079604,METAXALONE,Small molecule,4.0,1962.0,0,Cc1cc(C)cc(OCC2CNC(=O)O2)c1,"InChI=1S/C12H15NO3/c1-8-3-9(2)5-10(4-8)15-7-11-6-13-12(14)16-11/h3-5,11H,6-7H2,1-2H3,(H,13,14)",IMWZZHHPURKASS-UHFFFAOYSA-N,221.26,221.26,1.79,47.56,1.0,3.0,0.0,1,CHEMBL1079604,METAXALONE,1,0.98058500289917,True,True,True,1,False,C;N;O,,,False,False,16,3,False,0,0,221.256,47.56,1.7906399999999998,1,3,2,False,,True,ligands_pdbqt/CHEMBL1079604.pdbqt,-9.311,completed,vina_screening_full/poses/CHEMBL1079604_out.pdbqt,vina_screening_full/logs/CHEMBL1079604.log,7
CHEMBL631,PROPAFENONE,Small molecule,4.0,1989.0,0,CCCNCC(O)COc1ccccc1C(=O)CCc1ccccc1,"InChI=1S/C21H27NO3/c1-2-14-22-15-18(23)16-25-21-11-7-6-10-19(21)20(24)13-12-17-8-4-3-5-9-17/h3-11,18,22-23H,2,12-16H2,1H3",JWHAUXFOSRPERK-UHFFFAOYSA-N,341.45,341.45,3.24,58.56,2.0,4.0,0.0,2,CHEMBL1201063;CHEMBL631,PROPAFENONE;PROPAFENONE HYDROCHLORIDE,1,0.5111854374408722,True,False,True,1,False,C;N;O,,,False,False,25,11,False,0,0,341.4510000000001,58.56,3.2414000000000023,2,4,2,False,,True,ligands_pdbqt/CHEMBL631.pdbqt,-9.222,completed,vina_screening_full/poses/CHEMBL631_out.pdbqt,vina_screening_full/logs/CHEMBL631.log,8
CHEMBL942,BISACODYL,Small molecule,4.0,2004.0,0,CC(=O)Oc1ccc(C(c2ccc(OC(C)=O)cc2)c2ccccn2)cc1,"InChI=1S/C22H19NO4/c1-15(24)26-19-10-6-17(7-11-19)22(21-5-3-4-14-23-21)18-8-12-20(13-9-18)27-16(2)25/h3-14,22H,1-2H3",KHOITXIGCFIULA-UHFFFAOYSA-N,361.4,361.4,4.11,65.49,0.0,5.0,0.0,1,CHEMBL942,BISACODYL,1,0.5241123139858246,True,False,True,1,False,C;N;O,,,False,False,27,5,False,0,0,361.3970000000001,65.49000000000001,4.112400000000003,0,5,3,False,,True,ligands_pdbqt/CHEMBL942.pdbqt,-9.171,completed,vina_screening_full/poses/CHEMBL942_out.pdbqt,vina_screening_full/logs/CHEMBL942.log,9
CHEMBL141305,CYCLOFENIL,Small molecule,4.0,,1,CC(=O)Oc1ccc(C(=C2CCCCC2)c2ccc(OC(C)=O)cc2)cc1,"InChI=1S/C23H24O4/c1-16(24)26-21-12-8-19(9-13-21)23(18-6-4-3-5-7-18)20-10-14-22(15-11-20)27-17(2)25/h8-15H,3-7H2,1-2H3",GVOUFPWUYJWQSK-UHFFFAOYSA-N,364.44,364.44,5.3,52.6,0.0,4.0,1.0,1,CHEMBL141305,CYCLOFENIL,1,0.5518963158130645,True,False,True,1,False,C;O,,,False,False,27,4,False,0,0,364.441,52.6,5.303200000000005,0,4,3,False,,True,ligands_pdbqt/CHEMBL141305.pdbqt,-9.09,completed,vina_screening_full/poses/CHEMBL141305_out.pdbqt,vina_screening_full/logs/CHEMBL141305.log,10
CHEMBL41,FLUOXETINE,Small molecule,4.0,1987.0,0,CNCCC(Oc1ccc(C(F)(F)F)cc1)c1ccccc1,"InChI=1S/C17H18F3NO/c1-21-12-11-16(13-5-3-2-4-6-13)22-15-9-7-14(8-10-15)17(18,19)20/h2-10,16,21H,11-12H2,1H3",RTHCYVBBDHJXIQ-UHFFFAOYSA-N,309.33,309.33,4.44,21.26,1.0,2.0,0.0,2,CHEMBL1201082;CHEMBL41,FLUOXETINE;FLUOXETINE HYDROCHLORIDE,1,0.9369929075241088,True,True,True,1,False,C;F;N;O,,,False,False,22,6,False,0,0,309.331,21.26,4.435000000000003,1,2,2,False,,True,ligands_pdbqt/CHEMBL41.pdbqt,-9.061,completed,vina_screening_full/poses/CHEMBL41_out.pdbqt,vina_screening_full/logs/CHEMBL41.log,11
CHEMBL936,DIPHENIDOL,Small molecule,4.0,1967.0,0,OC(CCCN1CCCCC1)(c1ccccc1)c1ccccc1,"InChI=1S/C21H27NO/c23-21(19-11-4-1-5-12-19,20-13-6-2-7-14-20)15-10-18-22-16-8-3-9-17-22/h1-2,4-7,11-14,23H,3,8-10,15-18H2",OGAKLTJNUQRZJU-UHFFFAOYSA-N,309.45,309.45,4.19,23.47,1.0,2.0,0.0,2,CHEMBL1529;CHEMBL936,DIPHENIDOL;DIPHENIDOL HYDROCHLORIDE,1,0.9496505856513976,True,True,True,1,False,C;N;O,,,False,False,23,6,False,0,0,309.45300000000003,23.47,4.188600000000004,1,2,3,False,,True,ligands_pdbqt/CHEMBL936.pdbqt,-9.033,completed,vina_screening_full/poses/CHEMBL936_out.pdbqt,vina_screening_full/logs/CHEMBL936.log,12
CHEMBL472,GLYBURIDE,Small molecule,4.0,1984.0,0,COc1ccc(Cl)cc1C(=O)NCCc1ccc(S(=O)(=O)NC(=O)NC2CCCCC2)cc1,"InChI=1S/C23H28ClN3O5S/c1-32-21-12-9-17(24)15-20(21)22(28)25-14-13-16-7-10-19(11-8-16)33(30,31)27-23(29)26-18-5-3-2-4-6-18/h7-12,15,18H,2-6,13-14H2,1H3,(H,25,28)(H2,26,27,29)",ZNNLBTZKUZBEKO-UHFFFAOYSA-N,494.01,494.01,3.64,113.6,3.0,5.0,0.0,1,CHEMBL472,GLYBURIDE,1,0.7403897881507874,True,False,True,1,False,C;Cl;N;O;S,,,False,False,33,8,False,0,0,494.0130000000003,113.6,3.641700000000003,3,5,3,False,,True,ligands_pdbqt/CHEMBL472.pdbqt,-8.974,completed,vina_screening_full/poses/CHEMBL472_out.pdbqt,vina_screening_full/logs/CHEMBL472.log,13
CHEMBL1200370,BENZOYL PEROXIDE,Small molecule,4.0,1984.0,0,O=C(OOC(=O)c1ccccc1)c1ccccc1,InChI=1S/C14H10O4/c15-13(11-7-3-1-4-8-11)17-18-14(16)12-9-5-2-6-10-12/h1-10H,OMPJBNCRMGITSC-UHFFFAOYSA-N,242.23,242.23,2.62,52.6,0.0,4.0,0.0,1,CHEMBL1200370,BENZOYL PEROXIDE,1,0.9682695508003236,True,True,True,1,False,C;O,,,False,False,18,2,False,0,0,242.23,52.6,2.615400000000001,0,4,2,False,,True,ligands_pdbqt/CHEMBL1200370.pdbqt,-8.959,completed,vina_screening_full/poses/CHEMBL1200370_out.pdbqt,vina_screening_full/logs/CHEMBL1200370.log,14
CHEMBL1201168,ISOCARBOXAZID,Small molecule,4.0,1959.0,1,Cc1cc(C(=O)NNCc2ccccc2)no1,"InChI=1S/C12H13N3O2/c1-9-7-11(15-17-9)12(16)14-13-8-10-5-3-2-4-6-10/h2-7,13H,8H2,1H3,(H,14,16)",XKFPYPQQHFEXRZ-UHFFFAOYSA-N,231.25,231.25,1.42,67.16,2.0,4.0,0.0,1,CHEMBL1201168,ISOCARBOXAZID,1,0.9393381476402284,True,True,True,1,False,C;N;O,,,False,False,17,4,False,0,0,231.255,67.16,1.4176199999999997,2,4,2,False,,True,ligands_pdbqt/CHEMBL1201168.pdbqt,-8.909,completed,vina_screening_full/poses/CHEMBL1201168_out.pdbqt,vina_screening_full/logs/CHEMBL1201168.log,15
CHEMBL1239,BENZYL BENZOATE,Small molecule,4.0,1976.0,0,O=C(OCc1ccccc1)c1ccccc1,"InChI=1S/C14H12O2/c15-14(13-9-5-2-6-10-13)16-11-12-7-3-1-4-8-12/h1-10H,11H2",SESFRYSPDFLNCH-UHFFFAOYSA-N,212.25,212.25,3.04,26.3,0.0,2.0,0.0,1,CHEMBL1239,BENZYL BENZOATE,1,0.911142098903656,True,True,True,1,False,C;O,,,False,False,16,3,False,0,0,212.248,26.3,3.0436000000000014,0,2,2,False,,True,ligands_pdbqt/CHEMBL1239.pdbqt,-8.893,completed,vina_screening_full/poses/CHEMBL1239_out.pdbqt,vina_screening_full/logs/CHEMBL1239.log,16
CHEMBL572,NITROFURANTOIN,Small molecule,4.0,1953.0,0,O=C1CN(/N=C/c2ccc([N+](=O)[O-])o2)C(=O)N1,"InChI=1S/C8H6N4O5/c13-6-4-11(8(14)10-6)9-3-5-1-2-7(17-5)12(15)16/h1-3H,4H2,(H,10,13,14)/b9-3+",NXFQHRVNIOXGAQ-YCRREMRBSA-N,238.16,238.16,0.07,118.05,1.0,6.0,0.0,2,CHEMBL1201000;CHEMBL572,NITROFURANTOIN;NITROFURANTOIN SODIUM,1,0.9671146273612976,True,True,True,1,False,C;N;O,,,False,False,17,3,False,0,0,238.159,118.05,0.0734999999999999,1,6,2,False,,True,ligands_pdbqt/CHEMBL572.pdbqt,-8.876,completed,vina_screening_full/poses/CHEMBL572_out.pdbqt,vina_screening_full/logs/CHEMBL572.log,17
CHEMBL170988,PHENFORMIN,Small molecule,4.0,,1,N=C(N)NC(=N)NCCc1ccccc1,"InChI=1S/C10H15N5/c11-9(12)15-10(13)14-7-6-8-4-2-1-3-5-8/h1-5H,6-7H2,(H6,11,12,13,14,15)",ICFJFFQQTFMIBG-UHFFFAOYSA-N,205.26,205.26,0.24,97.78,5.0,2.0,0.0,2,CHEMBL1528839;CHEMBL170988,PHENFORMIN;PHENFORMIN HYDROCHLORIDE,1,0.645997965335846,True,False,True,1,False,C;N,,,False,False,15,3,False,0,0,205.265,97.78,0.2365400000000008,5,2,1,False,,True,ligands_pdbqt/CHEMBL170988.pdbqt,-8.858,completed,vina_screening_full/poses/CHEMBL170988_out.pdbqt,vina_screening_full/logs/CHEMBL170988.log,18
CHEMBL1201288,DANTROLENE,Small molecule,4.0,1974.0,0,O=C1CN(/N=C/c2ccc(-c3ccc([N+](=O)[O-])cc3)o2)C(=O)N1,"InChI=1S/C14H10N4O5/c19-13-8-17(14(20)16-13)15-7-11-5-6-12(23-11)9-1-3-10(4-2-9)18(21)22/h1-7H,8H2,(H,16,19,20)/b15-7+",OZOMQRBLCMDCEG-VIZOYTHASA-N,314.26,314.26,1.74,118.05,1.0,6.0,0.0,2,CHEMBL1201288;CHEMBL928,DANTROLENE;DANTROLENE SODIUM,1,0.8770252823829651,True,True,True,1,False,C;N;O,,,False,False,23,4,False,0,0,314.257,118.05,1.7404999999999995,1,6,3,False,,True,ligands_pdbqt/CHEMBL1201288.pdbqt,-8.81,completed,vina_screening_full/poses/CHEMBL1201288_out.pdbqt,vina_screening_full/logs/CHEMBL1201288.log,19
CHEMBL880,FAMCICLOVIR,Small molecule,4.0,1994.0,0,CC(=O)OCC(CCn1cnc2cnc(N)nc21)COC(C)=O,"InChI=1S/C14H19N5O4/c1-9(20)22-6-11(7-23-10(2)21)3-4-19-8-17-12-5-16-14(15)18-13(12)19/h5,8,11H,3-4,6-7H2,1-2H3,(H2,15,16,18)",GGXKWVWZWMLJEH-UHFFFAOYSA-N,321.34,321.34,0.54,122.22,1.0,9.0,0.0,1,CHEMBL880,FAMCICLOVIR,1,0.9780322194099428,True,True,True,1,False,C;N;O,,,False,False,23,7,False,0,0,321.33700000000016,122.22,0.5409999999999998,1,8,2,False,,True,ligands_pdbqt/CHEMBL880.pdbqt,-8.802,completed,vina_screening_full/poses/CHEMBL880_out.pdbqt,vina_screening_full/logs/CHEMBL880.log,20
CHEMBL848,LENALIDOMIDE,Small molecule,4.0,2005.0,0,Nc1cccc2c1CN(C1CCC(=O)NC1=O)C2=O,"InChI=1S/C13H13N3O3/c14-9-3-1-2-7-8(9)6-16(13(7)19)10-4-5-11(17)15-12(10)18/h1-3,10H,4-6,14H2,(H,15,17,18)",GOTYRUGSSMKFNF-UHFFFAOYSA-N,259.26,259.26,0.03,92.5,2.0,4.0,0.0,2,CHEMBL6068337;CHEMBL848,LENALIDOMIDE;LENALIDOMIDE HYDROCHLORIDE MONOHYDRATE,1,0.9915963649749756,True,True,True,1,False,C;N;O,,,False,False,19,1,False,0,0,259.265,92.5,0.0297999999999998,2,4,3,False,,True,ligands_pdbqt/CHEMBL848.pdbqt,-8.797,completed,vina_screening_full/poses/CHEMBL848_out.pdbqt,vina_screening_full/logs/CHEMBL848.log,21
CHEMBL27,PROPRANOLOL,Small molecule,4.0,1967.0,0,CC(C)NCC(O)COc1cccc2ccccc12,"InChI=1S/C16H21NO2/c1-12(2)17-10-14(18)11-19-16-9-5-7-13-6-3-4-8-15(13)16/h3-9,12,14,17-18H,10-11H2,1-2H3",AQHHHDLHHXJYJD-UHFFFAOYSA-N,259.35,259.35,2.58,41.49,2.0,3.0,0.0,2,CHEMBL1671;CHEMBL27,PROPRANOLOL;PROPRANOLOL HYDROCHLORIDE,1,0.8502275586128235,True,True,True,1,False,C;N;O,,,False,False,19,6,False,0,0,259.34900000000005,41.49,2.577500000000001,2,3,2,False,,True,ligands_pdbqt/CHEMBL27.pdbqt,-8.781,completed,vina_screening_full/poses/CHEMBL27_out.pdbqt,vina_screening_full/logs/CHEMBL27.log,22
CHEMBL1086,DIBUCAINE,Small molecule,4.0,1982.0,0,CCCCOc1cc(C(=O)NCCN(CC)CC)c2ccccc2n1,"InChI=1S/C20H29N3O2/c1-4-7-14-25-19-15-17(16-10-8-9-11-18(16)22-19)20(24)21-12-13-23(5-2)6-3/h8-11,15H,4-7,12-14H2,1-3H3,(H,21,24)",PUFQVTATUTYEAL-UHFFFAOYSA-N,343.47,343.47,3.49,54.46,1.0,4.0,0.0,2,CHEMBL1086;CHEMBL1200612,DIBUCAINE;DIBUCAINE HYDROCHLORIDE,1,0.981208860874176,True,True,True,1,False,C;N;O,,,False,False,25,10,False,0,0,343.471,54.46,3.4853000000000023,1,4,2,False,,True,ligands_pdbqt/CHEMBL1086.pdbqt,-8.777,completed,vina_screening_full/poses/CHEMBL1086_out.pdbqt,vina_screening_full/logs/CHEMBL1086.log,23
CHEMBL24072,PRENYLAMINE,Small molecule,4.0,,1,CC(Cc1ccccc1)NCCC(c1ccccc1)c1ccccc1,"InChI=1S/C24H27N/c1-20(19-21-11-5-2-6-12-21)25-18-17-24(22-13-7-3-8-14-22)23-15-9-4-10-16-23/h2-16,20,24-25H,17-19H2,1H3",IFFPICMESYHZPQ-UHFFFAOYSA-N,329.49,329.49,5.43,12.03,1.0,1.0,1.0,1,CHEMBL24072,PRENYLAMINE,1,0.8900670886039734,True,True,True,1,False,C;N,,,False,False,25,8,False,0,0,329.487,12.03,5.4294000000000056,1,1,3,False,,True,ligands_pdbqt/CHEMBL24072.pdbqt,-8.701,completed,vina_screening_full/poses/CHEMBL24072_out.pdbqt,vina_screening_full/logs/CHEMBL24072.log,24
CHEMBL1401,NITAZOXANIDE,Small molecule,4.0,2002.0,0,CC(=O)Oc1ccccc1C(=O)Nc1ncc([N+](=O)[O-])s1,"InChI=1S/C12H9N3O5S/c1-7(16)20-9-5-3-2-4-8(9)11(17)14-12-13-6-10(21-12)15(18)19/h2-6H,1H3,(H,13,14,17)",YQNQNVDNTFHQSW-UHFFFAOYSA-N,307.29,307.29,2.23,111.43,1.0,7.0,0.0,1,CHEMBL1401,NITAZOXANIDE,1,0.942504632472992,True,True,True,1,False,C;N;O;S,,,False,False,21,4,False,0,0,307.28700000000003,111.43,2.2289000000000003,1,7,2,False,,True,ligands_pdbqt/CHEMBL1401.pdbqt,-8.674,completed,vina_screening_full/poses/CHEMBL1401_out.pdbqt,vina_screening_full/logs/CHEMBL1401.log,25
CHEMBL855,TRIPROLIDINE,Small molecule,4.0,1982.0,0,Cc1ccc(/C(=C\CN2CCCC2)c2ccccn2)cc1,"InChI=1S/C19H22N2/c1-16-7-9-17(10-8-16)18(19-6-2-3-12-20-19)11-15-21-13-4-5-14-21/h2-3,6-12H,4-5,13-15H2,1H3/b18-11+",CBEQULMOCCWAQT-WOJGMQOQSA-N,278.4,278.4,3.92,16.13,0.0,2.0,0.0,2,CHEMBL3188034;CHEMBL855,TRIPROLIDINE;TRIPROLIDINE HYDROCHLORIDE,1,0.9855218291282654,True,True,True,1,False,C;N,,,False,False,21,4,False,0,0,278.399,16.130000000000003,3.917520000000003,0,2,3,False,,True,ligands_pdbqt/CHEMBL855.pdbqt,-8.621,completed,vina_screening_full/poses/CHEMBL855_out.pdbqt,vina_screening_full/logs/CHEMBL855.log,26
CHEMBL1201198,PEMIROLAST,Small molecule,4.0,1999.0,0,Cc1cccn2c(=O)c(-c3nnn[nH]3)cnc12,"InChI=1S/C10H8N6O/c1-6-3-2-4-16-9(6)11-5-7(10(16)17)8-12-14-15-13-8/h2-5H,1H3,(H,12,13,14,15)",HIANJWSAHKJQTH-UHFFFAOYSA-N,228.22,228.22,0.18,88.83,1.0,6.0,0.0,2,CHEMBL1201050;CHEMBL1201198,PEMIROLAST;PEMIROLAST POTASSIUM,1,0.7426159858703614,True,False,True,1,False,C;N;O,,,False,False,17,1,False,0,0,228.21500000000003,88.83,0.1830199999999999,1,5,3,False,,True,ligands_pdbqt/CHEMBL1201198.pdbqt,-8.62,completed,vina_screening_full/poses/CHEMBL1201198_out.pdbqt,vina_screening_full/logs/CHEMBL1201198.log,27
CHEMBL806,FLUTAMIDE,Small molecule,4.0,1989.0,0,CC(C)C(=O)Nc1ccc([N+](=O)[O-])c(C(F)(F)F)c1,"InChI=1S/C11H11F3N2O3/c1-6(2)10(17)15-7-3-4-9(16(18)19)8(5-7)11(12,13)14/h3-6H,1-2H3,(H,15,17)",MKXKFYHWDHIYRV-UHFFFAOYSA-N,276.21,276.21,3.21,72.24,1.0,3.0,0.0,1,CHEMBL806,FLUTAMIDE,1,0.9766529560089112,True,True,True,1,False,C;F;N;O,,,False,False,19,3,False,0,0,276.21399999999994,72.24,3.2081000000000017,1,3,1,False,,True,ligands_pdbqt/CHEMBL806.pdbqt,-8.617,completed,vina_screening_full/poses/CHEMBL806_out.pdbqt,vina_screening_full/logs/CHEMBL806.log,28
CHEMBL457,GEMFIBROZIL,Small molecule,4.0,1981.0,0,Cc1ccc(C)c(OCCCC(C)(C)C(=O)O)c1,"InChI=1S/C15H22O3/c1-11-6-7-12(2)13(10-11)18-9-5-8-15(3,4)14(16)17/h6-7,10H,5,8-9H2,1-4H3,(H,16,17)",HEMJJKBWTPKOJG-UHFFFAOYSA-N,250.34,250.34,3.57,46.53,1.0,2.0,0.0,1,CHEMBL457,GEMFIBROZIL,1,0.6099126547574997,True,False,True,1,False,C;O,,,False,False,18,6,False,0,0,250.338,46.53,3.573240000000002,1,2,1,False,,True,ligands_pdbqt/CHEMBL457.pdbqt,-8.601,completed,vina_screening_full/poses/CHEMBL457_out.pdbqt,vina_screening_full/logs/CHEMBL457.log,29
CHEMBL46917,CARBARIL,Small molecule,4.0,,1,CNC(=O)Oc1cccc2ccccc12,"InChI=1S/C12H11NO2/c1-13-12(14)15-11-8-4-6-9-5-2-3-7-10(9)11/h2-8H,1H3,(H,13,14)",CVXBEEMKQHEXEN-UHFFFAOYSA-N,201.22,201.22,2.56,38.33,1.0,2.0,0.0,1,CHEMBL46917,CARBARIL,1,0.9887970328330994,True,True,True,1,False,C;N;O,,,False,False,15,1,False,0,0,201.225,38.33,2.5580000000000007,1,2,2,False,,True,ligands_pdbqt/CHEMBL46917.pdbqt,-8.598,completed,vina_screening_full/poses/CHEMBL46917_out.pdbqt,vina_screening_full/logs/CHEMBL46917.log,30
CHEMBL4279047,VORASIDENIB,Small molecule,4.0,2024.0,0,C[C@@H](Nc1nc(N[C@H](C)C(F)(F)F)nc(-c2cccc(Cl)n2)n1)C(F)(F)F,"InChI=1S/C14H13ClF6N6/c1-6(13(16,17)18)22-11-25-10(8-4-3-5-9(15)24-8)26-12(27-11)23-7(2)14(19,20)21/h3-7H,1-2H3,(H2,22,23,25,26,27)/t6-,7-/m1/s1",QCZAWDGAVJMPTA-RNFRBKRXSA-N,414.74,414.74,4.31,75.62,2.0,6.0,0.0,1,CHEMBL4279047,VORASIDENIB,1,0.6349869549274445,True,False,True,1,False,C;Cl;F;N,,,False,False,27,5,False,0,0,414.741,75.62,4.312400000000001,2,6,2,False,,True,ligands_pdbqt/CHEMBL4279047.pdbqt,-8.587,completed,vina_screening_full/poses/CHEMBL4279047_out.pdbqt,vina_screening_full/logs/CHEMBL4279047.log,31
CHEMBL76370,TEGASEROD,Small molecule,4.0,2002.0,1,CCCCCNC(=N)N/N=C/c1c[nH]c2ccc(OC)cc12,"InChI=1S/C16H23N5O/c1-3-4-5-8-18-16(17)21-20-11-12-10-19-15-7-6-13(22-2)9-14(12)15/h6-7,9-11,19H,3-5,8H2,1-2H3,(H3,17,18,21)/b20-11+",IKBKZGMPCYNSLU-RGVLZGJSSA-N,301.39,301.39,2.81,85.29,4.0,3.0,0.0,2,CHEMBL1516474;CHEMBL76370,TEGASEROD;TEGASEROD MALEATE,1,0.6000082552433014,True,False,True,1,False,C;N;O,,,False,False,22,7,False,0,0,301.3940000000001,85.29,2.8145700000000007,4,3,2,False,,True,ligands_pdbqt/CHEMBL76370.pdbqt,-8.58,completed,vina_screening_full/poses/CHEMBL76370_out.pdbqt,vina_screening_full/logs/CHEMBL76370.log,32
CHEMBL1200868,PHENYL AMINOSALICYLATE,Small molecule,4.0,1982.0,0,Nc1ccc(C(=O)Oc2ccccc2)c(O)c1,"InChI=1S/C13H11NO3/c14-9-6-7-11(12(15)8-9)13(16)17-10-4-2-1-3-5-10/h1-8,15H,14H2",DNVVZWSVACQWJE-UHFFFAOYSA-N,229.24,229.24,2.19,72.55,2.0,4.0,0.0,1,CHEMBL1200868,PHENYL AMINOSALICYLATE,1,0.5445596516132355,True,False,True,1,False,C;N;O,,,False,False,17,2,False,0,0,229.23500000000004,72.55000000000001,2.1936,2,4,2,False,,True,ligands_pdbqt/CHEMBL1200868.pdbqt,-8.564,completed,vina_screening_full/poses/CHEMBL1200868_out.pdbqt,vina_screening_full/logs/CHEMBL1200868.log,33
CHEMBL162036,BENORILATE,Small molecule,4.0,,0,CC(=O)Nc1ccc(OC(=O)c2ccccc2OC(C)=O)cc1,"InChI=1S/C17H15NO5/c1-11(19)18-13-7-9-14(10-8-13)23-17(21)15-5-3-4-6-16(15)22-12(2)20/h3-10H,1-2H3,(H,18,19)",FEJKLNWAOXSSNR-UHFFFAOYSA-N,313.31,313.31,2.79,81.7,1.0,5.0,0.0,1,CHEMBL162036,BENORILATE,1,0.9390247941017152,True,True,True,1,False,C;N;O,,,False,False,23,4,False,0,0,313.309,81.69999999999999,2.789500000000001,1,5,2,False,,True,ligands_pdbqt/CHEMBL162036.pdbqt,-8.563,completed,vina_screening_full/poses/CHEMBL162036_out.pdbqt,vina_screening_full/logs/CHEMBL162036.log,34
CHEMBL10878,AGOMELATINE,Small molecule,4.0,2009.0,0,COc1ccc2cccc(CCNC(C)=O)c2c1,"InChI=1S/C15H17NO2/c1-11(17)16-9-8-13-5-3-4-12-6-7-14(18-2)10-15(12)13/h3-7,10H,8-9H2,1-2H3,(H,16,17)",YJYPHIXNFHFHND-UHFFFAOYSA-N,243.31,243.31,2.53,38.33,1.0,2.0,0.0,1,CHEMBL10878,AGOMELATINE,1,0.9857988834381104,True,True,True,1,False,C;N;O,,,False,False,18,4,False,0,0,243.30599999999995,38.33,2.527,1,2,2,False,,True,ligands_pdbqt/CHEMBL10878.pdbqt,-8.554,completed,vina_screening_full/poses/CHEMBL10878_out.pdbqt,vina_screening_full/logs/CHEMBL10878.log,35
CHEMBL19299,LOXOPROFEN,Small molecule,4.0,,0,CC(C(=O)O)c1ccc(CC2CCCC2=O)cc1,"InChI=1S/C15H18O3/c1-10(15(17)18)12-7-5-11(6-8-12)9-13-3-2-4-14(13)16/h5-8,10,13H,2-4,9H2,1H3,(H,17,18)",YMBXTVYHTMGZDW-UHFFFAOYSA-N,246.31,246.31,2.79,54.37,1.0,2.0,0.0,1,CHEMBL19299,LOXOPROFEN,1,0.5772010207176208,True,False,True,1,False,C;O,,,False,False,18,4,False,0,0,246.30599999999995,54.37,2.7864000000000013,1,2,2,False,,True,ligands_pdbqt/CHEMBL19299.pdbqt,-8.543,completed,vina_screening_full/poses/CHEMBL19299_out.pdbqt,vina_screening_full/logs/CHEMBL19299.log,36
CHEMBL1623992,PIPERIDOLATE,Small molecule,4.0,,0,CCN1CCCC(OC(=O)C(c2ccccc2)c2ccccc2)C1,"InChI=1S/C21H25NO2/c1-2-22-15-9-14-19(16-22)24-21(23)20(17-10-5-3-6-11-17)18-12-7-4-8-13-18/h3-8,10-13,19-20H,2,9,14-16H2,1H3",KTHVBAZBLKXIHZ-UHFFFAOYSA-N,323.44,323.44,3.85,29.54,0.0,3.0,0.0,2,CHEMBL1511957;CHEMBL1623992,PIPERIDOLATE;PIPERIDOLATE HYDROCHLORIDE,1,0.9249610662460328,True,True,True,1,False,C;N;O,,,False,False,24,5,False,0,0,323.4360000000001,29.54,3.8460000000000014,0,3,3,False,,True,ligands_pdbqt/CHEMBL1623992.pdbqt,-8.507,completed,vina_screening_full/poses/CHEMBL1623992_out.pdbqt,vina_screening_full/logs/CHEMBL1623992.log,37
CHEMBL110,BENZNIDAZOLE,Small molecule,4.0,2017.0,0,O=C(Cn1ccnc1[N+](=O)[O-])NCc1ccccc1,"InChI=1S/C12H12N4O3/c17-11(14-8-10-4-2-1-3-5-10)9-15-7-6-13-12(15)16(18)19/h1-7H,8-9H2,(H,14,17)",CULUWZNBISUWAS-UHFFFAOYSA-N,260.25,260.25,1.11,90.06,1.0,5.0,0.0,1,CHEMBL110,BENZNIDAZOLE,1,0.9504037976264954,True,True,True,1,False,C;N;O,,,False,False,19,5,False,0,0,260.253,90.06,1.1077,1,4,2,False,,True,ligands_pdbqt/CHEMBL110.pdbqt,-8.483,completed,vina_screening_full/poses/CHEMBL110_out.pdbqt,vina_screening_full/logs/CHEMBL110.log,38
CHEMBL4297517,MAVACAMTEN,Small molecule,4.0,2022.0,0,CC(C)n1c(=O)cc(N[C@@H](C)c2ccccc2)[nH]c1=O,"InChI=1S/C15H19N3O2/c1-10(2)18-14(19)9-13(17-15(18)20)16-11(3)12-7-5-4-6-8-12/h4-11,16H,1-3H3,(H,17,20)/t11-/m0/s1",RLCLASQCAPXVLM-NSHDSACASA-N,273.34,273.34,2.29,66.89,2.0,4.0,0.0,1,CHEMBL4297517,MAVACAMTEN,1,0.81898592710495,True,True,True,1,False,C;N;O,,,False,False,20,4,False,0,0,273.33600000000007,66.89,2.2906,2,3,2,False,,True,ligands_pdbqt/CHEMBL4297517.pdbqt,-8.478,completed,vina_screening_full/poses/CHEMBL4297517_out.pdbqt,vina_screening_full/logs/CHEMBL4297517.log,39
CHEMBL1201260,BETHANIDINE,Small molecule,4.0,1982.0,0,C/N=C(\NC)NCc1ccccc1,"InChI=1S/C10H15N3/c1-11-10(12-2)13-8-9-6-4-3-5-7-9/h3-7H,8H2,1-2H3,(H2,11,12,13)",NIVZHWNOUVJHKV-UHFFFAOYSA-N,177.25,177.25,0.98,36.42,2.0,1.0,0.0,2,CHEMBL1201260;CHEMBL2110368,BETHANIDINE;BETHANIDINE SULFATE,1,0.7821977853775024,True,False,True,1,False,C;N,,,False,False,13,2,False,0,0,177.251,36.42,0.9813999999999996,2,1,1,False,,True,ligands_pdbqt/CHEMBL1201260.pdbqt,-8.469,completed,vina_screening_full/poses/CHEMBL1201260_out.pdbqt,vina_screening_full/logs/CHEMBL1201260.log,40
CHEMBL16476,PRONETALOL,Small molecule,4.0,,1,CC(C)NCC(O)c1ccc2ccccc2c1,"InChI=1S/C15H19NO/c1-11(2)16-10-15(17)14-8-7-12-5-3-4-6-13(12)9-14/h3-9,11,15-17H,10H2,1-2H3",HRSANNODOVBCST-UHFFFAOYSA-N,229.32,229.32,2.87,32.26,2.0,2.0,0.0,1,CHEMBL16476,PRONETALOL,1,0.907857060432434,True,True,True,1,False,C;N;O,,,False,False,17,4,False,0,0,229.323,32.26,2.871200000000001,2,2,2,False,,True,ligands_pdbqt/CHEMBL16476.pdbqt,-8.468,completed,vina_screening_full/poses/CHEMBL16476_out.pdbqt,vina_screening_full/logs/CHEMBL16476.log,41
CHEMBL1983350,STIRIPENTOL,Small molecule,4.0,2007.0,0,CC(C)(C)C(O)/C=C/c1ccc2c(c1)OCO2,"InChI=1S/C14H18O3/c1-14(2,3)13(15)7-5-10-4-6-11-12(8-10)17-9-16-11/h4-8,13,15H,9H2,1-3H3/b7-5+",IBLNKMRFIPWSOY-FNORWQNLSA-N,234.29,234.29,2.84,38.69,1.0,3.0,0.0,1,CHEMBL1983350,STIRIPENTOL,1,0.9433364987373352,True,True,True,1,False,C;O,,,False,False,17,2,False,0,0,234.295,38.69,2.835500000000001,1,3,2,False,,True,ligands_pdbqt/CHEMBL1983350.pdbqt,-8.458,completed,vina_screening_full/poses/CHEMBL1983350_out.pdbqt,vina_screening_full/logs/CHEMBL1983350.log,42
CHEMBL294199,CAPSAICIN,Small molecule,4.0,2009.0,0,COc1cc(CNC(=O)CCCC/C=C/C(C)C)ccc1O,"InChI=1S/C18H27NO3/c1-14(2)8-6-4-5-7-9-18(21)19-13-15-10-11-16(20)17(12-15)22-3/h6,8,10-12,14,20H,4-5,7,9,13H2,1-3H3,(H,19,21)/b8-6+",YKPUWZUDDOIDPM-SOFGYWHQSA-N,305.42,305.42,3.79,58.56,2.0,3.0,0.0,1,CHEMBL294199,CAPSAICIN,1,0.8635224938392639,True,True,True,1,False,C;N;O,,,False,False,22,9,False,0,0,305.418,58.56,3.789600000000003,2,3,1,False,,True,ligands_pdbqt/CHEMBL294199.pdbqt,-8.441,completed,vina_screening_full/poses/CHEMBL294199_out.pdbqt,vina_screening_full/logs/CHEMBL294199.log,43
CHEMBL4594250,NETARSUDIL,Small molecule,4.0,2017.0,0,Cc1ccc(C(=O)OCc2ccc([C@@H](CN)C(=O)Nc3ccc4cnccc4c3)cc2)c(C)c1,"InChI=1S/C28H27N3O3/c1-18-3-10-25(19(2)13-18)28(33)34-17-20-4-6-21(7-5-20)26(15-29)27(32)31-24-9-8-23-16-30-12-11-22(23)14-24/h3-14,16,26H,15,17,29H2,1-2H3,(H,31,32)/t26-/m1/s1",OURRXQUGYQRVML-AREMUKBSSA-N,453.54,453.54,4.89,94.31,2.0,5.0,0.0,2,CHEMBL4594250;CHEMBL4594251,NETARSUDIL;NETARSUDIL DIMESYLATE,1,0.5410241186618805,True,False,True,1,False,C;N;O,,,False,False,34,7,False,0,0,453.54200000000014,94.31,4.889640000000004,2,5,4,False,,True,ligands_pdbqt/CHEMBL4594250.pdbqt,-8.437,completed,vina_screening_full/poses/CHEMBL4594250_out.pdbqt,vina_screening_full/logs/CHEMBL4594250.log,44
CHEMBL578767,FLUMEXADOL,Small molecule,4.0,,1,FC(F)(F)c1cccc(C2CNCCO2)c1,"InChI=1S/C11H12F3NO/c12-11(13,14)9-3-1-2-8(6-9)10-7-15-4-5-16-10/h1-3,6,10,15H,4-5,7H2",GXPYCYWPUGKQIJ-UHFFFAOYSA-N,231.22,231.22,2.37,21.26,1.0,2.0,0.0,1,CHEMBL578767,FLUMEXADOL,1,0.9975735068321228,True,True,True,1,False,C;F;N;O,,,False,False,16,1,False,0,0,231.217,21.26,2.3663,1,2,2,False,,True,ligands_pdbqt/CHEMBL578767.pdbqt,-8.435,completed,vina_screening_full/poses/CHEMBL578767_out.pdbqt,vina_screening_full/logs/CHEMBL578767.log,45
CHEMBL12610,BENZYDAMINE,Small molecule,4.0,,0,CN(C)CCCOc1nn(Cc2ccccc2)c2ccccc12,"InChI=1S/C19H23N3O/c1-21(2)13-8-14-23-19-17-11-6-7-12-18(17)22(20-19)15-16-9-4-3-5-10-16/h3-7,9-12H,8,13-15H2,1-2H3",CNBGNNVCVSKAQZ-UHFFFAOYSA-N,309.41,309.41,3.42,30.29,0.0,4.0,0.0,2,CHEMBL12610;CHEMBL1528134,BENZYDAMINE;BENZYDAMINE HYDROCHLORIDE,1,0.9851697087287904,True,True,True,1,False,C;N;O,,,False,False,23,7,False,0,0,309.413,30.29,3.4151000000000016,0,3,3,False,,True,ligands_pdbqt/CHEMBL12610.pdbqt,-8.42,completed,vina_screening_full/poses/CHEMBL12610_out.pdbqt,vina_screening_full/logs/CHEMBL12610.log,46
CHEMBL685,MEBENDAZOLE,Small molecule,4.0,1974.0,0,COC(=O)Nc1nc2cc(C(=O)c3ccccc3)ccc2[nH]1,"InChI=1S/C16H13N3O3/c1-22-16(21)19-15-17-12-8-7-11(9-13(12)18-15)14(20)10-5-3-2-4-6-10/h2-9H,1H3,(H2,17,18,19,21)",OPXLLQIJSORQAM-UHFFFAOYSA-N,295.3,295.3,2.97,84.08,2.0,4.0,0.0,1,CHEMBL685,MEBENDAZOLE,1,0.8660066366195679,True,True,True,1,False,C;N;O,,,False,False,22,3,False,0,0,295.298,84.07999999999998,2.972200000000001,2,4,3,False,,True,ligands_pdbqt/CHEMBL685.pdbqt,-8.389,completed,vina_screening_full/poses/CHEMBL685_out.pdbqt,vina_screening_full/logs/CHEMBL685.log,47
CHEMBL277535,BIFONAZOLE,Small molecule,4.0,,0,c1ccc(-c2ccc(C(c3ccccc3)n3ccnc3)cc2)cc1,"InChI=1S/C22H18N2/c1-3-7-18(8-4-1)19-11-13-21(14-12-19)22(24-16-15-23-17-24)20-9-5-2-6-10-20/h1-17,22H",OCAPBUJLXMYKEJ-UHFFFAOYSA-N,310.4,310.4,5.19,17.82,0.0,2.0,1.0,1,CHEMBL277535,BIFONAZOLE,1,0.6788915753364563,True,False,True,1,False,C;N,,,False,False,24,4,False,0,0,310.40000000000003,17.82,5.187800000000005,0,1,4,False,,True,ligands_pdbqt/CHEMBL277535.pdbqt,-8.384,completed,vina_screening_full/poses/CHEMBL277535_out.pdbqt,vina_screening_full/logs/CHEMBL277535.log,48
CHEMBL1289926,AXITINIB,Small molecule,4.0,2012.0,0,CNC(=O)c1ccccc1Sc1ccc2c(/C=C/c3ccccn3)n[nH]c2c1,"InChI=1S/C22H18N4OS/c1-23-22(27)18-7-2-3-8-21(18)28-16-10-11-17-19(25-26-20(17)14-16)12-9-15-6-4-5-13-24-15/h2-14H,1H3,(H,23,27)(H,25,26)/b12-9+",RITAVMQDGBJQJZ-FMIVXFBMSA-N,386.48,386.48,4.64,70.67,2.0,4.0,0.0,1,CHEMBL1289926,AXITINIB,1,0.6950487613677978,True,False,True,1,False,C;N;O;S,,,False,False,28,5,False,0,0,386.48,70.67,4.639100000000004,2,4,4,False,,True,ligands_pdbqt/CHEMBL1289926.pdbqt,-8.363,completed,vina_screening_full/poses/CHEMBL1289926_out.pdbqt,vina_screening_full/logs/CHEMBL1289926.log,49
CHEMBL1071,OXAPROZIN,Small molecule,4.0,1992.0,0,O=C(O)CCc1nc(-c2ccccc2)c(-c2ccccc2)o1,"InChI=1S/C18H15NO3/c20-16(21)12-11-15-19-17(13-7-3-1-4-8-13)18(22-15)14-9-5-2-6-10-14/h1-10H,11-12H2,(H,20,21)",OFPXSFXSNFPTHF-UHFFFAOYSA-N,293.32,293.32,4.03,63.33,1.0,3.0,0.0,2,CHEMBL1071;CHEMBL1200463,OXAPROZIN;OXAPROZIN POTASSIUM,1,0.5996499836444855,True,False,True,1,False,C;N;O,,,False,False,22,5,False,0,0,293.32200000000006,63.33,4.025800000000003,1,3,3,False,,True,ligands_pdbqt/CHEMBL1071.pdbqt,-8.355,completed,vina_screening_full/poses/CHEMBL1071_out.pdbqt,vina_screening_full/logs/CHEMBL1071.log,50
CHEMBL1089221,BENDAZAC,Small molecule,4.0,1984.0,1,O=C(O)COc1nn(Cc2ccccc2)c2ccccc12,"InChI=1S/C16H14N2O3/c19-15(20)11-21-16-13-8-4-5-9-14(13)18(17-16)10-12-6-2-1-3-7-12/h1-9H,10-11H2,(H,19,20)",BYFMCKSPFYVMOU-UHFFFAOYSA-N,282.3,282.3,2.55,64.35,1.0,4.0,0.0,1,CHEMBL1089221,BENDAZAC,1,0.841518223285675,True,True,True,1,False,C;N;O,,,False,False,21,5,False,0,0,282.29900000000004,64.35,2.548,1,3,3,False,,True,ligands_pdbqt/CHEMBL1089221.pdbqt,-8.343,completed,vina_screening_full/poses/CHEMBL1089221_out.pdbqt,vina_screening_full/logs/CHEMBL1089221.log,51
CHEMBL45,MELATONIN,Small molecule,4.0,2007.0,0,COc1ccc2[nH]cc(CCNC(C)=O)c2c1,"InChI=1S/C13H16N2O2/c1-9(16)14-6-5-10-8-15-13-4-3-11(17-2)7-12(10)13/h3-4,7-8,15H,5-6H2,1-2H3,(H,14,16)",DRLFMBDRBRZALE-UHFFFAOYSA-N,232.28,232.28,1.86,54.12,2.0,2.0,0.0,1,CHEMBL45,MELATONIN,1,0.942791438102722,True,True,True,1,False,C;N;O,,,False,False,17,4,False,0,0,232.283,54.12,1.8551,2,2,2,False,,True,ligands_pdbqt/CHEMBL45.pdbqt,-8.342,completed,vina_screening_full/poses/CHEMBL45_out.pdbqt,vina_screening_full/logs/CHEMBL45.log,52
CHEMBL815,DINOPROST,Small molecule,4.0,1982.0,0,CCCCC[C@H](O)/C=C/[C@@H]1[C@@H](C/C=C\CCCC(=O)O)[C@@H](O)C[C@H]1O,"InChI=1S/C20H34O5/c1-2-3-6-9-15(21)12-13-17-16(18(22)14-19(17)23)10-7-4-5-8-11-20(24)25/h4,7,12-13,15-19,21-23H,2-3,5-6,8-11,14H2,1H3,(H,24,25)/b7-4-,13-12+/t15-,16+,17+,18-,19+/m0/s1",PXGPLTODNUVGFL-YNNPMVKQSA-N,354.49,354.49,3.04,97.99,4.0,4.0,0.0,2,CHEMBL1200896;CHEMBL815,DINOPROST;DINOPROST TROMETHAMINE,1,0.5163513481616974,True,False,True,1,False,C;O,,,False,False,25,12,False,0,0,354.487,97.99,3.042900000000001,4,4,1,False,,True,ligands_pdbqt/CHEMBL815.pdbqt,-8.328,completed,vina_screening_full/poses/CHEMBL815_out.pdbqt,vina_screening_full/logs/CHEMBL815.log,53
CHEMBL1373,MODAFINIL,Small molecule,4.0,1998.0,0,NC(=O)C[S+]([O-])C(c1ccccc1)c1ccccc1,"InChI=1S/C15H15NO2S/c16-14(17)11-19(18)15(12-7-3-1-4-8-12)13-9-5-2-6-10-13/h1-10,15H,11H2,(H2,16,17)",YFGHCGITMMYXAQ-UHFFFAOYSA-N,273.36,273.36,2.01,66.15,1.0,2.0,0.0,1,CHEMBL1373,MODAFINIL,1,0.9312663435935974,True,True,True,1,False,C;N;O;S,,,False,False,19,5,False,0,0,273.357,66.15,2.01,1,2,2,False,,True,ligands_pdbqt/CHEMBL1373.pdbqt,-8.311,completed,vina_screening_full/poses/CHEMBL1373_out.pdbqt,vina_screening_full/logs/CHEMBL1373.log,54
CHEMBL1103,FURAZOLIDONE,Small molecule,4.0,1958.0,0,O=C1OCCN1/N=C/c1ccc([N+](=O)[O-])o1,"InChI=1S/C8H7N3O5/c12-8-10(3-4-15-8)9-5-6-1-2-7(16-6)11(13)14/h1-2,5H,3-4H2/b9-5+",PLHJDBGFXBMTGZ-WEVVVXLNSA-N,225.16,225.16,0.97,98.18,0.0,6.0,0.0,1,CHEMBL1103,FURAZOLIDONE,1,0.97507985830307,True,True,True,1,False,C;N;O,,,False,False,16,3,False,0,0,225.16,98.18,0.9739,0,6,2,False,,True,ligands_pdbqt/CHEMBL1103.pdbqt,-8.303,completed,vina_screening_full/poses/CHEMBL1103_out.pdbqt,vina_screening_full/logs/CHEMBL1103.log,55
CHEMBL3940890,ACORAMIDIS,Small molecule,4.0,2024.0,0,Cc1n[nH]c(C)c1CCCOc1cc(C(=O)O)ccc1F,"InChI=1S/C15H17FN2O3/c1-9-12(10(2)18-17-9)4-3-7-21-14-8-11(15(19)20)5-6-13(14)16/h5-6,8H,3-4,7H2,1-2H3,(H,17,18)(H,19,20)",WBFUHHBPNXWNCC-UHFFFAOYSA-N,292.31,292.31,2.88,75.21,2.0,3.0,0.0,2,CHEMBL3940890;CHEMBL4650226,ACORAMIDIS;ACORAMIDIS HYDROCHLORIDE,1,0.6142224967479706,True,False,True,1,False,C;F;N;O,,,False,False,21,6,False,0,0,292.31,75.21,2.875440000000001,2,3,2,False,,True,ligands_pdbqt/CHEMBL3940890.pdbqt,-8.303,completed,vina_screening_full/poses/CHEMBL3940890_out.pdbqt,vina_screening_full/logs/CHEMBL3940890.log,56
CHEMBL306700,VILOXAZINE,Small molecule,4.0,2021.0,0,CCOc1ccccc1OCC1CNCCO1,"InChI=1S/C13H19NO3/c1-2-15-12-5-3-4-6-13(12)17-10-11-9-14-7-8-16-11/h3-6,11,14H,2,7-10H2,1H3",YWPHCCPCQOJSGZ-UHFFFAOYSA-N,237.3,237.3,1.45,39.72,1.0,4.0,0.0,2,CHEMBL2106483;CHEMBL306700,VILOXAZINE;VILOXAZINE HYDROCHLORIDE,1,0.971776592731476,True,True,True,1,False,C;N;O,,,False,False,17,5,False,0,0,237.29899999999992,39.72,1.4525,1,4,2,False,,True,ligands_pdbqt/CHEMBL306700.pdbqt,-8.299,completed,vina_screening_full/poses/CHEMBL306700_out.pdbqt,vina_screening_full/logs/CHEMBL306700.log,57
CHEMBL396778,SAFINAMIDE,Small molecule,4.0,2015.0,0,C[C@H](NCc1ccc(OCc2cccc(F)c2)cc1)C(N)=O,"InChI=1S/C17H19FN2O2/c1-12(17(19)21)20-10-13-5-7-16(8-6-13)22-11-14-3-2-4-15(18)9-14/h2-9,12,20H,10-11H2,1H3,(H2,19,21)/t12-/m0/s1",NEMGRZFTLSKBAP-LBPRGKRZSA-N,302.35,302.35,2.37,64.35,2.0,3.0,0.0,2,CHEMBL396778;CHEMBL48582,SAFINAMIDE;SAFINAMIDE MESYLATE,1,0.9348076224327088,True,True,True,1,False,C;F;N;O,,,False,False,22,7,False,0,0,302.34900000000005,64.35,2.3681,2,3,2,False,,True,ligands_pdbqt/CHEMBL396778.pdbqt,-8.285,completed,vina_screening_full/poses/CHEMBL396778_out.pdbqt,vina_screening_full/logs/CHEMBL396778.log,58
CHEMBL1266,TETRAHYDROZOLINE,Small molecule,4.0,1979.0,0,c1ccc2c(c1)CCCC2C1=NCCN1,"InChI=1S/C13H16N2/c1-2-6-11-10(4-1)5-3-7-12(11)13-14-8-9-15-13/h1-2,4,6,12H,3,5,7-9H2,(H,14,15)",BYJAVTDNIXVSPW-UHFFFAOYSA-N,200.28,200.28,2.11,24.39,1.0,2.0,0.0,2,CHEMBL1200413;CHEMBL1266,TETRAHYDROZOLINE;TETRAHYDROZOLINE HYDROCHLORIDE,1,0.9792165756225586,True,True,True,1,False,C;N,,,False,False,15,1,False,0,0,200.285,24.39,2.1082,1,2,3,False,,True,ligands_pdbqt/CHEMBL1266.pdbqt,-8.279,completed,vina_screening_full/poses/CHEMBL1266_out.pdbqt,vina_screening_full/logs/CHEMBL1266.log,59
CHEMBL1237122,CARBOPROST,Small molecule,4.0,1979.0,0,CCCCC[C@](C)(O)/C=C/[C@@H]1[C@@H](C/C=C\CCCC(=O)O)[C@@H](O)C[C@H]1O,"InChI=1S/C21H36O5/c1-3-4-9-13-21(2,26)14-12-17-16(18(22)15-19(17)23)10-7-5-6-8-11-20(24)25/h5,7,12,14,16-19,22-23,26H,3-4,6,8-11,13,15H2,1-2H3,(H,24,25)/b7-5-,14-12+/t16-,17-,18+,19-,21+/m1/s1",DLJKPYFALUEJCK-IIELGFQLSA-N,368.51,368.51,3.43,97.99,4.0,4.0,0.0,2,CHEMBL1237105;CHEMBL1237122,CARBOPROST;CARBOPROST TROMETHAMINE,1,0.5665594041347504,True,False,True,1,False,C;O,,,False,False,26,12,False,0,0,368.51400000000007,97.99,3.433000000000002,4,4,1,False,,True,ligands_pdbqt/CHEMBL1237122.pdbqt,-8.272,completed,vina_screening_full/poses/CHEMBL1237122_out.pdbqt,vina_screening_full/logs/CHEMBL1237122.log,60
CHEMBL2106794,NAFTAZONE,Small molecule,4.0,,1,NC(=O)N/N=C1\C=Cc2ccccc2C1=O,"InChI=1S/C11H9N3O2/c12-11(16)14-13-9-6-5-7-3-1-2-4-8(7)10(9)15/h1-6H,(H3,12,14,16)/b13-9+",TZGBBMBARSFJBG-UKTHLTGXSA-N,215.21,215.21,0.92,84.55,2.0,3.0,0.0,1,CHEMBL2106794,NAFTAZONE,1,0.9602044343948364,True,True,True,1,False,C;N;O,,,False,False,16,1,False,0,0,215.212,84.55000000000001,0.9204000000000004,2,3,2,False,,True,ligands_pdbqt/CHEMBL2106794.pdbqt,-8.251,completed,vina_screening_full/poses/CHEMBL2106794_out.pdbqt,vina_screening_full/logs/CHEMBL2106794.log,61
CHEMBL1201338,CYCLOPENTOLATE,Small molecule,4.0,1974.0,0,CN(C)CCOC(=O)C(c1ccccc1)C1(O)CCCC1,"InChI=1S/C17H25NO3/c1-18(2)12-13-21-16(19)15(14-8-4-3-5-9-14)17(20)10-6-7-11-17/h3-5,8-9,15,20H,6-7,10-13H2,1-2H3",SKYSRIRYMSLOIN-UHFFFAOYSA-N,291.39,291.39,2.18,49.77,1.0,4.0,0.0,2,CHEMBL1200473;CHEMBL1201338,CYCLOPENTOLATE;CYCLOPENTOLATE HYDROCHLORIDE,1,0.9488682627677918,True,True,True,1,False,C;N;O,,,False,False,21,6,False,0,0,291.39100000000013,49.77,2.1801000000000004,1,4,2,False,,True,ligands_pdbqt/CHEMBL1201338.pdbqt,-8.241,completed,vina_screening_full/poses/CHEMBL1201338_out.pdbqt,vina_screening_full/logs/CHEMBL1201338.log,62
CHEMBL1224,ACRIVASTINE,Small molecule,4.0,1994.0,0,Cc1ccc(/C(=C\CN2CCCC2)c2cccc(/C=C/C(=O)O)n2)cc1,"InChI=1S/C22H24N2O2/c1-17-7-9-18(10-8-17)20(13-16-24-14-2-3-15-24)21-6-4-5-19(23-21)11-12-22(25)26/h4-13H,2-3,14-16H2,1H3,(H,25,26)/b12-11+,20-13+",PWACSDKDOHSSQD-IUTFFREVSA-N,348.45,348.45,4.02,53.43,1.0,3.0,0.0,1,CHEMBL1224,ACRIVASTINE,1,0.7530290365219117,True,False,True,1,False,C;N;O,,,False,False,26,6,False,0,0,348.446,53.43000000000001,4.015320000000003,1,3,3,False,,True,ligands_pdbqt/CHEMBL1224.pdbqt,-8.239,completed,vina_screening_full/poses/CHEMBL1224_out.pdbqt,vina_screening_full/logs/CHEMBL1224.log,63
CHEMBL1256841,NIALAMIDE,Small molecule,4.0,,1,O=C(CCNNC(=O)c1ccncc1)NCc1ccccc1,"InChI=1S/C16H18N4O2/c21-15(18-12-13-4-2-1-3-5-13)8-11-19-20-16(22)14-6-9-17-10-7-14/h1-7,9-10,19H,8,11-12H2,(H,18,21)(H,20,22)",NOIIUHRQUVNIDD-UHFFFAOYSA-N,298.35,298.35,1.02,83.12,3.0,4.0,0.0,1,CHEMBL1256841,NIALAMIDE,1,0.7765448093414307,True,False,True,1,False,C;N;O,,,False,False,22,7,False,0,0,298.346,83.12,1.0224999999999989,3,4,2,False,,True,ligands_pdbqt/CHEMBL1256841.pdbqt,-8.233,completed,vina_screening_full/poses/CHEMBL1256841_out.pdbqt,vina_screening_full/logs/CHEMBL1256841.log,64
CHEMBL225072,PEMETREXED,Small molecule,4.0,2004.0,0,Nc1nc2[nH]cc(CCc3ccc(C(=O)N[C@@H](CCC(=O)O)C(=O)O)cc3)c2c(=O)[nH]1,"InChI=1S/C20H21N5O6/c21-20-24-16-15(18(29)25-20)12(9-22-16)6-3-10-1-4-11(5-2-10)17(28)23-13(19(30)31)7-8-14(26)27/h1-2,4-5,9,13H,3,6-8H2,(H,23,28)(H,26,27)(H,30,31)(H4,21,22,24,25,29)/t13-/m0/s1",WBXPDJSOTKVWSJ-ZDUSSCGKSA-N,427.42,427.42,0.67,191.26,6.0,6.0,1.0,6,CHEMBL225072;CHEMBL2360464;CHEMBL3989962;CHEMBL5315053;CHEMBL6068329;CHEMBL6068335,PEMETREXED;PEMETREXED DIPOTASSIUM;PEMETREXED DISODIUM;PEMETREXED DISODIUM HEMIPENTAHYDRATE;PEMETREXED MONOHYDRATE;PEMETREXED TROMETHAMINE,1,0.6461461782455444,True,False,True,1,False,C;N;O,,,False,False,31,9,False,0,0,427.41700000000014,191.26,0.6664000000000003,6,6,3,False,,True,ligands_pdbqt/CHEMBL225072.pdbqt,-8.225,completed,vina_screening_full/poses/CHEMBL225072_out.pdbqt,vina_screening_full/logs/CHEMBL225072.log,65
CHEMBL1297,FENOPROFEN,Small molecule,4.0,1976.0,0,CC(C(=O)O)c1cccc(Oc2ccccc2)c1,"InChI=1S/C15H14O3/c1-11(15(16)17)12-6-5-9-14(10-12)18-13-7-3-2-4-8-13/h2-11H,1H3,(H,16,17)",RDJGLLICXDHJDY-UHFFFAOYSA-N,242.27,242.27,3.67,46.53,1.0,2.0,0.0,2,CHEMBL1297;CHEMBL2103736,FENOPROFEN;FENOPROFEN CALCIUM,1,0.5126478791236877,True,False,True,1,False,C;O,,,False,False,18,4,False,0,0,242.274,46.53,3.6670000000000016,1,2,2,False,,True,ligands_pdbqt/CHEMBL1297.pdbqt,-8.194,completed,vina_screening_full/poses/CHEMBL1297_out.pdbqt,vina_screening_full/logs/CHEMBL1297.log,66
CHEMBL1201217,DYCLONINE,Small molecule,4.0,1982.0,0,CCCCOc1ccc(C(=O)CCN2CCCCC2)cc1,"InChI=1S/C18H27NO2/c1-2-3-15-21-17-9-7-16(8-10-17)18(20)11-14-19-12-5-4-6-13-19/h7-10H,2-6,11-15H2,1H3",BZEWSEKUUPWQDQ-UHFFFAOYSA-N,289.42,289.42,3.92,29.54,0.0,3.0,0.0,2,CHEMBL1200478;CHEMBL1201217,DYCLONINE;DYCLONINE HYDROCHLORIDE,1,0.9533697962760924,True,True,True,1,False,C;N;O,,,False,False,21,8,False,0,0,289.4189999999999,29.54,3.924200000000004,0,3,2,False,,True,ligands_pdbqt/CHEMBL1201217.pdbqt,-8.189,completed,vina_screening_full/poses/CHEMBL1201217_out.pdbqt,vina_screening_full/logs/CHEMBL1201217.log,67
CHEMBL494,ILOPROST,Small molecule,4.0,2003.0,0,CC#CCC(C)[C@H](O)/C=C/[C@@H]1[C@H]2C/C(=C/CCCC(=O)O)C[C@H]2C[C@H]1O,"InChI=1S/C22H32O4/c1-3-4-7-15(2)20(23)11-10-18-19-13-16(8-5-6-9-22(25)26)12-17(19)14-21(18)24/h8,10-11,15,17-21,23-24H,5-7,9,12-14H2,1-2H3,(H,25,26)/b11-10+,16-8+/t15?,17-,18+,19-,20+,21+/m0/s1",HIFJCPQKFCZDDL-ACWOEMLNSA-N,360.49,360.49,3.54,77.76,3.0,3.0,0.0,2,CHEMBL494;CHEMBL5315118,ILOPROST;ILOPROST TROMETHAMINE,1,0.6179232001304626,True,False,True,1,False,C;O,,,False,False,26,8,False,0,0,360.4940000000001,77.76,3.541300000000003,3,3,2,False,,True,ligands_pdbqt/CHEMBL494.pdbqt,-8.184,completed,vina_screening_full/poses/CHEMBL494_out.pdbqt,vina_screening_full/logs/CHEMBL494.log,68
CHEMBL1194,PRILOCAINE,Small molecule,4.0,1965.0,0,CCCNC(C)C(=O)Nc1ccccc1C,"InChI=1S/C13H20N2O/c1-4-9-14-11(3)13(16)15-12-8-6-5-7-10(12)2/h5-8,11,14H,4,9H2,1-3H3,(H,15,16)",MVFGUOIZUNYYSO-UHFFFAOYSA-N,220.32,220.32,2.32,41.13,2.0,2.0,0.0,2,CHEMBL1194;CHEMBL1200586,PRILOCAINE;PRILOCAINE HYDROCHLORIDE,1,0.9831817507743836,True,True,True,1,False,C;N;O,,,False,False,16,5,False,0,0,220.316,41.13,2.32162,2,2,1,False,,True,ligands_pdbqt/CHEMBL1194.pdbqt,-8.164,completed,vina_screening_full/poses/CHEMBL1194_out.pdbqt,vina_screening_full/logs/CHEMBL1194.log,69
CHEMBL2110588,ELIGLUSTAT,Small molecule,4.0,2014.0,0,CCCCCCCC(=O)N[C@H](CN1CCCC1)[C@H](O)c1ccc2c(c1)OCCO2,"InChI=1S/C23H36N2O4/c1-2-3-4-5-6-9-22(26)24-19(17-25-12-7-8-13-25)23(27)18-10-11-20-21(16-18)29-15-14-28-20/h10-11,16,19,23,27H,2-9,12-15,17H2,1H3,(H,24,26)/t19-,23-/m1/s1",FJZZPCZKBUKGGU-AUSIDOKSSA-N,404.55,404.55,3.43,71.03,2.0,5.0,0.0,2,CHEMBL2110588;CHEMBL5723563,ELIGLUSTAT;ELIGLUSTAT TARTRATE,1,0.744149672985077,True,False,True,1,False,C;N;O,,,False,False,29,11,False,0,0,404.55100000000016,71.03000000000002,3.4323000000000023,2,5,3,False,,True,ligands_pdbqt/CHEMBL2110588.pdbqt,-8.163,completed,vina_screening_full/poses/CHEMBL2110588_out.pdbqt,vina_screening_full/logs/CHEMBL2110588.log,70
CHEMBL1197,HEXYLCAINE,Small molecule,4.0,1982.0,0,CC(CNC1CCCCC1)OC(=O)c1ccccc1,"InChI=1S/C16H23NO2/c1-13(12-17-15-10-6-3-7-11-15)19-16(18)14-8-4-2-5-9-14/h2,4-5,8-9,13,15,17H,3,6-7,10-12H2,1H3",DKLKMKYDWHYZTD-UHFFFAOYSA-N,261.36,261.36,3.15,38.33,1.0,3.0,0.0,2,CHEMBL1197;CHEMBL1200715,HEXYLCAINE;HEXYLCAINE HYDROCHLORIDE,1,0.9414594650268556,True,True,True,1,False,C;N;O,,,False,False,19,5,False,0,0,261.365,38.33,3.154200000000002,1,3,2,False,,True,ligands_pdbqt/CHEMBL1197.pdbqt,-8.154,completed,vina_screening_full/poses/CHEMBL1197_out.pdbqt,vina_screening_full/logs/CHEMBL1197.log,71
CHEMBL1073,GLIPIZIDE,Small molecule,4.0,1984.0,0,Cc1cnc(C(=O)NCCc2ccc(S(=O)(=O)NC(=O)NC3CCCCC3)cc2)cn1,"InChI=1S/C21H27N5O4S/c1-15-13-24-19(14-23-15)20(27)22-12-11-16-7-9-18(10-8-16)31(29,30)26-21(28)25-17-5-3-2-4-6-17/h7-10,13-14,17H,2-6,11-12H2,1H3,(H,22,27)(H2,25,26,28)",ZJJXGWJIGJFDTL-UHFFFAOYSA-N,445.55,445.55,2.08,130.15,3.0,6.0,0.0,1,CHEMBL1073,GLIPIZIDE,1,0.7531992793083191,True,False,True,1,False,C;N;O;S,,,False,False,31,7,False,0,0,445.5450000000002,130.14999999999998,2.07812,3,6,3,False,,True,ligands_pdbqt/CHEMBL1073.pdbqt,-8.137,completed,vina_screening_full/poses/CHEMBL1073_out.pdbqt,vina_screening_full/logs/CHEMBL1073.log,72
CHEMBL657,DIPHENHYDRAMINE,Small molecule,4.0,1946.0,0,CN(C)CCOC(c1ccccc1)c1ccccc1,"InChI=1S/C17H21NO/c1-18(2)13-14-19-17(15-9-5-3-6-10-15)16-11-7-4-8-12-16/h3-12,17H,13-14H2,1-2H3",ZZVUWRFHKOJYTH-UHFFFAOYSA-N,255.36,255.36,3.35,12.47,0.0,2.0,0.0,3,CHEMBL1201089;CHEMBL1620;CHEMBL657,DIPHENHYDRAMINE;DIPHENHYDRAMINE CITRATE;DIPHENHYDRAMINE HYDROCHLORIDE,1,0.9743337512016296,True,True,True,1,False,C;N;O,,,False,False,19,6,False,0,0,255.361,12.47,3.3542000000000023,0,2,2,False,,True,ligands_pdbqt/CHEMBL657.pdbqt,-8.133,completed,vina_screening_full/poses/CHEMBL657_out.pdbqt,vina_screening_full/logs/CHEMBL657.log,73
CHEMBL1231,OXYBUTYNIN,Small molecule,4.0,1975.0,0,CCN(CC)CC#CCOC(=O)C(O)(c1ccccc1)C1CCCCC1,"InChI=1S/C22H31NO3/c1-3-23(4-2)17-11-12-18-26-21(24)22(25,19-13-7-5-8-14-19)20-15-9-6-10-16-20/h5,7-8,13-14,20,25H,3-4,6,9-10,15-18H2,1-2H3",XIQVNETUBQGFHX-UHFFFAOYSA-N,357.49,357.49,3.34,49.77,1.0,4.0,0.0,2,CHEMBL1133;CHEMBL1231,OXYBUTYNIN;OXYBUTYNIN CHLORIDE,1,0.9444483637809752,True,True,True,1,False,C;N;O,,,False,False,26,7,False,0,0,357.4940000000002,49.77,3.342900000000002,1,4,2,False,,True,ligands_pdbqt/CHEMBL1231.pdbqt,-8.125,completed,vina_screening_full/poses/CHEMBL1231_out.pdbqt,vina_screening_full/logs/CHEMBL1231.log,74
CHEMBL2205807,ABAMETAPIR,Small molecule,4.0,2020.0,0,Cc1ccc(-c2ccc(C)cn2)nc1,"InChI=1S/C12H12N2/c1-9-3-5-11(13-7-9)12-6-4-10(2)8-14-12/h3-8H,1-2H3",PTRATZCAGVBFIQ-UHFFFAOYSA-N,184.24,184.24,2.76,25.78,0.0,2.0,0.0,1,CHEMBL2205807,ABAMETAPIR,1,0.954883623123169,True,True,True,1,False,C;N,,,False,False,14,1,False,0,0,184.242,25.78,2.760440000000001,0,2,2,False,,True,ligands_pdbqt/CHEMBL2205807.pdbqt,-8.124,completed,vina_screening_full/poses/CHEMBL2205807_out.pdbqt,vina_screening_full/logs/CHEMBL2205807.log,75
CHEMBL1788386,TETRAMETHRIN,Small molecule,4.0,,1,CC(C)=CC1C(C(=O)OCN2C(=O)C3=C(CCCC3)C2=O)C1(C)C,"InChI=1S/C19H25NO4/c1-11(2)9-14-15(19(14,3)4)18(23)24-10-20-16(21)12-7-5-6-8-13(12)17(20)22/h9,14-15H,5-8,10H2,1-4H3",CXBMCYHAMVGWJQ-UHFFFAOYSA-N,331.41,331.41,2.96,63.68,0.0,4.0,0.0,1,CHEMBL1788386,TETRAMETHRIN,1,0.9876797080039978,True,True,True,1,False,C;N;O,,,False,False,24,4,False,0,0,331.4120000000001,63.68,2.964900000000002,0,4,3,False,,True,ligands_pdbqt/CHEMBL1788386.pdbqt,-8.12,completed,vina_screening_full/poses/CHEMBL1788386_out.pdbqt,vina_screening_full/logs/CHEMBL1788386.log,76
CHEMBL435298,ESFLURBIPROFEN,Small molecule,4.0,2015.0,0,C[C@H](C(=O)O)c1ccc(-c2ccccc2)c(F)c1,"InChI=1S/C15H13FO2/c1-10(15(17)18)12-7-8-13(14(16)9-12)11-5-3-2-4-6-11/h2-10H,1H3,(H,17,18)/t10-/m0/s1",SYTBZMRGLBWNTM-JTQLQIEISA-N,244.26,244.26,3.68,37.3,1.0,1.0,0.0,1,CHEMBL435298,ESFLURBIPROFEN,1,0.6970068037509918,True,False,True,1,False,C;F;O,,,False,False,18,3,False,0,0,244.265,37.3,3.6808000000000014,1,1,2,False,,True,ligands_pdbqt/CHEMBL435298.pdbqt,-8.115,completed,vina_screening_full/poses/CHEMBL435298_out.pdbqt,vina_screening_full/logs/CHEMBL435298.log,77
CHEMBL625,THIABENDAZOLE,Small molecule,4.0,1967.0,0,c1ccc2[nH]c(-c3cscn3)nc2c1,"InChI=1S/C10H7N3S/c1-2-4-8-7(3-1)12-10(13-8)9-5-14-6-11-9/h1-6H,(H,12,13)",WJCNZQLZVWNLKY-UHFFFAOYSA-N,201.25,201.25,2.69,41.57,1.0,3.0,0.0,1,CHEMBL625,THIABENDAZOLE,1,0.8959106802940369,True,True,True,1,False,C;N;S,,,False,False,14,1,False,0,0,201.254,41.57,2.6864,1,3,3,False,,True,ligands_pdbqt/CHEMBL625.pdbqt,-8.108,completed,vina_screening_full/poses/CHEMBL625_out.pdbqt,vina_screening_full/logs/CHEMBL625.log,78
CHEMBL595,PIOGLITAZONE,Small molecule,4.0,1999.0,0,CCc1ccc(CCOc2ccc(CC3SC(=O)NC3=O)cc2)nc1,"InChI=1S/C19H20N2O3S/c1-2-13-3-6-15(20-12-13)9-10-24-16-7-4-14(5-8-16)11-17-18(22)21-19(23)25-17/h3-8,12,17H,2,9-11H2,1H3,(H,21,22,23)",HYAFETHFCAUJAY-UHFFFAOYSA-N,356.45,356.45,3.16,68.29,1.0,5.0,0.0,2,CHEMBL1715;CHEMBL595,PIOGLITAZONE;PIOGLITAZONE HYDROCHLORIDE,1,0.9213068842887878,True,True,True,1,False,C;N;O;S,,,False,False,25,7,False,0,0,356.44700000000006,68.28999999999999,3.159600000000001,1,5,3,False,,True,ligands_pdbqt/CHEMBL595.pdbqt,-8.102,completed,vina_screening_full/poses/CHEMBL595_out.pdbqt,vina_screening_full/logs/CHEMBL595.log,79
CHEMBL753,PHENOXYBENZAMINE,Small molecule,4.0,1953.0,0,CC(COc1ccccc1)N(CCCl)Cc1ccccc1,"InChI=1S/C18H22ClNO/c1-16(15-21-18-10-6-3-7-11-18)20(13-12-19)14-17-8-4-2-5-9-17/h2-11,16H,12-15H2,1H3",QZVCTJOXCFMACW-UHFFFAOYSA-N,303.83,303.83,4.19,12.47,0.0,2.0,0.0,2,CHEMBL1200787;CHEMBL753,PHENOXYBENZAMINE;PHENOXYBENZAMINE HYDROCHLORIDE,1,0.9030487537384032,True,True,True,1,False,C;Cl;N;O,,,False,False,21,8,False,0,0,303.833,12.47,4.194900000000003,0,2,2,False,,True,ligands_pdbqt/CHEMBL753.pdbqt,-8.101,completed,vina_screening_full/poses/CHEMBL753_out.pdbqt,vina_screening_full/logs/CHEMBL753.log,80
CHEMBL761,NAPHAZOLINE,Small molecule,4.0,1971.0,0,c1ccc2c(CC3=NCCN3)cccc2c1,"InChI=1S/C14H14N2/c1-2-7-13-11(4-1)5-3-6-12(13)10-14-15-8-9-16-14/h1-7H,8-10H2,(H,15,16)",CNIIGCLFLJGOGP-UHFFFAOYSA-N,210.28,210.28,2.38,24.39,1.0,2.0,0.0,2,CHEMBL1706;CHEMBL761,NAPHAZOLINE;NAPHAZOLINE HYDROCHLORIDE,1,0.9797003626823424,True,True,True,1,False,C;N,,,False,False,16,2,False,0,0,210.28000000000003,24.39,2.3840000000000003,1,2,3,False,,True,ligands_pdbqt/CHEMBL761.pdbqt,-8.097,completed,vina_screening_full/poses/CHEMBL761_out.pdbqt,vina_screening_full/logs/CHEMBL761.log,81
CHEMBL43452,POMALIDOMIDE,Small molecule,4.0,2013.0,0,Nc1cccc2c1C(=O)N(C1CCC(=O)NC1=O)C2=O,"InChI=1S/C13H11N3O4/c14-7-3-1-2-6-10(7)13(20)16(12(6)19)8-4-5-9(17)15-11(8)18/h1-3,8H,4-5,14H2,(H,15,17,18)",UVSMNLNDYGZFPF-UHFFFAOYSA-N,273.25,273.25,-0.33,109.57,2.0,5.0,0.0,1,CHEMBL43452,POMALIDOMIDE,1,0.94663006067276,True,True,True,1,False,C;N;O,,,False,False,20,1,False,0,0,273.248,109.57,-0.3299999999999998,2,5,3,False,,True,ligands_pdbqt/CHEMBL43452.pdbqt,-8.092,completed,vina_screening_full/poses/CHEMBL43452_out.pdbqt,vina_screening_full/logs/CHEMBL43452.log,82
CHEMBL121,ROSIGLITAZONE,Small molecule,4.0,1999.0,1,CN(CCOc1ccc(CC2SC(=O)NC2=O)cc1)c1ccccn1,"InChI=1S/C18H19N3O3S/c1-21(16-4-2-3-9-19-16)10-11-24-14-7-5-13(6-8-14)12-15-17(22)20-18(23)25-15/h2-9,15H,10-12H2,1H3,(H,20,22,23)",YASAKCUCGLMORW-UHFFFAOYSA-N,357.44,357.44,2.49,71.53,1.0,6.0,0.0,2,CHEMBL121;CHEMBL843,ROSIGLITAZONE;ROSIGLITAZONE MALEATE,1,0.9274978876113892,True,True,True,1,False,C;N;O;S,,,False,False,25,7,False,0,0,357.435,71.53,2.490900000000001,1,6,3,False,,True,ligands_pdbqt/CHEMBL121.pdbqt,-8.086,completed,vina_screening_full/poses/CHEMBL121_out.pdbqt,vina_screening_full/logs/CHEMBL121.log,83
CHEMBL1051,LATANOPROST,Small molecule,4.0,1996.0,0,CC(C)OC(=O)CCC/C=C\C[C@@H]1[C@@H](CC[C@@H](O)CCc2ccccc2)[C@H](O)C[C@@H]1O,"InChI=1S/C26H40O5/c1-19(2)31-26(30)13-9-4-3-8-12-22-23(25(29)18-24(22)28)17-16-21(27)15-14-20-10-6-5-7-11-20/h3,5-8,10-11,19,21-25,27-29H,4,9,12-18H2,1-2H3/b8-3-/t21-,22+,23+,24-,25+/m0/s1",GGXICVAJURFBLW-CEYXHVGTSA-N,432.6,432.6,4.19,86.99,3.0,5.0,0.0,1,CHEMBL1051,LATANOPROST,1,0.5172920763492584,True,False,True,1,False,C;O,,,False,False,31,13,False,0,0,432.60100000000017,86.99000000000001,4.186400000000005,3,5,2,False,,True,ligands_pdbqt/CHEMBL1051.pdbqt,-8.058,completed,vina_screening_full/poses/CHEMBL1051_out.pdbqt,vina_screening_full/logs/CHEMBL1051.log,84
CHEMBL563,FLURBIPROFEN,Small molecule,4.0,1986.0,0,CC(C(=O)O)c1ccc(-c2ccccc2)c(F)c1,"InChI=1S/C15H13FO2/c1-10(15(17)18)12-7-8-13(14(16)9-12)11-5-3-2-4-6-11/h2-10H,1H3,(H,17,18)",SYTBZMRGLBWNTM-UHFFFAOYSA-N,244.26,244.26,3.68,37.3,1.0,1.0,0.0,2,CHEMBL3989754;CHEMBL563,FLURBIPROFEN;FLURBIPROFEN SODIUM,1,0.6934967458248138,True,False,True,1,False,C;F;O,,,False,False,18,3,False,0,0,244.265,37.3,3.6808000000000014,1,1,2,False,,True,ligands_pdbqt/CHEMBL563.pdbqt,-8.056,completed,vina_screening_full/poses/CHEMBL563_out.pdbqt,vina_screening_full/logs/CHEMBL563.log,85
CHEMBL3301607,FILGOTINIB,Small molecule,4.0,2020.0,0,O=C(Nc1nc2cccc(-c3ccc(CN4CCS(=O)(=O)CC4)cc3)n2n1)C1CC1,"InChI=1S/C21H23N5O3S/c27-20(17-8-9-17)23-21-22-19-3-1-2-18(26(19)24-21)16-6-4-15(5-7-16)14-25-10-12-30(28,29)13-11-25/h1-7,17H,8-14H2,(H,23,24,27)",RIJLVEAXPNLDTC-UHFFFAOYSA-N,425.51,425.51,1.98,96.67,1.0,7.0,0.0,2,CHEMBL3301607;CHEMBL4298167,FILGOTINIB;FILGOTINIB MALEATE,1,0.8469727754592895,True,True,True,1,False,C;N;O;S,,,False,False,30,5,False,0,0,425.5140000000002,96.67,1.9752,1,6,5,False,,True,ligands_pdbqt/CHEMBL3301607.pdbqt,-8.048,completed,vina_screening_full/poses/CHEMBL3301607_out.pdbqt,vina_screening_full/logs/CHEMBL3301607.log,86
CHEMBL483254,PANOBINOSTAT,Small molecule,4.0,2015.0,0,Cc1[nH]c2ccccc2c1CCNCc1ccc(/C=C/C(=O)NO)cc1,"InChI=1S/C21H23N3O2/c1-15-18(19-4-2-3-5-20(19)23-15)12-13-22-14-17-8-6-16(7-9-17)10-11-21(25)24-26/h2-11,22-23,26H,12-14H2,1H3,(H,24,25)/b11-10+",FPOHNWQLNRZRFC-ZHACJKMWSA-N,349.43,349.43,3.33,77.15,4.0,3.0,0.0,2,CHEMBL3545368;CHEMBL483254,PANOBINOSTAT;PANOBINOSTAT LACTATE,1,0.933711302280426,True,True,True,1,False,C;N;O,,,False,False,26,7,False,0,0,349.434,77.15,3.3272200000000014,4,3,3,False,,True,ligands_pdbqt/CHEMBL483254.pdbqt,-8.047,completed,vina_screening_full/poses/CHEMBL483254_out.pdbqt,vina_screening_full/logs/CHEMBL483254.log,87
CHEMBL291338,"3,3',4',5-TETRACHLOROSALICYLANILIDE",Small molecule,4.0,,1,O=C(Nc1ccc(Cl)c(Cl)c1)c1cc(Cl)cc(Cl)c1O,"InChI=1S/C13H7Cl4NO2/c14-6-3-8(12(19)11(17)4-6)13(20)18-7-1-2-9(15)10(16)5-7/h1-5,19H,(H,18,20)",SJQBHPJLLIJASD-UHFFFAOYSA-N,351.02,351.02,5.26,49.33,2.0,2.0,1.0,1,CHEMBL291338,"3,3',4',5-TETRACHLOROSALICYLANILIDE",1,0.5104481935501098,True,False,True,1,False,C;Cl;N;O,,,False,False,20,2,False,0,0,351.0160000000001,49.33,5.258100000000002,2,2,2,False,,True,ligands_pdbqt/CHEMBL291338.pdbqt,-8.04,completed,vina_screening_full/poses/CHEMBL291338_out.pdbqt,vina_screening_full/logs/CHEMBL291338.log,88
CHEMBL98,VORINOSTAT,Small molecule,4.0,2006.0,0,O=C(CCCCCCC(=O)Nc1ccccc1)NO,"InChI=1S/C14H20N2O3/c17-13(15-12-8-4-3-5-9-12)10-6-1-2-7-11-14(18)16-19/h3-5,8-9,19H,1-2,6-7,10-11H2,(H,15,17)(H,16,18)",WAEXFXRVDQXREF-UHFFFAOYSA-N,264.32,264.32,2.47,78.43,3.0,3.0,0.0,1,CHEMBL98,VORINOSTAT,1,0.9632374048233032,True,True,True,1,False,C;N;O,,,False,False,19,8,False,0,0,264.32500000000005,78.43,2.4711,3,3,1,False,,True,ligands_pdbqt/CHEMBL98.pdbqt,-7.995,completed,vina_screening_full/poses/CHEMBL98_out.pdbqt,vina_screening_full/logs/CHEMBL98.log,89
CHEMBL839,CARTEOLOL,Small molecule,4.0,1988.0,0,CC(C)(C)NCC(O)COc1cccc2c1CCC(=O)N2,"InChI=1S/C16H24N2O3/c1-16(2,3)17-9-11(19)10-21-14-6-4-5-13-12(14)7-8-15(20)18-13/h4-6,11,17,19H,7-10H2,1-3H3,(H,18,20)",LWAFSWPYPHEXKX-UHFFFAOYSA-N,292.38,292.38,1.7,70.59,3.0,4.0,0.0,2,CHEMBL1201002;CHEMBL839,CARTEOLOL;CARTEOLOL HYDROCHLORIDE,1,0.8755180597305298,True,True,True,1,False,C;N;O,,,False,False,21,5,False,0,0,292.379,70.58999999999999,1.6990999999999998,3,4,2,False,,True,ligands_pdbqt/CHEMBL839.pdbqt,-7.979,completed,vina_screening_full/poses/CHEMBL839_out.pdbqt,vina_screening_full/logs/CHEMBL839.log,90
CHEMBL2105345,PROPANIDID,Small molecule,4.0,,1,CCCOC(=O)Cc1ccc(OCC(=O)N(CC)CC)c(OC)c1,"InChI=1S/C18H27NO5/c1-5-10-23-18(21)12-14-8-9-15(16(11-14)22-4)24-13-17(20)19(6-2)7-3/h8-9,11H,5-7,10,12-13H2,1-4H3",KEJXLQUPYHWCNM-UHFFFAOYSA-N,337.42,337.42,2.44,65.07,0.0,5.0,0.0,1,CHEMBL2105345,PROPANIDID,1,0.9344502568244936,True,True,True,1,False,C;N;O,,,False,False,24,10,False,0,0,337.41600000000005,65.07000000000001,2.4381000000000004,0,5,1,False,,True,ligands_pdbqt/CHEMBL2105345.pdbqt,-7.974,completed,vina_screening_full/poses/CHEMBL2105345_out.pdbqt,vina_screening_full/logs/CHEMBL2105345.log,91
CHEMBL1201117,METHOCARBAMOL,Small molecule,4.0,1957.0,0,COc1ccccc1OCC(O)COC(N)=O,"InChI=1S/C11H15NO5/c1-15-9-4-2-3-5-10(9)16-6-8(13)7-17-11(12)14/h2-5,8,13H,6-7H2,1H3,(H2,12,14)",GNXFOGHNGIVQEH-UHFFFAOYSA-N,241.24,241.24,0.53,91.01,2.0,5.0,0.0,1,CHEMBL1201117,METHOCARBAMOL,1,0.988158631324768,True,True,True,1,False,C;N;O,,,False,False,17,6,False,0,0,241.243,91.01,0.5302000000000002,2,5,1,False,,True,ligands_pdbqt/CHEMBL1201117.pdbqt,-7.973,completed,vina_screening_full/poses/CHEMBL1201117_out.pdbqt,vina_screening_full/logs/CHEMBL1201117.log,92
CHEMBL41355,EZOGABINE,Small molecule,4.0,2011.0,0,CCOC(=O)Nc1ccc(NCc2ccc(F)cc2)cc1N,"InChI=1S/C16H18FN3O2/c1-2-22-16(21)20-15-8-7-13(9-14(15)18)19-10-11-3-5-12(17)6-4-11/h3-9,19H,2,10,18H2,1H3,(H,20,21)",PCOBBVZJEWWZFR-UHFFFAOYSA-N,303.34,303.34,3.59,76.38,3.0,4.0,0.0,1,CHEMBL41355,EZOGABINE,1,0.9332177400588988,True,True,True,1,False,C;F;N;O,,,False,False,22,5,False,0,0,303.33700000000005,76.38,3.588400000000001,3,4,2,False,,True,ligands_pdbqt/CHEMBL41355.pdbqt,-7.973,completed,vina_screening_full/poses/CHEMBL41355_out.pdbqt,vina_screening_full/logs/CHEMBL41355.log,93
CHEMBL2095209,ICOSAPENT ETHYL,Small molecule,4.0,2012.0,0,CC/C=C\C/C=C\C/C=C\C/C=C\C/C=C\CCCC(=O)OCC,"InChI=1S/C22H34O2/c1-3-5-6-7-8-9-10-11-12-13-14-15-16-17-18-19-20-21-22(23)24-4-2/h5-6,8-9,11-12,14-15,17-18H,3-4,7,10,13,16,19-21H2,1-2H3/b6-5-,9-8-,12-11-,15-14-,18-17-",SSQPWTVBQMWLSZ-AAQCHOMXSA-N,330.51,330.51,6.47,26.3,0.0,2.0,1.0,1,CHEMBL2095209,ICOSAPENT ETHYL,1,0.9642890572547912,True,True,True,1,False,C;O,,,False,False,24,14,False,0,0,330.5120000000001,26.3,6.471200000000007,0,2,0,False,,True,ligands_pdbqt/CHEMBL2095209.pdbqt,-7.971,completed,vina_screening_full/poses/CHEMBL2095209_out.pdbqt,vina_screening_full/logs/CHEMBL2095209.log,94
CHEMBL54976,TRYPTOPHAN,Small molecule,4.0,,1,N[C@@H](Cc1c[nH]c2ccccc12)C(=O)O,"InChI=1S/C11H12N2O2/c12-9(11(14)15)5-7-6-13-10-4-2-1-3-8(7)10/h1-4,6,9,13H,5,12H2,(H,14,15)/t9-/m0/s1",QIVBCDIJIAJPQS-VIFPVBQESA-N,204.23,204.23,1.12,79.11,3.0,2.0,0.0,1,CHEMBL54976,TRYPTOPHAN,1,0.879928982257843,True,True,True,1,False,C;N;O,,,False,False,15,3,False,0,0,204.229,79.11,1.1223000000000003,3,2,2,False,,True,ligands_pdbqt/CHEMBL54976.pdbqt,-7.967,completed,vina_screening_full/poses/CHEMBL54976_out.pdbqt,vina_screening_full/logs/CHEMBL54976.log,95
CHEMBL1481,GLIMEPIRIDE,Small molecule,4.0,1995.0,0,CCC1=C(C)CN(C(=O)NCCc2ccc(S(=O)(=O)NC(=O)N[C@H]3CC[C@H](C)CC3)cc2)C1=O,"InChI=1S/C24H34N4O5S/c1-4-21-17(3)15-28(22(21)29)24(31)25-14-13-18-7-11-20(12-8-18)34(32,33)27-23(30)26-19-9-5-16(2)6-10-19/h7-8,11-12,16,19H,4-6,9-10,13-15H2,1-3H3,(H,25,31)(H2,26,27,30)/t16-,19-",WIGIZIANZCJQQY-RUCARUNLSA-N,490.63,490.63,3.07,124.68,3.0,5.0,0.0,1,CHEMBL1481,GLIMEPIRIDE,1,0.7950963258743287,True,False,True,1,False,C;N;O;S,,,False,False,34,7,False,0,0,490.6260000000003,124.68,3.0740000000000016,3,5,3,False,,True,ligands_pdbqt/CHEMBL1481.pdbqt,-7.96,completed,vina_screening_full/poses/CHEMBL1481_out.pdbqt,vina_screening_full/logs/CHEMBL1481.log,96
CHEMBL652,FLECAINIDE,Small molecule,4.0,1985.0,0,O=C(NCC1CCCCN1)c1cc(OCC(F)(F)F)ccc1OCC(F)(F)F,"InChI=1S/C17H20F6N2O3/c18-16(19,20)9-27-12-4-5-14(28-10-17(21,22)23)13(7-12)15(26)25-8-11-3-1-2-6-24-11/h4-5,7,11,24H,1-3,6,8-10H2,(H,25,26)",DJBNUMBKLMJRSA-UHFFFAOYSA-N,414.35,414.35,3.44,59.59,2.0,4.0,0.0,2,CHEMBL1200822;CHEMBL652,FLECAINIDE;FLECAINIDE ACETATE,1,0.9672501802444458,True,True,True,1,False,C;F;N;O,,,False,False,28,7,False,0,0,414.34600000000006,59.59,3.440700000000001,2,4,2,False,,True,ligands_pdbqt/CHEMBL652.pdbqt,-7.957,completed,vina_screening_full/poses/CHEMBL652_out.pdbqt,vina_screening_full/logs/CHEMBL652.log,97
CHEMBL1413,CICLOPIROX,Small molecule,4.0,1982.0,0,Cc1cc(C2CCCCC2)n(O)c(=O)c1,"InChI=1S/C12H17NO2/c1-9-7-11(13(15)12(14)8-9)10-5-3-2-4-6-10/h7-8,10,15H,2-6H2,1H3",SCKYRAXSEDYPSA-UHFFFAOYSA-N,207.27,207.27,2.44,42.23,1.0,3.0,0.0,1,CHEMBL1413,CICLOPIROX,1,0.961246657371521,True,True,True,1,False,C;N;O,,,False,False,15,1,False,0,0,207.273,42.23,2.4417199999999992,1,2,2,False,,True,ligands_pdbqt/CHEMBL1413.pdbqt,-7.956,completed,vina_screening_full/poses/CHEMBL1413_out.pdbqt,vina_screening_full/logs/CHEMBL1413.log,98
CHEMBL1290,PENBUTOLOL,Small molecule,4.0,1987.0,0,CC(C)(C)NC[C@H](O)COc1ccccc1C1CCCC1,"InChI=1S/C18H29NO2/c1-18(2,3)19-12-15(20)13-21-17-11-7-6-10-16(17)14-8-4-5-9-14/h6-7,10-11,14-15,19-20H,4-5,8-9,12-13H2,1-3H3/t15-/m0/s1",KQXKVJAGOJTNJS-HNNXBMFYSA-N,291.44,291.44,3.47,41.49,2.0,3.0,0.0,2,CHEMBL1290;CHEMBL2361370,PENBUTOLOL;PENBUTOLOL SULFATE,1,0.9277519106864928,True,True,True,1,False,C;N;O,,,False,False,21,6,False,0,0,291.4350000000001,41.49,3.472000000000002,2,3,2,False,,True,ligands_pdbqt/CHEMBL1290.pdbqt,-7.953,completed,vina_screening_full/poses/CHEMBL1290_out.pdbqt,vina_screening_full/logs/CHEMBL1290.log,99
CHEMBL1201754,RUFINAMIDE,Small molecule,4.0,2007.0,0,NC(=O)c1cn(Cc2c(F)cccc2F)nn1,"InChI=1S/C10H8F2N4O/c11-7-2-1-3-8(12)6(7)4-16-5-9(10(13)17)14-15-16/h1-3,5H,4H2,(H2,13,17)",POGQSBRIGCQNEG-UHFFFAOYSA-N,238.2,238.2,0.7,73.8,1.0,4.0,0.0,1,CHEMBL1201754,RUFINAMIDE,1,0.9917434215545654,True,True,True,1,False,C;F;N;O,,,False,False,17,3,False,0,0,238.197,73.80000000000001,0.7035000000000001,1,3,2,False,,True,ligands_pdbqt/CHEMBL1201754.pdbqt,-7.937,completed,vina_screening_full/poses/CHEMBL1201754_out.pdbqt,vina_screening_full/logs/CHEMBL1201754.log,100
CHEMBL1256391,PIRFENIDONE,Small molecule,4.0,2011.0,0,Cc1ccc(=O)n(-c2ccccc2)c1,"InChI=1S/C12H11NO/c1-10-7-8-12(14)13(9-10)11-5-3-2-4-6-11/h2-9H,1H3",ISWRGOKTTBVCFA-UHFFFAOYSA-N,185.23,185.23,2.15,22.0,0.0,2.0,0.0,1,CHEMBL1256391,PIRFENIDONE,1,0.9640166521072387,True,True,True,1,False,C;N;O,,,False,False,14,1,False,0,0,185.22600000000003,22.0,2.1459200000000003,0,1,2,False,,True,ligands_pdbqt/CHEMBL1256391.pdbqt,-7.92,completed,vina_screening_full/poses/CHEMBL1256391_out.pdbqt,vina_screening_full/logs/CHEMBL1256391.log,101
CHEMBL278819,MINAPRINE,Small molecule,4.0,,1,Cc1cc(-c2ccccc2)nnc1NCCN1CCOCC1,"InChI=1S/C17H22N4O/c1-14-13-16(15-5-3-2-4-6-15)19-20-17(14)18-7-8-21-9-11-22-12-10-21/h2-6,13H,7-12H2,1H3,(H,18,20)",LDMWSLGGVTVJPG-UHFFFAOYSA-N,298.39,298.39,2.2,50.28,1.0,5.0,0.0,2,CHEMBL1364551;CHEMBL278819,MINAPRINE;MINAPRINE HYDROCHLORIDE,1,0.975077509880066,True,True,True,1,False,C;N;O,,,False,False,22,5,False,0,0,298.39000000000004,50.28,2.19612,1,5,3,False,,True,ligands_pdbqt/CHEMBL278819.pdbqt,-7.906,completed,vina_screening_full/poses/CHEMBL278819_out.pdbqt,vina_screening_full/logs/CHEMBL278819.log,102
CHEMBL1139,EPOPROSTENOL,Small molecule,4.0,1995.0,0,CCCCC[C@H](O)/C=C/[C@@H]1[C@H]2C/C(=C/CCCC(=O)O)O[C@H]2C[C@H]1O,"InChI=1S/C20H32O5/c1-2-3-4-7-14(21)10-11-16-17-12-15(8-5-6-9-20(23)24)25-19(17)13-18(16)22/h8,10-11,14,16-19,21-22H,2-7,9,12-13H2,1H3,(H,23,24)/b11-10+,15-8-/t14-,16+,17+,18+,19-/m0/s1",KAQKFAOMNZTLHT-OZUDYXHBSA-N,352.47,352.47,3.41,86.99,3.0,4.0,0.0,2,CHEMBL1139;CHEMBL962,EPOPROSTENOL;EPOPROSTENOL SODIUM,1,0.7170554399490356,True,False,True,1,False,C;O,,,False,False,25,10,False,0,0,352.471,86.99000000000001,3.4085000000000023,3,4,2,False,,True,ligands_pdbqt/CHEMBL1139.pdbqt,-7.896,completed,vina_screening_full/poses/CHEMBL1139_out.pdbqt,vina_screening_full/logs/CHEMBL1139.log,103
CHEMBL462605,PITOLISANT,Small molecule,4.0,2016.0,0,Clc1ccc(CCCOCCCN2CCCCC2)cc1,"InChI=1S/C17H26ClNO/c18-17-9-7-16(8-10-17)6-4-14-20-15-5-13-19-11-2-1-3-12-19/h7-10H,1-6,11-15H2",NNACHAUCXXVJSP-UHFFFAOYSA-N,295.85,295.85,4.17,12.47,0.0,2.0,0.0,2,CHEMBL4164059;CHEMBL462605,PITOLISANT;PITOLISANT HYDROCHLORIDE,1,0.9938246726989746,True,True,True,1,False,C;Cl;N;O,,,False,False,20,8,False,0,0,295.8539999999999,12.47,4.165200000000003,0,2,2,False,,True,ligands_pdbqt/CHEMBL462605.pdbqt,-7.893,completed,vina_screening_full/poses/CHEMBL462605_out.pdbqt,vina_screening_full/logs/CHEMBL462605.log,104
CHEMBL3546271,FLORTAUCIPIR,Small molecule,4.0,2020.0,0,Fc1ccc(-c2ccc3c(c2)[nH]c2ccncc23)cn1,"InChI=1S/C16H10FN3/c17-16-4-2-11(8-19-16)10-1-3-12-13-9-18-6-5-14(13)20-15(12)7-10/h1-9,20H",GETAAWDSFUCLBS-UHFFFAOYSA-N,263.28,263.28,3.92,41.57,1.0,2.0,0.0,2,CHEMBL3545253;CHEMBL3546271,FLORTAUCIPIR;FLORTAUCIPIR F 18,1,0.8924580812454224,True,True,True,1,False,C;F;N,,,False,False,20,1,False,0,0,263.27500000000003,41.57,3.917200000000002,1,2,4,False,,True,ligands_pdbqt/CHEMBL3546271.pdbqt,-7.868,completed,vina_screening_full/poses/CHEMBL3546271_out.pdbqt,vina_screening_full/logs/CHEMBL3546271.log,105
CHEMBL783,NATEGLINIDE,Small molecule,4.0,2000.0,0,CC(C)[C@H]1CC[C@H](C(=O)N[C@H](Cc2ccccc2)C(=O)O)CC1,"InChI=1S/C19H27NO3/c1-13(2)15-8-10-16(11-9-15)18(21)20-17(19(22)23)12-14-6-4-3-5-7-14/h3-7,13,15-17H,8-12H2,1-2H3,(H,20,21)(H,22,23)/t15-,16-,17-/m1/s1",OELFLUMRDSZNSF-BRWVUGGUSA-N,317.43,317.43,3.26,66.4,2.0,2.0,0.0,1,CHEMBL783,NATEGLINIDE,1,0.6829455852508545,True,False,True,1,False,C;N;O,,,False,False,23,6,False,0,0,317.42900000000014,66.4,3.260900000000001,2,2,2,False,,True,ligands_pdbqt/CHEMBL783.pdbqt,-7.856,completed,vina_screening_full/poses/CHEMBL783_out.pdbqt,vina_screening_full/logs/CHEMBL783.log,106
CHEMBL1681,IODOHIPPURATE,Small molecule,4.0,1982.0,0,O=C(O)CNC(=O)c1ccccc1I,"InChI=1S/C9H8INO3/c10-7-4-2-1-3-6(7)9(14)11-5-8(12)13/h1-4H,5H2,(H,11,14)(H,12,13)",CORFWQGVBFFZHF-UHFFFAOYSA-N,305.07,305.07,1.11,66.4,2.0,2.0,0.0,3,CHEMBL1200439;CHEMBL1200763;CHEMBL1681,IODOHIPPURATE;IODOHIPPURATE SODIUM I 123;IODOHIPPURATE SODIUM I 131,1,0.8022255539894104,True,True,True,1,False,C;I;N;O,,,False,False,14,3,False,0,0,305.071,66.4,1.1055999999999997,2,2,1,False,,True,ligands_pdbqt/CHEMBL1681.pdbqt,-7.825,completed,vina_screening_full/poses/CHEMBL1681_out.pdbqt,vina_screening_full/logs/CHEMBL1681.log,107
CHEMBL1525,PERMETHRIN,Small molecule,4.0,1986.0,1,CC1(C)C(C=C(Cl)Cl)C1C(=O)OCc1cccc(Oc2ccccc2)c1,"InChI=1S/C21H20Cl2O3/c1-21(2)17(12-18(22)23)19(21)20(24)25-13-14-7-6-10-16(11-14)26-15-8-4-3-5-9-15/h3-12,17,19H,13H2,1-2H3",RLLPVAHGXHCWKJ-UHFFFAOYSA-N,391.29,391.29,6.11,35.53,0.0,3.0,1.0,1,CHEMBL1525,PERMETHRIN,1,0.9069441318511964,True,True,True,1,False,C;Cl;O,,,False,False,26,6,False,0,0,391.2940000000001,35.53,6.113300000000004,0,3,3,False,,True,ligands_pdbqt/CHEMBL1525.pdbqt,-7.82,completed,vina_screening_full/poses/CHEMBL1525_out.pdbqt,vina_screening_full/logs/CHEMBL1525.log,108
CHEMBL596,FENTANYL,Small molecule,4.0,1968.0,0,CCC(=O)N(c1ccccc1)C1CCN(CCc2ccccc2)CC1,"InChI=1S/C22H28N2O/c1-2-22(25)24(20-11-7-4-8-12-20)21-14-17-23(18-15-21)16-13-19-9-5-3-6-10-19/h3-12,21H,2,13-18H2,1H3",PJMPHNIQZUBGLI-UHFFFAOYSA-N,336.48,336.48,4.14,23.55,0.0,2.0,0.0,3,CHEMBL1201159;CHEMBL596;CHEMBL688,FENTANYL;FENTANYL CITRATE;FENTANYL HYDROCHLORIDE,1,0.9962937831878662,True,True,True,1,False,C;N;O,,,False,False,25,6,False,0,0,336.47900000000004,23.550000000000004,4.136700000000004,0,2,3,False,,True,ligands_pdbqt/CHEMBL596.pdbqt,-7.815,completed,vina_screening_full/poses/CHEMBL596_out.pdbqt,vina_screening_full/logs/CHEMBL596.log,109
CHEMBL1201212,MIDODRINE,Small molecule,4.0,1996.0,0,COc1ccc(OC)c(C(O)CNC(=O)CN)c1,"InChI=1S/C12H18N2O4/c1-17-8-3-4-11(18-2)9(5-8)10(15)7-14-12(16)6-13/h3-5,10,15H,6-7,13H2,1-2H3,(H,14,16)",PTKSEFOSCHHMPD-UHFFFAOYSA-N,254.29,254.29,-0.19,93.81,3.0,5.0,0.0,2,CHEMBL1200461;CHEMBL1201212,MIDODRINE;MIDODRINE HYDROCHLORIDE,1,0.6725430727005005,True,False,True,1,False,C;N;O,,,False,False,18,6,False,0,0,254.286,93.81,-0.1878999999999994,3,5,1,False,,True,ligands_pdbqt/CHEMBL1201212.pdbqt,-7.81,completed,vina_screening_full/poses/CHEMBL1201212_out.pdbqt,vina_screening_full/logs/CHEMBL1201212.log,110
CHEMBL3183184,OCTINOXATE,Small molecule,4.0,1992.0,0,CCCCC(CC)COC(=O)C=Cc1ccc(OC)cc1,"InChI=1S/C18H26O3/c1-4-6-7-15(5-2)14-21-18(19)13-10-16-8-11-17(20-3)12-9-16/h8-13,15H,4-7,14H2,1-3H3",YBGZDTIWKVFICR-UHFFFAOYSA-N,290.4,290.4,4.47,35.53,0.0,3.0,0.0,1,CHEMBL3183184,OCTINOXATE,1,0.8714861750602723,True,True,True,1,False,C;O,,,False,False,21,9,False,0,0,290.403,35.53,4.468000000000004,0,3,1,False,,True,ligands_pdbqt/CHEMBL3183184.pdbqt,-7.804,completed,vina_screening_full/poses/CHEMBL3183184_out.pdbqt,vina_screening_full/logs/CHEMBL3183184.log,111
CHEMBL500,PINDOLOL,Small molecule,4.0,1982.0,0,CC(C)NCC(O)COc1cccc2[nH]ccc12,"InChI=1S/C14H20N2O2/c1-10(2)16-8-11(17)9-18-14-5-3-4-13-12(14)6-7-15-13/h3-7,10-11,15-17H,8-9H2,1-2H3",JZQKKSLKJUAGIC-UHFFFAOYSA-N,248.33,248.33,1.91,57.28,3.0,3.0,0.0,1,CHEMBL500,PINDOLOL,1,0.7477619528770447,True,False,True,1,False,C;N;O,,,False,False,18,6,False,0,0,248.326,57.28,1.9055999999999995,3,3,2,False,,True,ligands_pdbqt/CHEMBL500.pdbqt,-7.803,completed,vina_screening_full/poses/CHEMBL500_out.pdbqt,vina_screening_full/logs/CHEMBL500.log,112
CHEMBL1490,TRIHEXYPHENIDYL,Small molecule,4.0,1949.0,0,OC(CCN1CCCCC1)(c1ccccc1)C1CCCCC1,"InChI=1S/C20H31NO/c22-20(18-10-4-1-5-11-18,19-12-6-2-7-13-19)14-17-21-15-8-3-9-16-21/h1,4-5,10-11,19,22H,2-3,6-9,12-17H2",HWHLPVGTWGOCJO-UHFFFAOYSA-N,301.47,301.47,4.33,23.47,1.0,2.0,0.0,2,CHEMBL1092;CHEMBL1490,TRIHEXYPHENIDYL;TRIHEXYPHENIDYL HYDROCHLORIDE,1,0.9926403641700744,True,True,True,1,False,C;N;O,,,False,False,22,5,False,0,0,301.47400000000016,23.47,4.330500000000004,1,2,3,False,,True,ligands_pdbqt/CHEMBL1490.pdbqt,-7.802,completed,vina_screening_full/poses/CHEMBL1490_out.pdbqt,vina_screening_full/logs/CHEMBL1490.log,113
CHEMBL253376,BROMHEXINE,Small molecule,4.0,,0,CN(Cc1cc(Br)cc(Br)c1N)C1CCCCC1,"InChI=1S/C14H20Br2N2/c1-18(12-5-3-2-4-6-12)9-10-7-11(15)8-13(16)14(10)17/h7-8,12H,2-6,9,17H2,1H3",OJGDCBLYJGHCIH-UHFFFAOYSA-N,376.14,376.14,4.56,29.26,1.0,2.0,0.0,2,CHEMBL1319139;CHEMBL253376,BROMHEXINE;BROMHEXINE HYDROCHLORIDE,1,0.996782910823822,True,True,True,1,False,Br;C;N,,,False,False,18,3,False,0,0,376.13600000000025,29.26,4.558300000000004,1,2,2,False,,True,ligands_pdbqt/CHEMBL253376.pdbqt,-7.783,completed,vina_screening_full/poses/CHEMBL253376_out.pdbqt,vina_screening_full/logs/CHEMBL253376.log,114
CHEMBL2103822,TASIMELTEON,Small molecule,4.0,2014.0,0,CCC(=O)NC[C@@H]1C[C@H]1c1cccc2c1CCO2,"InChI=1S/C15H19NO2/c1-2-15(17)16-9-10-8-13(10)11-4-3-5-14-12(11)6-7-18-14/h3-5,10,13H,2,6-9H2,1H3,(H,16,17)/t10-,13+/m0/s1",PTOIAAWZLUQTIO-GXFFZTMASA-N,245.32,245.32,2.25,38.33,1.0,2.0,0.0,1,CHEMBL2103822,TASIMELTEON,1,0.98920077085495,True,True,True,1,False,C;N;O,,,False,False,18,4,False,0,0,245.32199999999995,38.33,2.2512,1,2,3,False,,True,ligands_pdbqt/CHEMBL2103822.pdbqt,-7.777,completed,vina_screening_full/poses/CHEMBL2103822_out.pdbqt,vina_screening_full/logs/CHEMBL2103822.log,115
CHEMBL606,MISOPROSTOL,Small molecule,4.0,1988.0,0,CCCCC(C)(O)C/C=C/[C@H]1[C@H](O)CC(=O)[C@@H]1CCCCCCC(=O)OC,"InChI=1S/C22H38O5/c1-4-5-14-22(2,26)15-10-12-18-17(19(23)16-20(18)24)11-8-6-7-9-13-21(25)27-3/h10,12,17-18,20,24,26H,4-9,11,13-16H2,1-3H3/b12-10+/t17-,18-,20-,22?/m1/s1",OJLOPKGSLYJEMD-URPKTTJQSA-N,382.54,382.54,3.95,83.83,2.0,5.0,0.0,1,CHEMBL606,MISOPROSTOL,1,0.931798541545868,True,True,True,1,False,C;O,,,False,False,27,13,False,0,0,382.5410000000003,83.83,3.9536000000000033,2,5,1,False,,True,ligands_pdbqt/CHEMBL606.pdbqt,-7.771,completed,vina_screening_full/poses/CHEMBL606_out.pdbqt,vina_screening_full/logs/CHEMBL606.log,116
CHEMBL3989944,DIROXIMEL FUMARATE,Small molecule,4.0,2019.0,0,COC(=O)/C=C/C(=O)OCCN1C(=O)CCC1=O,"InChI=1S/C11H13NO6/c1-17-10(15)4-5-11(16)18-7-6-12-8(13)2-3-9(12)14/h4-5H,2-3,6-7H2,1H3/b5-4+",YIMYDTCOUQIDMT-SNAWJCMRSA-N,255.23,255.23,-0.59,89.98,0.0,6.0,0.0,1,CHEMBL3989944,DIROXIMEL FUMARATE,1,0.9941273093223572,True,True,True,1,False,C;N;O,,,False,False,18,5,False,0,0,255.2259999999999,89.98000000000002,-0.592200000000001,0,6,1,False,,True,ligands_pdbqt/CHEMBL3989944.pdbqt,-7.764,completed,vina_screening_full/poses/CHEMBL3989944_out.pdbqt,vina_screening_full/logs/CHEMBL3989944.log,117
CHEMBL1316,CARPROFEN,Small molecule,4.0,1987.0,0,CC(C(=O)O)c1ccc2c(c1)[nH]c1ccc(Cl)cc12,"InChI=1S/C15H12ClNO2/c1-8(15(18)19)9-2-4-11-12-7-10(16)3-5-13(12)17-14(11)6-9/h2-8,17H,1H3,(H,18,19)",PUXBGTOOZJQSKH-UHFFFAOYSA-N,273.72,273.72,4.16,53.09,2.0,1.0,0.0,1,CHEMBL1316,CARPROFEN,1,0.6134513914585114,True,False,True,1,False,C;Cl;N;O,,,False,False,19,2,False,0,0,273.719,53.09,4.162600000000002,2,1,3,False,,True,ligands_pdbqt/CHEMBL1316.pdbqt,-7.763,completed,vina_screening_full/poses/CHEMBL1316_out.pdbqt,vina_screening_full/logs/CHEMBL1316.log,118
CHEMBL1213251,CLOBENZOREX,Small molecule,4.0,,1,CC(Cc1ccccc1)NCc1ccccc1Cl,"InChI=1S/C16H18ClN/c1-13(11-14-7-3-2-4-8-14)18-12-15-9-5-6-10-16(15)17/h2-10,13,18H,11-12H2,1H3",LRXXRIXDSAEIOR-UHFFFAOYSA-N,259.78,259.78,4.06,12.03,1.0,1.0,0.0,1,CHEMBL1213251,CLOBENZOREX,1,0.940854513645172,True,True,True,1,False,C;Cl;N,,,False,False,18,5,False,0,0,259.78,12.03,4.060800000000003,1,1,2,False,,True,ligands_pdbqt/CHEMBL1213251.pdbqt,-7.761,completed,vina_screening_full/poses/CHEMBL1213251_out.pdbqt,vina_screening_full/logs/CHEMBL1213251.log,119
CHEMBL589,ROPINIROLE,Small molecule,4.0,1997.0,0,CCCN(CCC)CCc1cccc2c1CC(=O)N2,"InChI=1S/C16H24N2O/c1-3-9-18(10-4-2)11-8-13-6-5-7-15-14(13)12-16(19)17-15/h5-7H,3-4,8-12H2,1-2H3,(H,17,19)",UHSKFQJFRQCDBE-UHFFFAOYSA-N,260.38,260.38,2.85,32.34,1.0,2.0,0.0,2,CHEMBL1200411;CHEMBL589,ROPINIROLE;ROPINIROLE HYDROCHLORIDE,1,0.9931077480316162,True,True,True,1,False,C;N;O,,,False,False,19,7,False,0,0,260.3809999999999,32.34,2.845700000000001,1,2,2,False,,True,ligands_pdbqt/CHEMBL589.pdbqt,-7.761,completed,vina_screening_full/poses/CHEMBL589_out.pdbqt,vina_screening_full/logs/CHEMBL589.log,120
CHEMBL4299851,PIFLUFOLASTAT,Small molecule,4.0,2021.0,0,O=C(O)CC[C@H](NC(=O)N[C@@H](CCCCNC(=O)c1ccc(F)nc1)C(=O)O)C(=O)O,"InChI=1S/C18H23FN4O8/c19-13-6-4-10(9-21-13)15(26)20-8-2-1-3-11(16(27)28)22-18(31)23-12(17(29)30)5-7-14(24)25/h4,6,9,11-12H,1-3,5,7-8H2,(H,20,26)(H,24,25)(H,27,28)(H,29,30)(H2,22,23,31)/t11-,12-/m0/s1",OLWVRJUNLXQDSP-RYUDHWBXSA-N,442.4,442.4,0.19,195.02,6.0,6.0,1.0,2,CHEMBL4297334;CHEMBL4299851,PIFLUFOLASTAT;PIFLUFOLASTAT F18,1,0.5735707700252533,True,False,True,1,False,C;F;N;O,,,False,False,31,13,False,0,0,442.40000000000015,195.02,0.1912000000000001,6,6,1,False,,True,ligands_pdbqt/CHEMBL4299851.pdbqt,-7.757,completed,vina_screening_full/poses/CHEMBL4299851_out.pdbqt,vina_screening_full/logs/CHEMBL4299851.log,121
CHEMBL1027,TIAGABINE,Small molecule,4.0,1997.0,0,Cc1ccsc1C(=CCCN1CCC[C@@H](C(=O)O)C1)c1sccc1C,"InChI=1S/C20H25NO2S2/c1-14-7-11-24-18(14)17(19-15(2)8-12-25-19)6-4-10-21-9-3-5-16(13-21)20(22)23/h6-8,11-12,16H,3-5,9-10,13H2,1-2H3,(H,22,23)/t16-/m1/s1",PBJUNZJWGZTSKL-MRXNPFEDSA-N,375.56,375.56,5.04,40.54,1.0,4.0,1.0,2,CHEMBL1027;CHEMBL1695,TIAGABINE;TIAGABINE HYDROCHLORIDE,1,0.8679723978042603,True,True,True,1,False,C;N;O;S,,,False,False,25,6,False,0,0,375.5590000000001,40.540000000000006,5.044840000000004,1,4,3,False,,True,ligands_pdbqt/CHEMBL1027.pdbqt,-7.751,completed,vina_screening_full/poses/CHEMBL1027_out.pdbqt,vina_screening_full/logs/CHEMBL1027.log,122
CHEMBL827,DEXMETHYLPHENIDATE,Small molecule,4.0,2001.0,0,COC(=O)[C@H](c1ccccc1)[C@H]1CCCCN1,"InChI=1S/C14H19NO2/c1-17-14(16)13(11-7-3-2-4-8-11)12-9-5-6-10-15-12/h2-4,7-8,12-13,15H,5-6,9-10H2,1H3/t12-,13-/m1/s1",DUGOZIWVEXMGBE-CHWSQXEVSA-N,233.31,233.31,2.09,38.33,1.0,3.0,0.0,2,CHEMBL827;CHEMBL904,DEXMETHYLPHENIDATE;DEXMETHYLPHENIDATE HYDROCHLORIDE,1,0.968998646736145,True,True,True,1,False,C;N;O,,,False,False,17,3,False,0,0,233.31099999999995,38.33,2.0853,1,3,2,False,,True,ligands_pdbqt/CHEMBL827.pdbqt,-7.744,completed,vina_screening_full/poses/CHEMBL827_out.pdbqt,vina_screening_full/logs/CHEMBL827.log,123
CHEMBL255044,FLUPIRTINE,Small molecule,4.0,,1,CCOC(=O)Nc1ccc(NCc2ccc(F)cc2)nc1N,"InChI=1S/C15H17FN4O2/c1-2-22-15(21)19-12-7-8-13(20-14(12)17)18-9-10-3-5-11(16)6-4-10/h3-8H,2,9H2,1H3,(H,19,21)(H3,17,18,20)",JUUFBMODXQKSTD-UHFFFAOYSA-N,304.32,304.32,2.98,89.27,3.0,5.0,0.0,1,CHEMBL255044,FLUPIRTINE,1,0.902926790714264,True,True,True,1,False,C;F;N;O,,,False,False,22,5,False,0,0,304.32500000000005,89.27,2.9834000000000005,3,5,2,False,,True,ligands_pdbqt/CHEMBL255044.pdbqt,-7.743,completed,vina_screening_full/poses/CHEMBL255044_out.pdbqt,vina_screening_full/logs/CHEMBL255044.log,124
CHEMBL1200986,HALOPERIDOL DECANOATE,Small molecule,4.0,1986.0,0,CCCCCCCCCC(=O)OC1(c2ccc(Cl)cc2)CCN(CCCC(=O)c2ccc(F)cc2)CC1,"InChI=1S/C31H41ClFNO3/c1-2-3-4-5-6-7-8-11-30(36)37-31(26-14-16-27(32)17-15-26)20-23-34(24-21-31)22-9-10-29(35)25-12-18-28(33)19-13-25/h12-19H,2-11,20-24H2,1H3",GUTXTARXLVFHDK-UHFFFAOYSA-N,530.12,530.12,8.12,46.61,0.0,4.0,2.0,1,CHEMBL1200986,HALOPERIDOL DECANOATE,1,0.957686960697174,True,True,True,1,False,C;Cl;F;N;O,,,False,False,37,15,False,0,0,530.1240000000003,46.61,8.11720000000001,0,4,3,False,,True,ligands_pdbqt/CHEMBL1200986.pdbqt,-7.74,completed,vina_screening_full/poses/CHEMBL1200986_out.pdbqt,vina_screening_full/logs/CHEMBL1200986.log,125
CHEMBL1626223,PYRANTEL,Small molecule,4.0,,0,CN1CCCN=C1/C=C/c1cccs1,"InChI=1S/C11H14N2S/c1-13-8-3-7-12-11(13)6-5-10-4-2-9-14-10/h2,4-6,9H,3,7-8H2,1H3/b6-5+",YSAUAVHXTIETRK-AATRIKPKSA-N,206.31,206.31,2.5,15.6,0.0,3.0,0.0,2,CHEMBL1599768;CHEMBL1626223,PYRANTEL;PYRANTEL PAMOATE,1,0.9802049040794372,True,True,True,1,False,C;N;S,,,False,False,14,2,False,0,0,206.314,15.6,2.4953000000000003,0,3,2,False,,True,ligands_pdbqt/CHEMBL1626223.pdbqt,-7.737,completed,vina_screening_full/poses/CHEMBL1626223_out.pdbqt,vina_screening_full/logs/CHEMBL1626223.log,126
CHEMBL1492,DIPHENYLPYRALINE,Small molecule,4.0,1982.0,0,CN1CCC(OC(c2ccccc2)c2ccccc2)CC1,"InChI=1S/C19H23NO/c1-20-14-12-18(13-15-20)21-19(16-8-4-2-5-9-16)17-10-6-3-7-11-17/h2-11,18-19H,12-15H2,1H3",OWQUZNMMYNAXSL-UHFFFAOYSA-N,281.4,281.4,3.89,12.47,0.0,2.0,0.0,2,CHEMBL1492;CHEMBL1564,DIPHENYLPYRALINE;DIPHENYLPYRALINE HYDROCHLORIDE,1,0.9861464262008668,True,True,True,1,False,C;N;O,,,False,False,21,4,False,0,0,281.3990000000001,12.47,3.886800000000002,0,2,3,False,,True,ligands_pdbqt/CHEMBL1492.pdbqt,-7.732,completed,vina_screening_full/poses/CHEMBL1492_out.pdbqt,vina_screening_full/logs/CHEMBL1492.log,127
CHEMBL818,IOBENGUANE,Small molecule,4.0,1994.0,0,N=C(N)NCc1cccc(I)c1,"InChI=1S/C8H10IN3/c9-7-3-1-2-6(4-7)5-12-8(10)11/h1-4H,5H2,(H4,10,11,12)",PDWUPXJEEYOOTR-UHFFFAOYSA-N,275.09,275.09,1.27,61.9,3.0,1.0,0.0,4,CHEMBL1615779;CHEMBL3989511;CHEMBL3989523;CHEMBL818,IOBENGUANE;IOBENGUANE I 131;IOBENGUANE SULFATE I 123;IOBENGUANE SULFATE I 131,1,0.6537708520889283,True,False,True,1,False,C;I;N,,,False,False,12,2,False,0,0,275.093,61.900000000000006,1.27427,3,1,1,False,,True,ligands_pdbqt/CHEMBL818.pdbqt,-7.726,completed,vina_screening_full/poses/CHEMBL818_out.pdbqt,vina_screening_full/logs/CHEMBL818.log,128
CHEMBL5314588,PERFLUOROHEXYLOCTANE,Small molecule,4.0,2023.0,0,CCCCCCCCC(F)(F)C(F)(F)C(F)(F)C(F)(F)C(F)(F)C(F)(F)F,"InChI=1S/C14H17F13/c1-2-3-4-5-6-7-8-9(15,16)10(17,18)11(19,20)12(21,22)13(23,24)14(25,26)27/h2-8H2,1H3",WRYIIOKOQSICTB-UHFFFAOYSA-N,432.26,432.26,7.48,0.0,0.0,0.0,1.0,1,CHEMBL5314588,PERFLUOROHEXYLOCTANE,1,0.9810407042503356,True,True,True,1,False,C;F,,,False,False,27,11,False,0,0,432.264,0.0,7.475800000000005,0,0,0,False,,True,ligands_pdbqt/CHEMBL5314588.pdbqt,-7.721,completed,vina_screening_full/poses/CHEMBL5314588_out.pdbqt,vina_screening_full/logs/CHEMBL5314588.log,129
CHEMBL918,PHENACEMIDE,Small molecule,4.0,1951.0,0,NC(=O)NC(=O)Cc1ccccc1,"InChI=1S/C9H10N2O2/c10-9(13)11-8(12)6-7-4-2-1-3-5-7/h1-5H,6H2,(H3,10,11,12,13)",XPFRXWCVYUEORT-UHFFFAOYSA-N,178.19,178.19,0.42,72.19,2.0,2.0,0.0,1,CHEMBL918,PHENACEMIDE,1,0.9931438088417052,True,True,True,1,False,C;N;O,,,False,False,13,2,False,0,0,178.191,72.19,0.4239999999999995,2,2,1,False,,True,ligands_pdbqt/CHEMBL918.pdbqt,-7.709,completed,vina_screening_full/poses/CHEMBL918_out.pdbqt,vina_screening_full/logs/CHEMBL918.log,130
CHEMBL1337,NITISINONE,Small molecule,4.0,2002.0,0,O=C1CCCC(=O)C1C(=O)c1ccc(C(F)(F)F)cc1[N+](=O)[O-],"InChI=1S/C14H10F3NO5/c15-14(16,17)7-4-5-8(9(6-7)18(22)23)13(21)12-10(19)2-1-3-11(12)20/h4-6,12H,1-3H2",OUBCNLGXQFSTLU-UHFFFAOYSA-N,329.23,329.23,2.73,94.35,0.0,5.0,0.0,1,CHEMBL1337,NITISINONE,1,0.9799951672554016,True,True,True,1,False,C;F;N;O,,,False,False,23,3,False,0,0,329.2300000000001,94.35,2.7346000000000013,0,5,2,False,,True,ligands_pdbqt/CHEMBL1337.pdbqt,-7.706,completed,vina_screening_full/poses/CHEMBL1337_out.pdbqt,vina_screening_full/logs/CHEMBL1337.log,131
CHEMBL1185,ZOLMITRIPTAN,Small molecule,4.0,1997.0,0,CN(C)CCc1c[nH]c2ccc(C[C@H]3COC(=O)N3)cc12,"InChI=1S/C16H21N3O2/c1-19(2)6-5-12-9-17-15-4-3-11(8-14(12)15)7-13-10-21-16(20)18-13/h3-4,8-9,13,17H,5-7,10H2,1-2H3,(H,18,20)/t13-/m0/s1",ULSDMUVEXKOYBU-ZDUSSCGKSA-N,287.36,287.36,1.92,57.36,2.0,3.0,0.0,1,CHEMBL1185,ZOLMITRIPTAN,1,0.9570030689239502,True,True,True,1,False,C;N;O,,,False,False,21,5,False,0,0,287.36299999999994,57.36,1.9229,2,3,3,False,,True,ligands_pdbqt/CHEMBL1185.pdbqt,-7.684,completed,vina_screening_full/poses/CHEMBL1185_out.pdbqt,vina_screening_full/logs/CHEMBL1185.log,132
CHEMBL361812,RAMATROBAN,Small molecule,4.0,2000.0,0,O=C(O)CCn1c2c(c3ccccc31)C[C@H](NS(=O)(=O)c1ccc(F)cc1)CC2,"InChI=1S/C21H21FN2O4S/c22-14-5-8-16(9-6-14)29(27,28)23-15-7-10-20-18(13-15)17-3-1-2-4-19(17)24(20)12-11-21(25)26/h1-6,8-9,15,23H,7,10-13H2,(H,25,26)/t15-/m1/s1",LDXDSHIEDAPSSA-OAHLLOKOSA-N,416.47,416.47,3.09,88.4,2.0,4.0,0.0,1,CHEMBL361812,RAMATROBAN,1,0.8406201839447022,True,True,True,1,False,C;F;N;O;S,,,False,False,29,6,False,0,0,416.4740000000002,88.4,3.0909000000000013,2,3,4,False,,True,ligands_pdbqt/CHEMBL361812.pdbqt,-7.682,completed,vina_screening_full/poses/CHEMBL361812_out.pdbqt,vina_screening_full/logs/CHEMBL361812.log,133
CHEMBL642,ACEBUTOLOL,Small molecule,4.0,1984.0,0,CCCC(=O)Nc1ccc(OCC(O)CNC(C)C)c(C(C)=O)c1,"InChI=1S/C18H28N2O4/c1-5-6-18(23)20-14-7-8-17(16(9-14)13(4)21)24-11-15(22)10-19-12(2)3/h7-9,12,15,19,22H,5-6,10-11H2,1-4H3,(H,20,23)",GOEMGAFJFRBGGG-UHFFFAOYSA-N,336.43,336.43,2.37,87.66,3.0,5.0,0.0,2,CHEMBL1200813;CHEMBL642,ACEBUTOLOL;ACEBUTOLOL HYDROCHLORIDE,1,0.7513111233711243,True,False,True,1,False,C;N;O,,,False,False,24,10,False,0,0,336.4320000000001,87.66,2.3655,3,5,1,False,,True,ligands_pdbqt/CHEMBL642.pdbqt,-7.682,completed,vina_screening_full/poses/CHEMBL642_out.pdbqt,vina_screening_full/logs/CHEMBL642.log,134
CHEMBL546,OXPRENOLOL,Small molecule,4.0,1983.0,0,C=CCOc1ccccc1OCC(O)CNC(C)C,"InChI=1S/C15H23NO3/c1-4-9-18-14-7-5-6-8-15(14)19-11-13(17)10-16-12(2)3/h4-8,12-13,16-17H,1,9-11H2,2-3H3",CEMAWMOMDPGJMB-UHFFFAOYSA-N,265.35,265.35,1.99,50.72,2.0,4.0,0.0,2,CHEMBL1200745;CHEMBL546,OXPRENOLOL;OXPRENOLOL HYDROCHLORIDE,1,0.7663841485977173,True,False,True,1,False,C;N;O,,,False,False,19,9,False,0,0,265.35299999999995,50.72,1.9891,2,4,1,False,,True,ligands_pdbqt/CHEMBL546.pdbqt,-7.675,completed,vina_screening_full/poses/CHEMBL546_out.pdbqt,vina_screening_full/logs/CHEMBL546.log,135
CHEMBL1589,ACETOHEXAMIDE,Small molecule,4.0,1964.0,0,CC(=O)c1ccc(S(=O)(=O)NC(=O)NC2CCCCC2)cc1,"InChI=1S/C15H20N2O4S/c1-11(18)12-7-9-14(10-8-12)22(20,21)17-15(19)16-13-5-3-2-4-6-13/h7-10,13H,2-6H2,1H3,(H2,16,17,19)",VGZSUPCWNCWDAN-UHFFFAOYSA-N,324.4,324.4,2.21,92.34,2.0,4.0,0.0,1,CHEMBL1589,ACETOHEXAMIDE,1,0.8569151043891907,True,True,True,1,False,C;N;O;S,,,False,False,22,4,False,0,0,324.4020000000001,92.34,2.2098000000000004,2,4,2,False,,True,ligands_pdbqt/CHEMBL1589.pdbqt,-7.671,completed,vina_screening_full/poses/CHEMBL1589_out.pdbqt,vina_screening_full/logs/CHEMBL1589.log,136
CHEMBL400599,BENFLUOREX,Small molecule,4.0,1974.0,1,CC(Cc1cccc(C(F)(F)F)c1)NCCOC(=O)c1ccccc1,"InChI=1S/C19H20F3NO2/c1-14(12-15-6-5-9-17(13-15)19(20,21)22)23-10-11-25-18(24)16-7-3-2-4-8-16/h2-9,13-14,23H,10-12H2,1H3",CJAVTWRYCDNHSM-UHFFFAOYSA-N,351.37,351.37,4.08,38.33,1.0,3.0,0.0,1,CHEMBL400599,BENFLUOREX,1,0.952486491203308,True,True,True,1,False,C;F;N;O,,,False,False,25,7,False,0,0,351.368,38.33,4.083000000000003,1,3,2,False,,True,ligands_pdbqt/CHEMBL400599.pdbqt,-7.657,completed,vina_screening_full/poses/CHEMBL400599_out.pdbqt,vina_screening_full/logs/CHEMBL400599.log,137
CHEMBL469,KETOROLAC,Small molecule,4.0,1989.0,1,O=C(c1ccccc1)c1ccc2n1CCC2C(=O)O,"InChI=1S/C15H13NO3/c17-14(10-4-2-1-3-5-10)13-7-6-12-11(15(18)19)8-9-16(12)13/h1-7,11H,8-9H2,(H,18,19)",OZWKMVRBQXNZKK-UHFFFAOYSA-N,255.27,255.27,2.29,59.3,1.0,3.0,0.0,2,CHEMBL1201124;CHEMBL469,KETOROLAC;KETOROLAC TROMETHAMINE,1,0.6720475554466248,True,False,True,1,False,C;N;O,,,False,False,19,3,False,0,0,255.273,59.3,2.291,1,2,3,False,,True,ligands_pdbqt/CHEMBL469.pdbqt,-7.65,completed,vina_screening_full/poses/CHEMBL469_out.pdbqt,vina_screening_full/logs/CHEMBL469.log,138
CHEMBL11662,OZAGREL,Small molecule,4.0,1988.0,0,O=C(O)/C=C/c1ccc(Cn2ccnc2)cc1,"InChI=1S/C13H12N2O2/c16-13(17)6-5-11-1-3-12(4-2-11)9-15-8-7-14-10-15/h1-8,10H,9H2,(H,16,17)/b6-5+",SHZKQBHERIJWAO-AATRIKPKSA-N,228.25,228.25,2.03,55.12,1.0,3.0,0.0,1,CHEMBL11662,OZAGREL,1,0.5759548634290695,True,False,True,1,False,C;N;O,,,False,False,17,4,False,0,0,228.251,55.12,2.0292,1,2,2,False,,True,ligands_pdbqt/CHEMBL11662.pdbqt,-7.643,completed,vina_screening_full/poses/CHEMBL11662_out.pdbqt,vina_screening_full/logs/CHEMBL11662.log,139
CHEMBL4297620,SOLRIAMFETOL,Small molecule,4.0,2019.0,0,NC(=O)OC[C@H](N)Cc1ccccc1,"InChI=1S/C10H14N2O2/c11-9(7-14-10(12)13)6-8-4-2-1-3-5-8/h1-5,9H,6-7,11H2,(H2,12,13)/t9-/m1/s1",UCTRAOBQFUDCSR-SECBINFHSA-N,194.23,194.23,0.65,78.34,2.0,3.0,0.0,2,CHEMBL4297212;CHEMBL4297620,SOLRIAMFETOL;SOLRIAMFETOL HYDROCHLORIDE,1,0.9852775931358336,True,True,True,1,False,C;N;O,,,False,False,14,4,False,0,0,194.23400000000004,78.34,0.6517000000000001,2,3,1,False,,True,ligands_pdbqt/CHEMBL4297620.pdbqt,-7.637,completed,vina_screening_full/poses/CHEMBL4297620_out.pdbqt,vina_screening_full/logs/CHEMBL4297620.log,140
CHEMBL1218,RAMELTEON,Small molecule,4.0,2005.0,0,CCC(=O)NCC[C@@H]1CCc2ccc3c(c21)CCO3,"InChI=1S/C16H21NO2/c1-2-15(18)17-9-7-12-4-3-11-5-6-14-13(16(11)12)8-10-19-14/h5-6,12H,2-4,7-10H2,1H3,(H,17,18)/t12-/m0/s1",YLXDSYKOBKBWJQ-LBPRGKRZSA-N,259.35,259.35,2.57,38.33,1.0,2.0,0.0,1,CHEMBL1218,RAMELTEON,1,0.981614625453949,True,True,True,1,False,C;N;O,,,False,False,19,4,False,0,0,259.34899999999993,38.33,2.5676000000000005,1,2,3,False,,True,ligands_pdbqt/CHEMBL1218.pdbqt,-7.609,completed,vina_screening_full/poses/CHEMBL1218_out.pdbqt,vina_screening_full/logs/CHEMBL1218.log,141
CHEMBL1495,OXYPHENCYCLIMINE,Small molecule,4.0,1982.0,0,CN1CCCN=C1COC(=O)C(O)(c1ccccc1)C1CCCCC1,"InChI=1S/C20H28N2O3/c1-22-14-8-13-21-18(22)15-25-19(23)20(24,16-9-4-2-5-10-16)17-11-6-3-7-12-17/h2,4-5,9-10,17,24H,3,6-8,11-15H2,1H3",DUDKAZCAISNGQN-UHFFFAOYSA-N,344.46,344.46,2.73,62.13,1.0,5.0,0.0,2,CHEMBL1200891;CHEMBL1495,OXYPHENCYCLIMINE;OXYPHENCYCLIMINE HYDROCHLORIDE,1,0.9333430409431458,True,True,True,1,False,C;N;O,,,False,False,25,5,False,0,0,344.4550000000002,62.13,2.731700000000001,1,5,3,False,,True,ligands_pdbqt/CHEMBL1495.pdbqt,-7.601,completed,vina_screening_full/poses/CHEMBL1495_out.pdbqt,vina_screening_full/logs/CHEMBL1495.log,142
CHEMBL1303,ROTIGOTINE,Small molecule,4.0,2006.0,0,CCCN(CCc1cccs1)[C@H]1CCc2c(O)cccc2C1,"InChI=1S/C19H25NOS/c1-2-11-20(12-10-17-6-4-13-22-17)16-8-9-18-15(14-16)5-3-7-19(18)21/h3-7,13,16,21H,2,8-12,14H2,1H3/t16-/m0/s1",KFQYTPMOWPVWEJ-INIZCTEOSA-N,315.48,315.48,4.27,23.47,1.0,3.0,0.0,1,CHEMBL1303,ROTIGOTINE,1,0.9859082341194152,True,True,True,1,False,C;N;O;S,,,False,False,22,6,False,0,0,315.482,23.47,4.265700000000003,1,3,3,False,,True,ligands_pdbqt/CHEMBL1303.pdbqt,-7.599,completed,vina_screening_full/poses/CHEMBL1303_out.pdbqt,vina_screening_full/logs/CHEMBL1303.log,143
CHEMBL506,PRIMAQUINE,Small molecule,4.0,1952.0,0,COc1cc(NC(C)CCCN)c2ncccc2c1,"InChI=1S/C15H21N3O/c1-11(5-3-7-16)18-14-10-13(19-2)9-12-6-4-8-17-15(12)14/h4,6,8-11,18H,3,5,7,16H2,1-2H3",INDBQLZJXZLFIT-UHFFFAOYSA-N,259.35,259.35,2.78,60.17,2.0,4.0,0.0,2,CHEMBL43128;CHEMBL506,PRIMAQUINE;PRIMAQUINE PHOSPHATE,1,0.9355164885520936,True,True,True,1,False,C;N;O,,,False,False,19,6,False,0,0,259.35299999999995,60.17,2.782700000000001,2,4,2,False,,True,ligands_pdbqt/CHEMBL506.pdbqt,-7.591,completed,vina_screening_full/poses/CHEMBL506_out.pdbqt,vina_screening_full/logs/CHEMBL506.log,144
CHEMBL1021,NEPAFENAC,Small molecule,4.0,2005.0,0,NC(=O)Cc1cccc(C(=O)c2ccccc2)c1N,"InChI=1S/C15H14N2O2/c16-13(18)9-11-7-4-8-12(14(11)17)15(19)10-5-2-1-3-6-10/h1-8H,9,17H2,(H2,16,18)",QEFAQIPZVLVERP-UHFFFAOYSA-N,254.29,254.29,1.53,86.18,2.0,3.0,0.0,1,CHEMBL1021,NEPAFENAC,1,0.9786650896072387,True,True,True,1,False,C;N;O,,,False,False,19,4,False,0,0,254.289,86.18,1.5276,2,3,2,False,,True,ligands_pdbqt/CHEMBL1021.pdbqt,-7.587,completed,vina_screening_full/poses/CHEMBL1021_out.pdbqt,vina_screening_full/logs/CHEMBL1021.log,145
CHEMBL1094,FELBAMATE,Small molecule,4.0,1993.0,0,NC(=O)OCC(COC(N)=O)c1ccccc1,"InChI=1S/C11H14N2O4/c12-10(14)16-6-9(7-17-11(13)15)8-4-2-1-3-5-8/h1-5,9H,6-7H2,(H2,12,14)(H2,13,15)",WKGXYQFOCVYPAC-UHFFFAOYSA-N,238.24,238.24,0.96,104.64,2.0,4.0,0.0,1,CHEMBL1094,FELBAMATE,1,0.9840287446975708,True,True,True,1,False,C;N;O,,,False,False,17,5,False,0,0,238.243,104.64,0.9607999999999992,2,4,1,False,,True,ligands_pdbqt/CHEMBL1094.pdbqt,-7.586,completed,vina_screening_full/poses/CHEMBL1094_out.pdbqt,vina_screening_full/logs/CHEMBL1094.log,146
CHEMBL514,LOMUSTINE,Small molecule,4.0,1976.0,0,O=NN(CCCl)C(=O)NC1CCCCC1,"InChI=1S/C9H16ClN3O2/c10-6-7-13(12-15)9(14)11-8-4-2-1-3-5-8/h8H,1-7H2,(H,11,14)",GQYIWUVLTXOXAJ-UHFFFAOYSA-N,233.7,233.7,2.25,61.77,1.0,3.0,0.0,1,CHEMBL514,LOMUSTINE,1,0.9847047328948976,True,True,True,1,False,C;Cl;N;O,,,False,False,15,4,False,0,0,233.699,61.77,2.250900000000001,1,3,1,False,,True,ligands_pdbqt/CHEMBL514.pdbqt,-7.572,completed,vina_screening_full/poses/CHEMBL514_out.pdbqt,vina_screening_full/logs/CHEMBL514.log,147
CHEMBL248702,DEXFENFLURAMINE,Small molecule,4.0,,1,CCN[C@@H](C)Cc1cccc(C(F)(F)F)c1,"InChI=1S/C12H16F3N/c1-3-16-9(2)7-10-5-4-6-11(8-10)12(13,14)15/h4-6,8-9,16H,3,7H2,1-2H3/t9-/m0/s1",DBGIVFWFUFKIQN-VIFPVBQESA-N,231.26,231.26,3.25,12.03,1.0,1.0,0.0,2,CHEMBL1887891;CHEMBL248702,DEXFENFLURAMINE;DEXFENFLURAMINE HYDROCHLORIDE,1,0.9940239906311036,True,True,True,1,False,C;F;N,,,False,False,16,4,False,0,0,231.261,12.03,3.2459000000000024,1,1,1,False,,True,ligands_pdbqt/CHEMBL248702.pdbqt,-7.565,completed,vina_screening_full/poses/CHEMBL248702_out.pdbqt,vina_screening_full/logs/CHEMBL248702.log,148
CHEMBL1998966,PIFOXIME,Small molecule,4.0,,1,C/C(=N\O)c1ccc(OCC(=O)N2CCCCC2)cc1,"InChI=1S/C15H20N2O3/c1-12(16-19)13-5-7-14(8-6-13)20-11-15(18)17-9-3-2-4-10-17/h5-8,19H,2-4,9-11H2,1H3/b16-12+",XUDSQIDNHJMBBW-FOWTUZBSSA-N,276.34,276.34,2.28,62.13,1.0,4.0,0.0,1,CHEMBL1998966,PIFOXIME,1,0.9582204937934876,True,True,True,1,False,C;N;O,,,False,False,20,4,False,0,0,276.3359999999999,62.13000000000001,2.2761000000000005,1,4,2,False,,True,ligands_pdbqt/CHEMBL1998966.pdbqt,-7.561,completed,vina_screening_full/poses/CHEMBL1998966_out.pdbqt,vina_screening_full/logs/CHEMBL1998966.log,149
CHEMBL869,NITROFURAZONE,Small molecule,4.0,1945.0,1,NC(=O)N/N=C/c1ccc([N+](=O)[O-])o1,"InChI=1S/C6H6N4O4/c7-6(11)9-8-3-4-1-2-5(14-4)10(12)13/h1-3H,(H3,7,9,11)/b8-3+",IAIWVQXQOWNYOU-FPYGCLRLSA-N,198.14,198.14,0.19,123.76,2.0,5.0,0.0,1,CHEMBL869,NITROFURAZONE,1,0.9514050006866456,True,True,True,1,False,C;N;O,,,False,False,14,3,False,0,0,198.138,123.76,0.19,2,5,1,False,,True,ligands_pdbqt/CHEMBL869.pdbqt,-7.559,completed,vina_screening_full/poses/CHEMBL869_out.pdbqt,vina_screening_full/logs/CHEMBL869.log,150
CHEMBL284906,NICORANDIL,Small molecule,4.0,,0,O=C(NCCO[N+](=O)[O-])c1cccnc1,"InChI=1S/C8H9N3O4/c12-8(7-2-1-3-9-6-7)10-4-5-15-11(13)14/h1-3,6H,4-5H2,(H,10,12)",LBHIOVVIQHSOQN-UHFFFAOYSA-N,211.18,211.18,0.02,94.36,1.0,5.0,0.0,1,CHEMBL284906,NICORANDIL,1,0.9251787066459656,True,True,True,1,False,C;N;O,,,False,False,15,5,False,0,0,211.177,94.36,0.0196999999999998,1,5,1,False,,True,ligands_pdbqt/CHEMBL284906.pdbqt,-7.552,completed,vina_screening_full/poses/CHEMBL284906_out.pdbqt,vina_screening_full/logs/CHEMBL284906.log,151
CHEMBL833,TICLOPIDINE,Small molecule,4.0,1991.0,0,Clc1ccccc1CN1CCc2sccc2C1,"InChI=1S/C14H14ClNS/c15-13-4-2-1-3-11(13)9-16-7-5-14-12(10-16)6-8-17-14/h1-4,6,8H,5,7,9-10H2",PHWBOXQYWZNQIN-UHFFFAOYSA-N,263.79,263.79,3.96,3.24,0.0,2.0,0.0,2,CHEMBL1717;CHEMBL833,TICLOPIDINE;TICLOPIDINE HYDROCHLORIDE,1,0.9942766189575196,True,True,True,1,False,C;Cl;N;S,,,False,False,17,2,False,0,0,263.793,3.24,3.959800000000002,0,2,3,False,,True,ligands_pdbqt/CHEMBL833.pdbqt,-7.55,completed,vina_screening_full/poses/CHEMBL833_out.pdbqt,vina_screening_full/logs/CHEMBL833.log,152
CHEMBL1200661,UNOPROSTONE ISOPROPYL,Small molecule,4.0,2000.0,0,CCCCCCCC(=O)CC[C@@H]1[C@@H](C/C=C\CCCC(=O)OC(C)C)[C@@H](O)C[C@H]1O,"InChI=1S/C25H44O5/c1-4-5-6-7-10-13-20(26)16-17-22-21(23(27)18-24(22)28)14-11-8-9-12-15-25(29)30-19(2)3/h8,11,19,21-24,27-28H,4-7,9-10,12-18H2,1-3H3/b11-8-/t21-,22-,23+,24-/m1/s1",XXUPXHKCPIKWLR-JHUOEJJVSA-N,424.62,424.62,5.12,83.83,2.0,5.0,1.0,1,CHEMBL1200661,UNOPROSTONE ISOPROPYL,1,0.8402579307556153,True,True,True,1,False,C;O,,,False,False,30,16,False,0,0,424.6220000000002,83.83000000000001,5.122300000000006,2,5,1,False,,True,ligands_pdbqt/CHEMBL1200661.pdbqt,-7.542,completed,vina_screening_full/poses/CHEMBL1200661_out.pdbqt,vina_screening_full/logs/CHEMBL1200661.log,153
CHEMBL189,MILRINONE,Small molecule,4.0,1987.0,0,Cc1[nH]c(=O)c(C#N)cc1-c1ccncc1,"InChI=1S/C12H9N3O/c1-8-11(9-2-4-14-5-3-9)6-10(7-13)12(16)15-8/h2-6H,1H3,(H,15,16)",PZRHRDRVRGEVNW-UHFFFAOYSA-N,211.22,211.22,1.62,69.54,1.0,3.0,0.0,2,CHEMBL1200977;CHEMBL189,MILRINONE;MILRINONE LACTATE,1,0.5614735186100006,True,False,True,1,False,C;N;O,,,False,False,16,1,False,0,0,211.224,69.53999999999999,1.617,1,3,2,False,,True,ligands_pdbqt/CHEMBL189.pdbqt,-7.542,completed,vina_screening_full/poses/CHEMBL189_out.pdbqt,vina_screening_full/logs/CHEMBL189.log,154
CHEMBL1469,PHENYLBUTANOIC ACID,Small molecule,4.0,1996.0,0,O=C(O)CCCc1ccccc1,"InChI=1S/C10H12O2/c11-10(12)8-4-7-9-5-2-1-3-6-9/h1-3,5-6H,4,7-8H2,(H,11,12)",OBKXEAXTFZPCHS-UHFFFAOYSA-N,164.2,164.2,2.09,37.3,1.0,1.0,0.0,2,CHEMBL1469;CHEMBL1746,PHENYLBUTANOIC ACID;SODIUM PHENYLBUTYRATE,1,0.8006945729255677,True,True,True,1,False,C;O,,,False,False,12,4,False,0,0,164.204,37.3,2.0939,1,1,1,False,,True,ligands_pdbqt/CHEMBL1469.pdbqt,-7.537,completed,vina_screening_full/poses/CHEMBL1469_out.pdbqt,vina_screening_full/logs/CHEMBL1469.log,155
CHEMBL87493,FENFLURAMINE,Small molecule,4.0,1963.0,1,CCNC(C)Cc1cccc(C(F)(F)F)c1,"InChI=1S/C12H16F3N/c1-3-16-9(2)7-10-5-4-6-11(8-10)12(13,14)15/h4-6,8-9,16H,3,7H2,1-2H3",DBGIVFWFUFKIQN-UHFFFAOYSA-N,231.26,231.26,3.25,12.03,1.0,1.0,0.0,2,CHEMBL2106217;CHEMBL87493,FENFLURAMINE;FENFLURAMINE HYDROCHLORIDE,1,0.9951489090919494,True,True,True,1,False,C;F;N,,,False,False,16,4,False,0,0,231.261,12.03,3.2459000000000024,1,1,1,False,,True,ligands_pdbqt/CHEMBL87493.pdbqt,-7.528,completed,vina_screening_full/poses/CHEMBL87493_out.pdbqt,vina_screening_full/logs/CHEMBL87493.log,156
CHEMBL3039520,LASMIDITAN,Small molecule,4.0,2020.0,0,CN1CCC(C(=O)c2cccc(NC(=O)c3c(F)cc(F)cc3F)n2)CC1,"InChI=1S/C19H18F3N3O2/c1-25-7-5-11(6-8-25)18(26)15-3-2-4-16(23-15)24-19(27)17-13(21)9-12(20)10-14(17)22/h2-4,9-11H,5-8H2,1H3,(H,23,24,27)",XEDHVZKDSYZQBF-UHFFFAOYSA-N,377.37,377.37,3.28,62.3,1.0,4.0,0.0,2,CHEMBL3039520;CHEMBL3039526,LASMIDITAN;LASMIDITAN SUCCINATE,1,0.9805131077766418,True,True,True,1,False,C;F;N;O,,,False,False,27,4,False,0,0,377.3660000000001,62.3,3.2757000000000014,1,4,3,False,,True,ligands_pdbqt/CHEMBL3039520.pdbqt,-7.522,completed,vina_screening_full/poses/CHEMBL3039520_out.pdbqt,vina_screening_full/logs/CHEMBL3039520.log,157
CHEMBL420,GUANABENZ,Small molecule,4.0,1982.0,0,N=C(N)N/N=C/c1c(Cl)cccc1Cl,"InChI=1S/C8H8Cl2N4/c9-6-2-1-3-7(10)5(6)4-13-14-8(11)12/h1-4H,(H4,11,12,14)/b13-4+",WDZVGELJXXEGPV-YIXHJXPBSA-N,231.09,231.09,1.81,74.26,3.0,2.0,0.0,2,CHEMBL1200560;CHEMBL420,GUANABENZ;GUANABENZ ACETATE,1,0.7043388366699219,True,False,True,1,False,C;Cl;N,,,False,False,14,2,False,0,0,231.086,74.26,1.8103700000000005,3,2,1,False,,True,ligands_pdbqt/CHEMBL420.pdbqt,-7.52,completed,vina_screening_full/poses/CHEMBL420_out.pdbqt,vina_screening_full/logs/CHEMBL420.log,158
CHEMBL1540,PENCICLOVIR,Small molecule,4.0,1996.0,0,Nc1nc(O)c2ncn(CCC(CO)CO)c2n1,"InChI=1S/C10H15N5O3/c11-10-13-8-7(9(18)14-10)12-5-15(8)2-1-6(3-16)4-17/h5-6,16-17H,1-4H2,(H3,11,13,14,18)",JNTOCHDNEULJHD-UHFFFAOYSA-N,253.26,253.26,-0.9,130.31,4.0,8.0,0.0,2,CHEMBL1540;CHEMBL2079793,PENCICLOVIR;PENCICLOVIR SODIUM,1,0.6263839840888977,True,False,True,1,False,C;N;O,,,False,False,18,5,False,0,0,253.262,130.31,-0.895,4,7,2,False,,True,ligands_pdbqt/CHEMBL1540.pdbqt,-7.505,completed,vina_screening_full/poses/CHEMBL1540_out.pdbqt,vina_screening_full/logs/CHEMBL1540.log,159
CHEMBL182,GANCICLOVIR,Small molecule,4.0,1989.0,0,Nc1nc2c(ncn2COC(CO)CO)c(=O)[nH]1,"InChI=1S/C9H13N5O4/c10-9-12-7-6(8(17)13-9)11-3-14(7)4-18-5(1-15)2-16/h3,5,15-16H,1-2,4H2,(H3,10,12,13,17)",IRSCQMHQWWYFCW-UHFFFAOYSA-N,255.23,255.23,-1.97,139.28,4.0,8.0,0.0,2,CHEMBL1200850;CHEMBL182,GANCICLOVIR;GANCICLOVIR SODIUM,1,0.5953396201133728,True,False,True,1,False,C;N;O,,,False,False,18,5,False,0,0,255.234,139.28,-1.970899999999999,4,7,2,False,,True,ligands_pdbqt/CHEMBL182.pdbqt,-7.496,completed,vina_screening_full/poses/CHEMBL182_out.pdbqt,vina_screening_full/logs/CHEMBL182.log,160
CHEMBL18116,TOLOXATONE,Small molecule,4.0,1984.0,0,Cc1cccc(N2CC(CO)OC2=O)c1,"InChI=1S/C11H13NO3/c1-8-3-2-4-9(5-8)12-6-10(7-13)15-11(12)14/h2-5,10,13H,6-7H2,1H3",MXUNKHLAEDCYJL-UHFFFAOYSA-N,207.23,207.23,1.31,49.77,1.0,3.0,0.0,1,CHEMBL18116,TOLOXATONE,1,0.9636253237724304,True,True,True,1,False,C;N;O,,,False,False,15,2,False,0,0,207.229,49.77,1.31252,1,3,2,False,,True,ligands_pdbqt/CHEMBL18116.pdbqt,-7.495,completed,vina_screening_full/poses/CHEMBL18116_out.pdbqt,vina_screening_full/logs/CHEMBL18116.log,161
CHEMBL423,BETAXOLOL,Small molecule,4.0,1985.0,0,CC(C)NCC(O)COc1ccc(CCOCC2CC2)cc1,"InChI=1S/C18H29NO3/c1-14(2)19-11-17(20)13-22-18-7-5-15(6-8-18)9-10-21-12-16-3-4-16/h5-8,14,16-17,19-20H,3-4,9-13H2,1-2H3",NWIUTZDMDHAVTP-UHFFFAOYSA-N,307.43,307.43,2.39,50.72,2.0,4.0,0.0,2,CHEMBL1691;CHEMBL423,BETAXOLOL;BETAXOLOL HYDROCHLORIDE,1,0.7735837459564209,True,False,True,1,False,C;N;O,,,False,False,22,11,False,0,0,307.434,50.72,2.3934,2,4,2,False,,True,ligands_pdbqt/CHEMBL423.pdbqt,-7.492,completed,vina_screening_full/poses/CHEMBL423_out.pdbqt,vina_screening_full/logs/CHEMBL423.log,162
CHEMBL408513,BELINOSTAT,Small molecule,4.0,2014.0,0,O=C(/C=C/c1cccc(S(=O)(=O)Nc2ccccc2)c1)NO,"InChI=1S/C15H14N2O4S/c18-15(16-19)10-9-12-5-4-8-14(11-12)22(20,21)17-13-6-2-1-3-7-13/h1-11,17,19H,(H,16,18)/b10-9+",NCNRHFGMJRPRSK-MDZDMXLPSA-N,318.35,318.35,2.01,95.5,3.0,4.0,0.0,1,CHEMBL408513,BELINOSTAT,1,0.8610376358032227,True,True,True,1,False,C;N;O;S,,,False,False,22,5,False,0,0,318.354,95.5,2.006,3,4,2,False,,True,ligands_pdbqt/CHEMBL408513.pdbqt,-7.489,completed,vina_screening_full/poses/CHEMBL408513_out.pdbqt,vina_screening_full/logs/CHEMBL408513.log,163
CHEMBL1483,ALBENDAZOLE,Small molecule,4.0,1996.0,0,CCCSc1ccc2[nH]c(NC(=O)OC)nc2c1,"InChI=1S/C12H15N3O2S/c1-3-6-18-8-4-5-9-10(7-8)14-11(13-9)15-12(16)17-2/h4-5,7H,3,6H2,1-2H3,(H2,13,14,15,16)",HXHWSAZORRCQMX-UHFFFAOYSA-N,265.34,265.34,3.24,67.01,2.0,4.0,0.0,1,CHEMBL1483,ALBENDAZOLE,1,0.9343563079833984,True,True,True,1,False,C;N;O;S,,,False,False,18,4,False,0,0,265.338,67.01,3.2433000000000005,2,4,2,False,,True,ligands_pdbqt/CHEMBL1483.pdbqt,-7.488,completed,vina_screening_full/poses/CHEMBL1483_out.pdbqt,vina_screening_full/logs/CHEMBL1483.log,164
CHEMBL1626,CLEMASTINE,Small molecule,4.0,1977.0,0,CN1CCC[C@@H]1CCO[C@](C)(c1ccccc1)c1ccc(Cl)cc1,"InChI=1S/C21H26ClNO/c1-21(17-7-4-3-5-8-17,18-10-12-19(22)13-11-18)24-16-14-20-9-6-15-23(20)2/h3-5,7-8,10-13,20H,6,9,14-16H2,1-2H3/t20-,21-/m1/s1",YNNUSGIPVFPVBX-NHCUHLMSSA-N,343.9,343.9,5.1,12.47,0.0,2.0,1.0,2,CHEMBL1200795;CHEMBL1626,CLEMASTINE;CLEMASTINE FUMARATE,1,0.949542200565338,True,True,True,1,False,C;Cl;N;O,,,False,False,24,6,False,0,0,343.898,12.47,5.104400000000005,0,2,3,False,,True,ligands_pdbqt/CHEMBL1626.pdbqt,-7.485,completed,vina_screening_full/poses/CHEMBL1626_out.pdbqt,vina_screening_full/logs/CHEMBL1626.log,165
CHEMBL607710,CHLORPHENESIN CARBAMATE,Small molecule,4.0,1965.0,0,NC(=O)OCC(O)COc1ccc(Cl)cc1,"InChI=1S/C10H12ClNO4/c11-7-1-3-9(4-2-7)15-5-8(13)6-16-10(12)14/h1-4,8,13H,5-6H2,(H2,12,14)",SKPLBLUECSEIFO-UHFFFAOYSA-N,245.66,245.66,1.18,81.78,2.0,4.0,0.0,1,CHEMBL607710,CHLORPHENESIN CARBAMATE,1,0.9679874897003172,True,True,True,1,False,C;Cl;N;O,,,False,False,16,5,False,0,0,245.662,81.78000000000002,1.1750000000000005,2,4,1,False,,True,ligands_pdbqt/CHEMBL607710.pdbqt,-7.475,completed,vina_screening_full/poses/CHEMBL607710_out.pdbqt,vina_screening_full/logs/CHEMBL607710.log,166
CHEMBL314854,FINGOLIMOD,Small molecule,4.0,2010.0,0,CCCCCCCCc1ccc(CCC(N)(CO)CO)cc1,"InChI=1S/C19H33NO2/c1-2-3-4-5-6-7-8-17-9-11-18(12-10-17)13-14-19(20,15-21)16-22/h9-12,21-22H,2-8,13-16,20H2,1H3",KKGQTZUTZRNORY-UHFFFAOYSA-N,307.48,307.48,3.2,66.48,3.0,3.0,0.0,3,CHEMBL314854;CHEMBL5095050;CHEMBL544665,FINGOLIMOD;FINGOLIMOD HYDROCHLORIDE;FINGOLIMOD LAURYL SULFATE,1,0.6980953812599182,True,False,True,1,False,C;N;O,,,False,False,22,12,False,0,0,307.478,66.48,3.204300000000001,3,3,1,False,,True,ligands_pdbqt/CHEMBL314854.pdbqt,-7.471,completed,vina_screening_full/poses/CHEMBL314854_out.pdbqt,vina_screening_full/logs/CHEMBL314854.log,167
CHEMBL1070,NABUMETONE,Small molecule,4.0,1991.0,0,COc1ccc2cc(CCC(C)=O)ccc2c1,"InChI=1S/C15H16O2/c1-11(16)3-4-12-5-6-14-10-15(17-2)8-7-13(14)9-12/h5-10H,3-4H2,1-2H3",BLXXJMDCKKHMKV-UHFFFAOYSA-N,228.29,228.29,3.37,26.3,0.0,2.0,0.0,1,CHEMBL1070,NABUMETONE,1,0.946489953994751,True,True,True,1,False,C;O,,,False,False,17,4,False,0,0,228.291,26.3,3.370000000000002,0,2,2,False,,True,ligands_pdbqt/CHEMBL1070.pdbqt,-7.468,completed,vina_screening_full/poses/CHEMBL1070_out.pdbqt,vina_screening_full/logs/CHEMBL1070.log,168
CHEMBL37744,ZIMELDINE,Small molecule,4.0,,1,CN(C)C/C=C(/c1ccc(Br)cc1)c1cccnc1,"InChI=1S/C16H17BrN2/c1-19(2)11-9-16(14-4-3-10-18-12-14)13-5-7-15(17)8-6-13/h3-10,12H,11H2,1-2H3/b16-9-",OYPPVKRFBIWMSX-SXGWCWSVSA-N,317.23,317.23,3.84,16.13,0.0,2.0,0.0,2,CHEMBL2355333;CHEMBL37744,ZIMELDINE;ZIMELDINE HYDROCHLORIDE,1,0.9794092178344728,True,True,True,1,False,Br;C;N,,,False,False,19,4,False,0,0,317.23,16.130000000000003,3.8374000000000015,0,2,2,False,,True,ligands_pdbqt/CHEMBL37744.pdbqt,-7.468,completed,vina_screening_full/poses/CHEMBL37744_out.pdbqt,vina_screening_full/logs/CHEMBL37744.log,169
CHEMBL221722,FAVIPIRAVIR,Small molecule,4.0,2014.0,0,NC(=O)c1nc(F)cnc1O,"InChI=1S/C5H4FN3O2/c6-2-1-8-5(11)3(9-2)4(7)10/h1H,(H2,7,10)(H,8,11)",ZCGNOVWYSGBHAU-UHFFFAOYSA-N,157.1,157.1,-0.58,89.1,2.0,4.0,0.0,1,CHEMBL221722,FAVIPIRAVIR,1,0.8701099276542663,True,True,True,1,False,C;F;N;O,,,False,False,11,1,False,0,0,157.10399999999998,89.10000000000001,-0.5798000000000002,2,4,1,False,,True,ligands_pdbqt/CHEMBL221722.pdbqt,-7.467,completed,vina_screening_full/poses/CHEMBL221722_out.pdbqt,vina_screening_full/logs/CHEMBL221722.log,170
CHEMBL227875,PRETOMANID,Small molecule,4.0,2019.0,0,O=[N+]([O-])c1cn2c(n1)OC[C@@H](OCc1ccc(OC(F)(F)F)cc1)C2,"InChI=1S/C14H12F3N3O5/c15-14(16,17)25-10-3-1-9(2-4-10)7-23-11-5-19-6-12(20(21)22)18-13(19)24-8-11/h1-4,6,11H,5,7-8H2/t11-/m0/s1",ZLHZLMOSPGACSZ-NSHDSACASA-N,359.26,359.26,2.67,88.65,0.0,7.0,0.0,1,CHEMBL227875,PRETOMANID,1,0.9695395827293396,True,True,True,1,False,C;F;N;O,,,False,False,25,5,False,0,0,359.26,88.65,2.667700000000001,0,6,3,False,,True,ligands_pdbqt/CHEMBL227875.pdbqt,-7.465,completed,vina_screening_full/poses/CHEMBL227875_out.pdbqt,vina_screening_full/logs/CHEMBL227875.log,171
CHEMBL86715,PROCYCLIDINE,Small molecule,4.0,1955.0,0,OC(CCN1CCCC1)(c1ccccc1)C1CCCCC1,"InChI=1S/C19H29NO/c21-19(17-9-3-1-4-10-17,18-11-5-2-6-12-18)13-16-20-14-7-8-15-20/h1,3-4,9-10,18,21H,2,5-8,11-16H2",WYDUSKDSKCASEF-UHFFFAOYSA-N,287.45,287.45,3.94,23.47,1.0,2.0,0.0,2,CHEMBL1761;CHEMBL86715,PROCYCLIDINE;PROCYCLIDINE HYDROCHLORIDE,1,0.9849799394607544,True,True,True,1,False,C;N;O,,,False,False,21,5,False,0,0,287.4470000000001,23.47,3.940400000000003,1,2,3,False,,True,ligands_pdbqt/CHEMBL86715.pdbqt,-7.457,completed,vina_screening_full/poses/CHEMBL86715_out.pdbqt,vina_screening_full/logs/CHEMBL86715.log,172
CHEMBL1201237,LEVOBUNOLOL,Small molecule,4.0,1985.0,0,CC(C)(C)NC[C@H](O)COc1cccc2c1CCCC2=O,"InChI=1S/C17H25NO3/c1-17(2,3)18-10-12(19)11-21-16-9-5-6-13-14(16)7-4-8-15(13)20/h5-6,9,12,18-19H,4,7-8,10-11H2,1-3H3/t12-/m0/s1",IXHBTMCLRNMKHZ-LBPRGKRZSA-N,291.39,291.39,2.33,58.56,2.0,4.0,0.0,2,CHEMBL1201177;CHEMBL1201237,LEVOBUNOLOL;LEVOBUNOLOL HYDROCHLORIDE,1,0.8876686334609986,True,True,True,1,False,C;N;O,,,False,False,21,5,False,0,0,291.391,58.56,2.3334,2,4,2,False,,True,ligands_pdbqt/CHEMBL1201237.pdbqt,-7.453,completed,vina_screening_full/poses/CHEMBL1201237_out.pdbqt,vina_screening_full/logs/CHEMBL1201237.log,173
CHEMBL1123,DICYCLOMINE,Small molecule,4.0,1950.0,1,CCN(CC)CCOC(=O)C1(C2CCCCC2)CCCCC1,"InChI=1S/C19H35NO2/c1-3-20(4-2)15-16-22-18(21)19(13-9-6-10-14-19)17-11-7-5-8-12-17/h17H,3-16H2,1-2H3",CURUTKGFNZGFSE-UHFFFAOYSA-N,309.49,309.49,4.4,29.54,0.0,3.0,0.0,2,CHEMBL1123;CHEMBL1200479,DICYCLOMINE;DICYCLOMINE HYDROCHLORIDE,1,0.959852123260498,True,True,True,1,False,C;N;O,,,False,False,22,7,False,0,0,309.4940000000001,29.54,4.402200000000004,0,3,2,False,,True,ligands_pdbqt/CHEMBL1123.pdbqt,-7.448,completed,vina_screening_full/poses/CHEMBL1123_out.pdbqt,vina_screening_full/logs/CHEMBL1123.log,174
CHEMBL1198,PRAMOXINE,Small molecule,4.0,1976.0,0,CCCCOc1ccc(OCCCN2CCOCC2)cc1,"InChI=1S/C17H27NO3/c1-2-3-12-20-16-5-7-17(8-6-16)21-13-4-9-18-10-14-19-15-11-18/h5-8H,2-4,9-15H2,1H3",DQKXQSGTHWVTAD-UHFFFAOYSA-N,293.41,293.41,2.97,30.93,0.0,4.0,0.0,2,CHEMBL1198;CHEMBL1201171,PRAMOXINE;PRAMOXINE HYDROCHLORIDE,1,0.8398040533065796,True,True,True,1,False,C;N;O,,,False,False,21,9,False,0,0,293.4069999999999,30.930000000000003,2.966600000000001,0,4,2,False,,True,ligands_pdbqt/CHEMBL1198.pdbqt,-7.432,completed,vina_screening_full/poses/CHEMBL1198_out.pdbqt,vina_screening_full/logs/CHEMBL1198.log,175
CHEMBL796,METHYLPHENIDATE,Small molecule,4.0,1955.0,0,COC(=O)C(c1ccccc1)C1CCCCN1,"InChI=1S/C14H19NO2/c1-17-14(16)13(11-7-3-2-4-8-11)12-9-5-6-10-15-12/h2-4,7-8,12-13,15H,5-6,9-10H2,1H3",DUGOZIWVEXMGBE-UHFFFAOYSA-N,233.31,233.31,2.09,38.33,1.0,3.0,0.0,2,CHEMBL1722;CHEMBL796,METHYLPHENIDATE;METHYLPHENIDATE HYDROCHLORIDE,1,0.9705958962440492,True,True,True,1,False,C;N;O,,,False,False,17,3,False,0,0,233.31099999999995,38.33,2.0853,1,3,2,False,,True,ligands_pdbqt/CHEMBL796.pdbqt,-7.426,completed,vina_screening_full/poses/CHEMBL796_out.pdbqt,vina_screening_full/logs/CHEMBL796.log,176
CHEMBL279516,INDORAMIN,Small molecule,4.0,,0,O=C(NC1CCN(CCc2c[nH]c3ccccc23)CC1)c1ccccc1,"InChI=1S/C22H25N3O/c26-22(17-6-2-1-3-7-17)24-19-11-14-25(15-12-19)13-10-18-16-23-21-9-5-4-8-20(18)21/h1-9,16,19,23H,10-15H2,(H,24,26)",JXZZEXZZKAWDSP-UHFFFAOYSA-N,347.46,347.46,3.6,48.13,2.0,2.0,0.0,2,CHEMBL2104941;CHEMBL279516,INDORAMIN;INDORAMIN HYDROCHLORIDE,1,0.9817139506340028,True,True,True,1,False,C;N;O,,,False,False,26,5,False,0,0,347.46200000000016,48.13,3.604800000000002,2,2,4,False,,True,ligands_pdbqt/CHEMBL279516.pdbqt,-7.423,completed,vina_screening_full/poses/CHEMBL279516_out.pdbqt,vina_screening_full/logs/CHEMBL279516.log,177
CHEMBL3813873,PEXIDARTINIB,Small molecule,4.0,2019.0,0,FC(F)(F)c1ccc(CNc2ccc(Cc3c[nH]c4ncc(Cl)cc34)cn2)cn1,"InChI=1S/C20H15ClF3N5/c21-15-6-16-14(10-28-19(16)29-11-15)5-12-2-4-18(26-7-12)27-9-13-1-3-17(25-8-13)20(22,23)24/h1-4,6-8,10-11H,5,9H2,(H,26,27)(H,28,29)",JGWRKYUXBBNENE-UHFFFAOYSA-N,417.82,417.82,5.23,66.49,2.0,4.0,1.0,2,CHEMBL3813873;CHEMBL3989973,PEXIDARTINIB;PEXIDARTINIB HYDROCHLORIDE,1,0.6579145014286041,True,False,True,1,False,C;Cl;F;N,,,False,False,29,5,False,0,0,417.82200000000006,66.49000000000001,5.228000000000002,2,4,4,False,,True,ligands_pdbqt/CHEMBL3813873.pdbqt,-7.42,completed,vina_screening_full/poses/CHEMBL3813873_out.pdbqt,vina_screening_full/logs/CHEMBL3813873.log,178
CHEMBL1201222,LISDEXAMFETAMINE,Small molecule,4.0,2007.0,0,C[C@@H](Cc1ccccc1)NC(=O)[C@@H](N)CCCCN,"InChI=1S/C15H25N3O/c1-12(11-13-7-3-2-4-8-13)18-15(19)14(17)9-5-6-10-16/h2-4,7-8,12,14H,5-6,9-11,16-17H2,1H3,(H,18,19)/t12-,14-/m0/s1",VOBHXZCDAVEXEY-JSGCOSHPSA-N,263.38,263.38,1.19,81.14,3.0,3.0,0.0,2,CHEMBL1201178;CHEMBL1201222,LISDEXAMFETAMINE;LISDEXAMFETAMINE DIMESYLATE,1,0.8743426084518433,True,True,True,1,False,C;N;O,,,False,False,19,8,False,0,0,263.38499999999993,81.14,1.1901,3,3,1,False,,True,ligands_pdbqt/CHEMBL1201222.pdbqt,-7.413,completed,vina_screening_full/poses/CHEMBL1201222_out.pdbqt,vina_screening_full/logs/CHEMBL1201222.log,179
CHEMBL86304,MOCLOBEMIDE,Small molecule,4.0,1990.0,0,O=C(NCCN1CCOCC1)c1ccc(Cl)cc1,"InChI=1S/C13H17ClN2O2/c14-12-3-1-11(2-4-12)13(17)15-5-6-16-7-9-18-10-8-16/h1-4H,5-10H2,(H,15,17)",YHXISWVBGDMDLQ-UHFFFAOYSA-N,268.74,268.74,1.4,41.57,1.0,3.0,0.0,1,CHEMBL86304,MOCLOBEMIDE,1,0.9639779210090638,True,True,True,1,False,C;Cl;N;O,,,False,False,18,4,False,0,0,268.744,41.57000000000001,1.4020000000000006,1,3,2,False,,True,ligands_pdbqt/CHEMBL86304.pdbqt,-7.399,completed,vina_screening_full/poses/CHEMBL86304_out.pdbqt,vina_screening_full/logs/CHEMBL86304.log,180
CHEMBL2107726,ARIMOCLOMOL,Small molecule,4.0,2024.0,0,[O-][n+]1cccc(/C(Cl)=N/OC[C@H](O)CN2CCCCC2)c1,"InChI=1S/C14H20ClN3O3/c15-14(12-5-4-8-18(20)9-12)16-21-11-13(19)10-17-6-2-1-3-7-17/h4-5,8-9,13,19H,1-3,6-7,10-11H2/b16-14-/t13-/m1/s1",SGEIEGAXKLMUIZ-XUVDNFPMSA-N,313.79,313.79,1.08,72.0,1.0,5.0,0.0,2,CHEMBL2107726;CHEMBL4298149,ARIMOCLOMOL;ARIMOCLOMOL CITRATE,1,0.6056707203388214,True,False,True,1,False,C;Cl;N;O,,,False,False,21,6,False,0,0,313.78500000000014,72.0,1.0838,1,5,2,False,,True,ligands_pdbqt/CHEMBL2107726.pdbqt,-7.384,completed,vina_screening_full/poses/CHEMBL2107726_out.pdbqt,vina_screening_full/logs/CHEMBL2107726.log,181
CHEMBL1279,FROVATRIPTAN,Small molecule,4.0,2001.0,0,CN[C@@H]1CCc2[nH]c3ccc(C(N)=O)cc3c2C1,"InChI=1S/C14H17N3O/c1-16-9-3-5-13-11(7-9)10-6-8(14(15)18)2-4-12(10)17-13/h2,4,6,9,16-17H,3,5,7H2,1H3,(H2,15,18)/t9-/m1/s1",XPSQPHWEGNHMSK-SECBINFHSA-N,243.31,243.31,1.34,70.91,3.0,2.0,0.0,2,CHEMBL1279;CHEMBL2138684,FROVATRIPTAN;FROVATRIPTAN SUCCINATE,1,0.9276527881622314,True,True,True,1,False,C;N;O,,,False,False,18,2,False,0,0,243.31,70.91,1.3435,3,2,3,False,,True,ligands_pdbqt/CHEMBL1279.pdbqt,-7.384,completed,vina_screening_full/poses/CHEMBL1279_out.pdbqt,vina_screening_full/logs/CHEMBL1279.log,182
CHEMBL505,CHLORPHENIRAMINE,Small molecule,4.0,1950.0,0,CN(C)CCC(c1ccc(Cl)cc1)c1ccccn1,"InChI=1S/C16H19ClN2/c1-19(2)12-10-15(16-5-3-4-11-18-16)13-6-8-14(17)9-7-13/h3-9,11,15H,10,12H2,1-2H3",SOYKEARSMXGVTM-UHFFFAOYSA-N,274.8,274.8,3.82,16.13,0.0,2.0,0.0,3,CHEMBL1201659;CHEMBL1659;CHEMBL505,CHLORPHENIRAMINE;CHLORPHENIRAMINE MALEATE;CHLORPHENIRAMINE POLISTIREX,1,0.950833773612976,True,True,True,1,False,C;Cl;N,,,False,False,19,5,False,0,0,274.795,16.130000000000003,3.818600000000002,0,2,2,False,,True,ligands_pdbqt/CHEMBL505.pdbqt,-7.373,completed,vina_screening_full/poses/CHEMBL505_out.pdbqt,vina_screening_full/logs/CHEMBL505.log,183
CHEMBL1201353,DEXCHLORPHENIRAMINE,Small molecule,4.0,1981.0,0,CN(C)CC[C@@H](c1ccc(Cl)cc1)c1ccccn1,"InChI=1S/C16H19ClN2/c1-19(2)12-10-15(16-5-3-4-11-18-16)13-6-8-14(17)9-7-13/h3-9,11,15H,10,12H2,1-2H3/t15-/m0/s1",SOYKEARSMXGVTM-HNNXBMFYSA-N,274.8,274.8,3.82,16.13,0.0,2.0,0.0,2,CHEMBL1200927;CHEMBL1201353,DEXCHLORPHENIRAMINE;DEXCHLORPHENIRAMINE MALEATE,1,0.9535513162612916,True,True,True,1,False,C;Cl;N,,,False,False,19,5,False,0,0,274.795,16.130000000000003,3.818600000000002,0,2,2,False,,True,ligands_pdbqt/CHEMBL1201353.pdbqt,-7.369,completed,vina_screening_full/poses/CHEMBL1201353_out.pdbqt,vina_screening_full/logs/CHEMBL1201353.log,184
CHEMBL2106939,POLIHEXANIDE,Small molecule,4.0,2024.0,0,CCCCCCNC(=N)NC(=N)N,"InChI=1S/C8H19N5/c1-2-3-4-5-6-12-8(11)13-7(9)10/h2-6H2,1H3,(H6,9,10,11,12,13)",VAZJLPXFVQHDFB-UHFFFAOYSA-N,185.27,185.27,0.57,97.78,5.0,2.0,0.0,1,CHEMBL2106939,POLIHEXANIDE,1,0.6558822274208069,True,False,True,1,False,C;N,,,False,False,13,5,False,0,0,185.275,97.78,0.5741400000000004,5,2,0,False,,True,ligands_pdbqt/CHEMBL2106939.pdbqt,-7.363,completed,vina_screening_full/poses/CHEMBL2106939_out.pdbqt,vina_screening_full/logs/CHEMBL2106939.log,185
CHEMBL94394,BUFEXAMAC,Small molecule,4.0,,1,CCCCOc1ccc(CC(=O)NO)cc1,"InChI=1S/C12H17NO3/c1-2-3-8-16-11-6-4-10(5-7-11)9-12(14)13-15/h4-7,15H,2-3,8-9H2,1H3,(H,13,14)",MXJWRABVEGLYDG-UHFFFAOYSA-N,223.27,223.27,1.91,58.56,2.0,3.0,0.0,1,CHEMBL94394,BUFEXAMAC,1,0.8252413630485534,True,True,True,1,False,C;N;O,,,False,False,16,6,False,0,0,223.272,58.56,1.9134,2,3,1,False,,True,ligands_pdbqt/CHEMBL94394.pdbqt,-7.36,completed,vina_screening_full/poses/CHEMBL94394_out.pdbqt,vina_screening_full/logs/CHEMBL94394.log,186
CHEMBL1243,SULFABENZAMIDE,Small molecule,4.0,1945.0,0,Nc1ccc(S(=O)(=O)NC(=O)c2ccccc2)cc1,"InChI=1S/C13H12N2O3S/c14-11-6-8-12(9-7-11)19(17,18)15-13(16)10-4-2-1-3-5-10/h1-9H,14H2,(H,15,16)",PBCZLFBEBARBBI-UHFFFAOYSA-N,276.32,276.32,1.39,89.26,2.0,4.0,0.0,1,CHEMBL1243,SULFABENZAMIDE,1,0.7144447326660156,True,False,True,1,False,C;N;O;S,,,False,False,19,3,False,0,0,276.317,89.25999999999999,1.3875,2,4,2,False,,True,ligands_pdbqt/CHEMBL1243.pdbqt,-7.357,completed,vina_screening_full/poses/CHEMBL1243_out.pdbqt,vina_screening_full/logs/CHEMBL1243.log,187
CHEMBL1201227,CYCRIMINE,Small molecule,4.0,1982.0,0,OC(CCN1CCCCC1)(c1ccccc1)C1CCCC1,"InChI=1S/C19H29NO/c21-19(18-11-5-6-12-18,17-9-3-1-4-10-17)13-16-20-14-7-2-8-15-20/h1,3-4,9-10,18,21H,2,5-8,11-16H2",SWRUZBWLEWHWRI-UHFFFAOYSA-N,287.45,287.45,3.94,23.47,1.0,2.0,0.0,2,CHEMBL1200828;CHEMBL1201227,CYCRIMINE;CYCRIMINE HYDROCHLORIDE,1,0.992516279220581,True,True,True,1,False,C;N;O,,,False,False,21,5,False,0,0,287.4470000000001,23.47,3.940400000000003,1,2,3,False,,True,ligands_pdbqt/CHEMBL1201227.pdbqt,-7.346,completed,vina_screening_full/poses/CHEMBL1201227_out.pdbqt,vina_screening_full/logs/CHEMBL1201227.log,188
CHEMBL6466,COUMARIN,Small molecule,4.0,,1,O=c1ccc2ccccc2o1,InChI=1S/C9H6O2/c10-9-6-5-7-3-1-2-4-8(7)11-9/h1-6H,ZYGHJZDHTFUPRJ-UHFFFAOYSA-N,146.14,146.14,1.79,30.21,0.0,2.0,0.0,1,CHEMBL6466,COUMARIN,1,0.953774917125702,True,True,True,1,False,C;O,,,False,False,11,0,False,0,0,146.14499999999998,30.21,1.793,0,2,2,False,,True,ligands_pdbqt/CHEMBL6466.pdbqt,-7.344,completed,vina_screening_full/poses/CHEMBL6466_out.pdbqt,vina_screening_full/logs/CHEMBL6466.log,189
CHEMBL852,MELPHALAN,Small molecule,4.0,1964.0,0,N[C@@H](Cc1ccc(N(CCCl)CCCl)cc1)C(=O)O,"InChI=1S/C13H18Cl2N2O2/c14-5-7-17(8-6-15)11-3-1-10(2-4-11)9-12(16)13(18)19/h1-4,12H,5-9,16H2,(H,18,19)/t12-/m0/s1",SGDBTWWWUNNDEQ-LBPRGKRZSA-N,305.21,305.21,1.93,66.56,2.0,3.0,0.0,2,CHEMBL1200863;CHEMBL852,MELPHALAN;MELPHALAN HYDROCHLORIDE,1,0.6799257397651672,True,False,True,1,False,C;Cl;N;O,,,False,False,19,8,False,0,0,305.205,66.56,1.925,2,3,1,False,,True,ligands_pdbqt/CHEMBL852.pdbqt,-7.343,completed,vina_screening_full/poses/CHEMBL852_out.pdbqt,vina_screening_full/logs/CHEMBL852.log,190
CHEMBL154,NAPROXEN,Small molecule,4.0,1976.0,0,COc1ccc2cc([C@H](C)C(=O)O)ccc2c1,"InChI=1S/C14H14O3/c1-9(14(15)16)10-3-4-12-8-13(17-2)6-5-11(12)7-10/h3-9H,1-2H3,(H,15,16)/t9-/m0/s1",CMWTZPSULFXXJA-VIFPVBQESA-N,230.26,230.26,3.04,46.53,1.0,2.0,0.0,2,CHEMBL1200806;CHEMBL154,NAPROXEN;NAPROXEN SODIUM,1,0.6789486527442932,True,False,True,1,False,C;O,,,False,False,17,3,False,0,0,230.263,46.53,3.036500000000001,1,2,2,False,,True,ligands_pdbqt/CHEMBL154.pdbqt,-7.328,completed,vina_screening_full/poses/CHEMBL154_out.pdbqt,vina_screening_full/logs/CHEMBL154.log,191
CHEMBL1201274,LEVOBETAXOLOL,Small molecule,4.0,2000.0,0,CC(C)NC[C@H](O)COc1ccc(CCOCC2CC2)cc1,"InChI=1S/C18H29NO3/c1-14(2)19-11-17(20)13-22-18-7-5-15(6-8-18)9-10-21-12-16-3-4-16/h5-8,14,16-17,19-20H,3-4,9-13H2,1-2H3/t17-/m0/s1",NWIUTZDMDHAVTP-KRWDZBQOSA-N,307.43,307.43,2.39,50.72,2.0,4.0,0.0,2,CHEMBL1200837;CHEMBL1201274,LEVOBETAXOLOL;LEVOBETAXOLOL HYDROCHLORIDE,1,0.7604754447937012,True,False,True,1,False,C;N;O,,,False,False,22,11,False,0,0,307.434,50.72,2.3934,2,4,2,False,,True,ligands_pdbqt/CHEMBL1201274.pdbqt,-7.326,completed,vina_screening_full/poses/CHEMBL1201274_out.pdbqt,vina_screening_full/logs/CHEMBL1201274.log,192
CHEMBL2105566,FENPROPOREX,Small molecule,4.0,,1,CC(Cc1ccccc1)NCCC#N,"InChI=1S/C12H16N2/c1-11(14-9-5-8-13)10-12-6-3-2-4-7-12/h2-4,6-7,11,14H,5,9-10H2,1H3",IQUFSXIQAFPIMR-UHFFFAOYSA-N,188.27,188.27,2.12,35.82,1.0,2.0,0.0,1,CHEMBL2105566,FENPROPOREX,1,0.952835202217102,True,True,True,1,False,C;N,,,False,False,14,5,False,0,0,188.274,35.82,2.12088,1,2,1,False,,True,ligands_pdbqt/CHEMBL2105566.pdbqt,-7.324,completed,vina_screening_full/poses/CHEMBL2105566_out.pdbqt,vina_screening_full/logs/CHEMBL2105566.log,193
CHEMBL1020,TOLMETIN,Small molecule,4.0,1976.0,0,Cc1ccc(C(=O)c2ccc(CC(=O)O)n2C)cc1,"InChI=1S/C15H15NO3/c1-10-3-5-11(6-4-10)15(19)13-8-7-12(16(13)2)9-14(17)18/h3-8H,9H2,1-2H3,(H,17,18)",UPSPUYADGBWSHF-UHFFFAOYSA-N,257.29,257.29,2.19,59.3,1.0,3.0,0.0,2,CHEMBL1020;CHEMBL1200613,TOLMETIN;TOLMETIN SODIUM,1,0.5428333461284638,True,False,True,1,False,C;N;O,,,False,False,19,4,False,0,0,257.289,59.3,2.1916200000000003,1,2,2,False,,True,ligands_pdbqt/CHEMBL1020.pdbqt,-7.31,completed,vina_screening_full/poses/CHEMBL1020_out.pdbqt,vina_screening_full/logs/CHEMBL1020.log,194
CHEMBL597,PHENTOLAMINE,Small molecule,4.0,1952.0,0,Cc1ccc(N(CC2=NCCN2)c2cccc(O)c2)cc1,"InChI=1S/C17H19N3O/c1-13-5-7-14(8-6-13)20(12-17-18-9-10-19-17)15-3-2-4-16(21)11-15/h2-8,11,21H,9-10,12H2,1H3,(H,18,19)",MRBDMNSDAVCSSF-UHFFFAOYSA-N,281.36,281.36,2.84,47.86,2.0,4.0,0.0,2,CHEMBL1200873;CHEMBL597,PHENTOLAMINE;PHENTOLAMINE MESYLATE,1,0.7707082152366638,True,False,True,1,False,C;N;O,,,False,False,21,4,False,0,0,281.35900000000004,47.86,2.840420000000001,2,4,3,False,,True,ligands_pdbqt/CHEMBL597.pdbqt,-7.31,completed,vina_screening_full/poses/CHEMBL597_out.pdbqt,vina_screening_full/logs/CHEMBL597.log,195
CHEMBL28318,PROPYPHENAZONE,Small molecule,4.0,,1,Cc1c(C(C)C)c(=O)n(-c2ccccc2)n1C,"InChI=1S/C14H18N2O/c1-10(2)13-11(3)15(4)16(14(13)17)12-8-6-5-7-9-12/h5-10H,1-4H3",PXWLVJLKJGVOKE-UHFFFAOYSA-N,230.31,230.31,2.61,26.93,0.0,3.0,0.0,1,CHEMBL28318,PROPYPHENAZONE,1,0.9826880931854248,True,True,True,1,False,C;N;O,,,False,False,17,2,False,0,0,230.31100000000004,26.93,2.607820000000001,0,1,2,False,,True,ligands_pdbqt/CHEMBL28318.pdbqt,-7.307,completed,vina_screening_full/poses/CHEMBL28318_out.pdbqt,vina_screening_full/logs/CHEMBL28318.log,196
CHEMBL750,ZONISAMIDE,Small molecule,4.0,2000.0,0,NS(=O)(=O)Cc1noc2ccccc12,"InChI=1S/C8H8N2O3S/c9-14(11,12)5-7-6-3-1-2-4-8(6)13-10-7/h1-4H,5H2,(H2,9,11,12)",UBQNRHZMVUUOMG-UHFFFAOYSA-N,212.23,212.23,0.62,86.19,1.0,4.0,0.0,1,CHEMBL750,ZONISAMIDE,1,0.9264036178588868,True,True,True,1,False,C;N;O;S,,,False,False,14,2,False,0,0,212.23,86.19000000000001,0.6163,1,4,2,False,,True,ligands_pdbqt/CHEMBL750.pdbqt,-7.301,completed,vina_screening_full/poses/CHEMBL750_out.pdbqt,vina_screening_full/logs/CHEMBL750.log,197
CHEMBL1200522,AVOBENZONE,Small molecule,4.0,1992.0,0,COc1ccc(C(=O)CC(=O)c2ccc(C(C)(C)C)cc2)cc1,"InChI=1S/C20H22O3/c1-20(2,3)16-9-5-14(6-10-16)18(21)13-19(22)15-7-11-17(23-4)12-8-15/h5-12H,13H2,1-4H3",XNEFYCZVKIDDMS-UHFFFAOYSA-N,310.39,310.39,4.45,43.37,0.0,3.0,0.0,1,CHEMBL1200522,AVOBENZONE,1,0.5181533515453338,True,False,True,1,False,C;O,,,False,False,23,5,False,0,0,310.393,43.370000000000005,4.448400000000004,0,3,2,False,,True,ligands_pdbqt/CHEMBL1200522.pdbqt,-7.29,completed,vina_screening_full/poses/CHEMBL1200522_out.pdbqt,vina_screening_full/logs/CHEMBL1200522.log,198
CHEMBL1199307,DISTIGMINE,Small molecule,4.0,,0,CN(CCCCCCN(C)C(=O)Oc1ccc[n+](C)c1)C(=O)Oc1ccc[n+](C)c1,"InChI=1S/C22H32N4O4/c1-23-13-9-11-19(17-23)29-21(27)25(3)15-7-5-6-8-16-26(4)22(28)30-20-12-10-14-24(2)18-20/h9-14,17-18H,5-8,15-16H2,1-4H3/q+2",AHZBEVXBKNYXPU-UHFFFAOYSA-N,416.52,416.52,2.46,66.84,0.0,4.0,0.0,2,CHEMBL1098285;CHEMBL1199307,DISTIGMINE;DISTIGMINE BROMIDE,1,0.5564731240272522,True,False,True,1,False,C;N;O,,,False,False,30,9,False,2,2,416.52200000000016,66.84,2.4574000000000007,0,4,2,False,,True,ligands_pdbqt/CHEMBL1199307.pdbqt,-7.288,completed,vina_screening_full/poses/CHEMBL1199307_out.pdbqt,vina_screening_full/logs/CHEMBL1199307.log,199
CHEMBL127516,BUTAMBEN,Small molecule,4.0,,1,CCCCOC(=O)c1ccc(N)cc1,"InChI=1S/C11H15NO2/c1-2-3-8-14-11(13)9-4-6-10(12)7-5-9/h4-7H,2-3,8,12H2,1H3",IUWVALYLNVXWKX-UHFFFAOYSA-N,193.25,193.25,2.23,52.32,1.0,3.0,0.0,2,CHEMBL127516;CHEMBL3142541,BUTAMBEN;BUTAMBEN PICRATE,1,0.9438337326049804,True,True,True,1,False,C;N;O,,,False,False,14,4,False,0,0,193.246,52.32,2.2257,1,3,1,False,,True,ligands_pdbqt/CHEMBL127516.pdbqt,-7.274,completed,vina_screening_full/poses/CHEMBL127516_out.pdbqt,vina_screening_full/logs/CHEMBL127516.log,200
CHEMBL3545985,BENZPHETAMINE,Small molecule,4.0,1960.0,0,C[C@@H](Cc1ccccc1)N(C)Cc1ccccc1,"InChI=1S/C17H21N/c1-15(13-16-9-5-3-6-10-16)18(2)14-17-11-7-4-8-12-17/h3-12,15H,13-14H2,1-2H3/t15-/m0/s1",YXKTVDFXDRQTKV-HNNXBMFYSA-N,239.36,239.36,3.75,3.24,0.0,1.0,0.0,2,CHEMBL3544906;CHEMBL3545985,BENZPHETAMINE;BENZPHETAMINE HYDROCHLORIDE,1,0.9815988063812257,True,True,True,1,False,C;N,,,False,False,18,5,False,0,0,239.362,3.24,3.749600000000002,0,1,2,False,,True,ligands_pdbqt/CHEMBL3545985.pdbqt,-7.27,completed,vina_screening_full/poses/CHEMBL3545985_out.pdbqt,vina_screening_full/logs/CHEMBL3545985.log,201
CHEMBL521606,NADOLOL,Small molecule,4.0,1979.0,0,CC(C)(C)NCC(O)COc1cccc2c1CC(O)C(O)C2,"InChI=1S/C17H27NO4/c1-17(2,3)18-9-12(19)10-22-16-6-4-5-11-7-14(20)15(21)8-13(11)16/h4-6,12,14-15,18-21H,7-10H2,1-3H3",VWPOSFSPZNDTMJ-UHFFFAOYSA-N,309.41,309.41,0.63,81.95,4.0,5.0,0.0,1,CHEMBL521606,NADOLOL,1,0.6654754042625427,True,False,True,1,False,C;N;O,,,False,False,22,5,False,0,0,309.406,81.95,0.6347999999999998,4,5,2,False,,True,ligands_pdbqt/CHEMBL521606.pdbqt,-7.254,completed,vina_screening_full/poses/CHEMBL521606_out.pdbqt,vina_screening_full/logs/CHEMBL521606.log,202
CHEMBL427216,GLICLAZIDE,Small molecule,4.0,,0,Cc1ccc(S(=O)(=O)NC(=O)NN2CC3CCCC3C2)cc1,"InChI=1S/C15H21N3O3S/c1-11-5-7-14(8-6-11)22(20,21)17-15(19)16-18-9-12-3-2-4-13(12)10-18/h5-8,12-13H,2-4,9-10H2,1H3,(H2,16,17,19)",BOVGTQGAOIONJV-UHFFFAOYSA-N,323.42,323.42,1.63,78.51,2.0,4.0,0.0,1,CHEMBL427216,GLICLAZIDE,1,0.8669059872627258,True,True,True,1,False,C;N;O;S,,,False,False,22,3,False,0,0,323.4180000000001,78.50999999999999,1.6298199999999994,2,4,3,False,,True,ligands_pdbqt/CHEMBL427216.pdbqt,-7.253,completed,vina_screening_full/poses/CHEMBL427216_out.pdbqt,vina_screening_full/logs/CHEMBL427216.log,203
CHEMBL1201131,PIPERONYL BUTOXIDE,Small molecule,4.0,2000.0,0,CCCCOCCOCCOCc1cc2c(cc1CCC)OCO2,"InChI=1S/C19H30O5/c1-3-5-7-20-8-9-21-10-11-22-14-17-13-19-18(23-15-24-19)12-16(17)6-4-2/h12-13H,3-11,14-15H2,1-2H3",FIPWRIJSWJWJAI-UHFFFAOYSA-N,338.44,338.44,3.72,46.15,0.0,5.0,0.0,1,CHEMBL1201131,PIPERONYL BUTOXIDE,1,0.9696285963058472,True,True,True,1,False,C;O,,,False,False,24,13,False,0,0,338.44400000000013,46.150000000000006,3.7177000000000016,0,5,2,False,,True,ligands_pdbqt/CHEMBL1201131.pdbqt,-7.248,completed,vina_screening_full/poses/CHEMBL1201131_out.pdbqt,vina_screening_full/logs/CHEMBL1201131.log,204
CHEMBL1789941,RUXOLITINIB,Small molecule,4.0,2011.0,0,N#CC[C@H](C1CCCC1)n1cc(-c2ncnc3[nH]ccc23)cn1,"InChI=1S/C17H18N6/c18-7-5-15(12-3-1-2-4-12)23-10-13(9-22-23)16-14-6-8-19-17(14)21-11-20-16/h6,8-12,15H,1-5H2,(H,19,20,21)/t15-/m1/s1",HFNKQEVNSGCOJV-OAHLLOKOSA-N,306.37,306.37,3.47,83.18,1.0,5.0,0.0,3,CHEMBL1789941;CHEMBL1795071;CHEMBL4594382,DEURUXOLITINIB PHOSPHATE;RUXOLITINIB;RUXOLITINIB PHOSPHATE,1,0.7880751967430115,True,False,True,1,False,C;N,,,False,False,23,4,False,0,0,306.37300000000005,83.17999999999999,3.466380000000001,1,4,4,False,,True,ligands_pdbqt/CHEMBL1789941.pdbqt,-7.239,completed,vina_screening_full/poses/CHEMBL1789941_out.pdbqt,vina_screening_full/logs/CHEMBL1789941.log,205
CHEMBL1349,VALACYCLOVIR,Small molecule,4.0,1995.0,0,CC(C)[C@H](N)C(=O)OCCOCn1cnc2c(=O)nc(N)[nH]c21,"InChI=1S/C13H20N6O4/c1-7(2)8(14)12(21)23-4-3-22-6-19-5-16-9-10(19)17-13(15)18-11(9)20/h5,7-8H,3-4,6,14H2,1-2H3,(H3,15,17,18,20)/t8-/m0/s1",HDOVUKNUBWVHOX-QMMMGPOBSA-N,324.34,324.34,-0.8,151.14,3.0,9.0,0.0,2,CHEMBL1201110;CHEMBL1349,VALACYCLOVIR;VALACYCLOVIR HYDROCHLORIDE,1,0.8858197450637817,True,True,True,1,False,C;N;O,,,False,False,23,7,False,0,0,324.341,151.14,-0.7975999999999985,3,8,2,False,,True,ligands_pdbqt/CHEMBL1349.pdbqt,-7.238,completed,vina_screening_full/poses/CHEMBL1349_out.pdbqt,vina_screening_full/logs/CHEMBL1349.log,206
CHEMBL1963683,TAFLUPROST,Small molecule,4.0,2012.0,0,CC(C)OC(=O)CCC/C=C\C[C@@H]1[C@@H](/C=C/C(F)(F)COc2ccccc2)[C@H](O)C[C@@H]1O,"InChI=1S/C25H34F2O5/c1-18(2)32-24(30)13-9-4-3-8-12-20-21(23(29)16-22(20)28)14-15-25(26,27)17-31-19-10-6-5-7-11-19/h3,5-8,10-11,14-15,18,20-23,28-29H,4,9,12-13,16-17H2,1-2H3/b8-3-,15-14+/t20-,21-,22+,23-/m1/s1",WSNODXPBBALQOF-VEJSHDCNSA-N,452.54,452.54,4.68,75.99,2.0,5.0,0.0,1,CHEMBL1963683,TAFLUPROST,1,0.941954791545868,True,True,True,1,False,C;F;O,,,False,False,32,12,False,0,0,452.5380000000002,75.99000000000001,4.683000000000005,2,5,2,False,,True,ligands_pdbqt/CHEMBL1963683.pdbqt,-7.237,completed,vina_screening_full/poses/CHEMBL1963683_out.pdbqt,vina_screening_full/logs/CHEMBL1963683.log,207
CHEMBL70972,SERATRODAST,Small molecule,4.0,1995.0,0,CC1=C(C)C(=O)C(C(CCCCCC(=O)O)c2ccccc2)=C(C)C1=O,"InChI=1S/C22H26O4/c1-14-15(2)22(26)20(16(3)21(14)25)18(17-10-6-4-7-11-17)12-8-5-9-13-19(23)24/h4,6-7,10-11,18H,5,8-9,12-13H2,1-3H3,(H,23,24)",ZBVKEHDGYSLCCC-UHFFFAOYSA-N,354.45,354.45,4.61,71.44,1.0,3.0,0.0,1,CHEMBL70972,SERATRODAST,1,0.6841304540634155,True,False,True,1,False,C;O,,,False,False,26,8,False,0,0,354.446,71.44,4.610000000000003,1,3,2,False,,True,ligands_pdbqt/CHEMBL70972.pdbqt,-7.236,completed,vina_screening_full/poses/CHEMBL70972_out.pdbqt,vina_screening_full/logs/CHEMBL70972.log,208
CHEMBL12856,INAMRINONE,Small molecule,4.0,1984.0,0,Nc1cc(-c2ccncc2)c[nH]c1=O,"InChI=1S/C10H9N3O/c11-9-5-8(6-13-10(9)14)7-1-3-12-4-2-7/h1-6H,11H2,(H,13,14)",RNLQIBCLLYYYFJ-UHFFFAOYSA-N,187.2,187.2,1.02,71.77,2.0,3.0,0.0,2,CHEMBL12856;CHEMBL2096642,INAMRINONE;INAMRINONE LACTATE,1,0.6030771255493164,True,False,True,1,False,C;N;O,,,False,False,14,1,False,0,0,187.202,71.77,1.0191,2,3,2,False,,True,ligands_pdbqt/CHEMBL12856.pdbqt,-7.222,completed,vina_screening_full/poses/CHEMBL12856_out.pdbqt,vina_screening_full/logs/CHEMBL12856.log,209
CHEMBL1322884,PHENOTHRIN,Small molecule,4.0,,1,CC(C)=CC1C(C(=O)OCc2cccc(Oc3ccccc3)c2)C1(C)C,"InChI=1S/C23H26O3/c1-16(2)13-20-21(23(20,3)4)22(24)25-15-17-9-8-12-19(14-17)26-18-10-6-5-7-11-18/h5-14,20-21H,15H2,1-4H3",SBNFWQZLDJGRLK-UHFFFAOYSA-N,350.46,350.46,5.76,35.53,0.0,3.0,1.0,1,CHEMBL1322884,PHENOTHRIN,1,0.8580608248710633,True,True,True,1,False,C;O,,,False,False,26,6,False,0,0,350.4580000000001,35.53,5.760500000000005,0,3,3,False,,True,ligands_pdbqt/CHEMBL1322884.pdbqt,-7.219,completed,vina_screening_full/poses/CHEMBL1322884_out.pdbqt,vina_screening_full/logs/CHEMBL1322884.log,210
CHEMBL21869,DIBROMSALAN,Small molecule,4.0,,1,O=C(Nc1ccc(Br)cc1)c1cc(Br)ccc1O,"InChI=1S/C13H9Br2NO2/c14-8-1-4-10(5-2-8)16-13(18)11-7-9(15)3-6-12(11)17/h1-7,17H,(H,16,18)",CTFFKFYWSOSIAA-UHFFFAOYSA-N,371.03,371.03,4.17,49.33,2.0,2.0,0.0,1,CHEMBL21869,DIBROMSALAN,1,0.6917605936527252,True,False,True,1,False,Br;C;N;O,,,False,False,18,2,False,0,0,371.028,49.33,4.169500000000001,2,2,2,False,,True,ligands_pdbqt/CHEMBL21869.pdbqt,-7.218,completed,vina_screening_full/poses/CHEMBL21869_out.pdbqt,vina_screening_full/logs/CHEMBL21869.log,211
CHEMBL621,TRAZODONE,Small molecule,4.0,1981.0,0,O=c1n(CCCN2CCN(c3cccc(Cl)c3)CC2)nc2ccccn12,"InChI=1S/C19H22ClN5O/c20-16-5-3-6-17(15-16)23-13-11-22(12-14-23)8-4-10-25-19(26)24-9-2-1-7-18(24)21-25/h1-3,5-7,9,15H,4,8,10-14H2",PHLBKPHSAVXXEF-UHFFFAOYSA-N,371.87,371.87,2.36,45.78,0.0,6.0,0.0,2,CHEMBL1200798;CHEMBL621,TRAZODONE;TRAZODONE HYDROCHLORIDE,1,0.9765679717063904,True,True,True,1,False,C;Cl;N;O,,,False,False,26,5,False,0,0,371.8720000000001,45.78,2.3617,0,4,4,False,,True,ligands_pdbqt/CHEMBL621.pdbqt,-7.213,completed,vina_screening_full/poses/CHEMBL621_out.pdbqt,vina_screening_full/logs/CHEMBL621.log,212
CHEMBL1464,WARFARIN,Small molecule,4.0,1954.0,0,CC(=O)CC(c1ccccc1)c1c(O)c2ccccc2oc1=O,"InChI=1S/C19H16O4/c1-12(20)11-15(13-7-3-2-4-8-13)17-18(21)14-9-5-6-10-16(14)23-19(17)22/h2-10,15,21H,11H2,1H3",PJVWKTKQMONHTI-UHFFFAOYSA-N,308.33,308.33,3.61,67.51,1.0,4.0,0.0,3,CHEMBL1200772;CHEMBL1200879;CHEMBL1464,WARFARIN;WARFARIN POTASSIUM;WARFARIN SODIUM,1,0.5269957721233368,True,False,True,1,False,C;O,,,False,False,23,4,False,0,0,308.3330000000001,67.50999999999999,3.609600000000003,1,4,3,False,,True,ligands_pdbqt/CHEMBL1464.pdbqt,-7.19,completed,vina_screening_full/poses/CHEMBL1464_out.pdbqt,vina_screening_full/logs/CHEMBL1464.log,213
CHEMBL548,DINOPROSTONE,Small molecule,4.0,1977.0,0,CCCCC[C@H](O)/C=C/[C@H]1[C@H](O)CC(=O)[C@@H]1C/C=C\CCCC(=O)O,"InChI=1S/C20H32O5/c1-2-3-6-9-15(21)12-13-17-16(18(22)14-19(17)23)10-7-4-5-8-11-20(24)25/h4,7,12-13,15-17,19,21,23H,2-3,5-6,8-11,14H2,1H3,(H,24,25)/b7-4-,13-12+/t15-,16+,17+,19+/m0/s1",XEYBRNLFEZDVAW-ARSRFYASSA-N,352.47,352.47,3.25,94.83,3.0,4.0,0.0,1,CHEMBL548,DINOPROSTONE,1,0.6286957442760468,True,False,True,1,False,C;O,,,False,False,25,12,False,0,0,352.4710000000001,94.83,3.251100000000002,3,4,1,False,,True,ligands_pdbqt/CHEMBL548.pdbqt,-7.172,completed,vina_screening_full/poses/CHEMBL548_out.pdbqt,vina_screening_full/logs/CHEMBL548.log,214
CHEMBL2103772,RACECADOTRIL,Small molecule,4.0,,0,CC(=O)SCC(Cc1ccccc1)C(=O)NCC(=O)OCc1ccccc1,"InChI=1S/C21H23NO4S/c1-16(23)27-15-19(12-17-8-4-2-5-9-17)21(25)22-13-20(24)26-14-18-10-6-3-7-11-18/h2-11,19H,12-15H2,1H3,(H,22,25)",ODUOJXZPIYUATO-UHFFFAOYSA-N,385.49,385.49,2.98,72.47,1.0,5.0,0.0,1,CHEMBL2103772,RACECADOTRIL,1,0.8093479752540589,True,True,True,1,False,C;N;O;S,,,False,False,27,9,False,0,0,385.4850000000002,72.47,2.9846000000000013,1,5,2,False,,True,ligands_pdbqt/CHEMBL2103772.pdbqt,-7.167,completed,vina_screening_full/poses/CHEMBL2103772_out.pdbqt,vina_screening_full/logs/CHEMBL2103772.log,215
CHEMBL1929396,ANAGLIPTIN,Small molecule,4.0,,0,Cc1cc2ncc(C(=O)NCC(C)(C)NCC(=O)N3CCC[C@H]3C#N)cn2n1,"InChI=1S/C19H25N7O2/c1-13-7-16-21-9-14(11-26(16)24-13)18(28)22-12-19(2,3)23-10-17(27)25-6-4-5-15(25)8-20/h7,9,11,15,23H,4-6,10,12H2,1-3H3,(H,22,28)/t15-/m0/s1",LDXYBEHACFJIEL-HNNXBMFYSA-N,383.46,383.46,0.65,115.42,2.0,7.0,0.0,1,CHEMBL1929396,ANAGLIPTIN,1,0.5759190499782563,True,False,True,1,False,C;N;O,,,False,False,28,6,False,0,0,383.4560000000001,115.42,0.6503000000000008,2,6,3,False,,True,ligands_pdbqt/CHEMBL1929396.pdbqt,-7.16,completed,vina_screening_full/poses/CHEMBL1929396_out.pdbqt,vina_screening_full/logs/CHEMBL1929396.log,216
CHEMBL1201245,BROMODIPHENHYDRAMINE,Small molecule,4.0,1954.0,0,CN(C)CCOC(c1ccccc1)c1ccc(Br)cc1,"InChI=1S/C17H20BrNO/c1-19(2)12-13-20-17(14-6-4-3-5-7-14)15-8-10-16(18)11-9-15/h3-11,17H,12-13H2,1-2H3",NUNIWXHYABYXKF-UHFFFAOYSA-N,334.26,334.26,4.12,12.47,0.0,2.0,0.0,2,CHEMBL1200967;CHEMBL1201245,BROMODIPHENHYDRAMINE;BROMODIPHENHYDRAMINE HYDROCHLORIDE,1,0.9696483254432678,True,True,True,1,False,Br;C;N;O,,,False,False,20,6,False,0,0,334.257,12.47,4.116700000000003,0,2,2,False,,True,ligands_pdbqt/CHEMBL1201245.pdbqt,-7.15,completed,vina_screening_full/poses/CHEMBL1201245_out.pdbqt,vina_screening_full/logs/CHEMBL1201245.log,217
CHEMBL811,BROMPHENIRAMINE,Small molecule,4.0,1957.0,0,CN(C)CCC(c1ccc(Br)cc1)c1ccccn1,"InChI=1S/C16H19BrN2/c1-19(2)12-10-15(16-5-3-4-11-18-16)13-6-8-14(17)9-7-13/h3-9,11,15H,10,12H2,1-2H3",ZDIGNSYAACHWNL-UHFFFAOYSA-N,319.25,319.25,3.93,16.13,0.0,2.0,0.0,2,CHEMBL1200961;CHEMBL811,BROMPHENIRAMINE;BROMPHENIRAMINE MALEATE,1,0.9663647770881651,True,True,True,1,False,Br;C;N,,,False,False,19,5,False,0,0,319.246,16.130000000000003,3.9277000000000015,0,2,2,False,,True,ligands_pdbqt/CHEMBL811.pdbqt,-7.148,completed,vina_screening_full/poses/CHEMBL811_out.pdbqt,vina_screening_full/logs/CHEMBL811.log,218
CHEMBL1201786,LAPYRIUM,Small molecule,4.0,1982.0,0,CCCCCCCCCCCC(=O)OCCNC(=O)C[n+]1ccccc1,"InChI=1S/C21H34N2O3/c1-2-3-4-5-6-7-8-9-11-14-21(25)26-18-15-22-20(24)19-23-16-12-10-13-17-23/h10,12-13,16-17H,2-9,11,14-15,18-19H2,1H3/p+1",UGJWZYARKOFRDB-UHFFFAOYSA-O,363.52,363.52,3.55,59.28,1.0,3.0,0.0,2,CHEMBL1201786;CHEMBL1201787,LAPYRIUM;LAPYRIUM CHLORIDE,1,0.7871157407760621,True,False,True,1,False,C;N;O,,,False,False,26,15,False,1,1,363.5220000000001,59.28,3.554400000000001,1,3,1,False,,True,ligands_pdbqt/CHEMBL1201786.pdbqt,-7.145,completed,vina_screening_full/poses/CHEMBL1201786_out.pdbqt,vina_screening_full/logs/CHEMBL1201786.log,219
CHEMBL576127,FENSPIRIDE,Small molecule,4.0,,1,O=C1NCC2(CCN(CCc3ccccc3)CC2)O1,"InChI=1S/C15H20N2O2/c18-14-16-12-15(19-14)7-10-17(11-8-15)9-6-13-4-2-1-3-5-13/h1-5H,6-12H2,(H,16,18)",FVNFBBAOMBJTST-UHFFFAOYSA-N,260.34,260.34,1.8,41.57,1.0,3.0,0.0,1,CHEMBL576127,FENSPIRIDE,1,0.980930507183075,True,True,True,1,False,C;N;O,,,False,False,19,3,False,0,0,260.337,41.57000000000001,1.8035,1,3,3,False,,True,ligands_pdbqt/CHEMBL576127.pdbqt,-7.143,completed,vina_screening_full/poses/CHEMBL576127_out.pdbqt,vina_screening_full/logs/CHEMBL576127.log,220
CHEMBL1697856,BUCETIN,Small molecule,4.0,,1,CCOc1ccc(NC(=O)CC(C)O)cc1,"InChI=1S/C12H17NO3/c1-3-16-11-6-4-10(5-7-11)13-12(15)8-9(2)14/h4-7,9,14H,3,8H2,1-2H3,(H,13,15)",LIAWQASKBFCRNR-UHFFFAOYSA-N,223.27,223.27,1.79,58.56,2.0,3.0,0.0,1,CHEMBL1697856,BUCETIN,1,0.7974938869476318,True,False,True,1,False,C;N;O,,,False,False,16,5,False,0,0,223.272,58.56,1.7946999999999995,2,3,1,False,,True,ligands_pdbqt/CHEMBL1697856.pdbqt,-7.139,completed,vina_screening_full/poses/CHEMBL1697856_out.pdbqt,vina_screening_full/logs/CHEMBL1697856.log,221
CHEMBL276832,HYDRALAZINE,Small molecule,4.0,1953.0,0,NNc1nncc2ccccc12,"InChI=1S/C8H8N4/c9-11-8-7-4-2-1-3-6(7)5-10-12-8/h1-5H,9H2,(H,11,12)",RPTUSVTUFVMDQK-UHFFFAOYSA-N,160.18,160.18,0.92,63.83,2.0,4.0,0.0,2,CHEMBL276832;CHEMBL542541,HYDRALAZINE;HYDRALAZINE HYDROCHLORIDE,1,0.8961596608161926,True,True,True,1,False,C;N,,,False,False,12,1,False,0,0,160.17999999999998,63.83,0.9153999999999998,2,4,2,False,,True,ligands_pdbqt/CHEMBL276832.pdbqt,-7.137,completed,vina_screening_full/poses/CHEMBL276832_out.pdbqt,vina_screening_full/logs/CHEMBL276832.log,222
CHEMBL1593719,PHENICARBAZIDE,Small molecule,4.0,,1,NC(=O)NNc1ccccc1,"InChI=1S/C7H9N3O/c8-7(11)10-9-6-4-2-1-3-5-6/h1-5,9H,(H3,8,10,11)",AVKHCKXGKPAGEI-UHFFFAOYSA-N,151.17,151.17,0.68,67.15,3.0,2.0,0.0,1,CHEMBL1593719,PHENICARBAZIDE,1,0.9849761605262756,True,True,True,1,False,C;N;O,,,False,False,11,2,False,0,0,151.16899999999998,67.15,0.6818,3,2,1,False,,True,ligands_pdbqt/CHEMBL1593719.pdbqt,-7.124,completed,vina_screening_full/poses/CHEMBL1593719_out.pdbqt,vina_screening_full/logs/CHEMBL1593719.log,223
CHEMBL1201287,DEXBROMPHENIRAMINE,Small molecule,4.0,1963.0,0,CN(C)CC[C@@H](c1ccc(Br)cc1)c1ccccn1,"InChI=1S/C16H19BrN2/c1-19(2)12-10-15(16-5-3-4-11-18-16)13-6-8-14(17)9-7-13/h3-9,11,15H,10,12H2,1-2H3/t15-/m0/s1",ZDIGNSYAACHWNL-HNNXBMFYSA-N,319.25,319.25,3.93,16.13,0.0,2.0,0.0,2,CHEMBL1200638;CHEMBL1201287,DEXBROMPHENIRAMINE;DEXBROMPHENIRAMINE MALEATE,1,0.9684778571128844,True,True,True,1,False,Br;C;N,,,False,False,19,5,False,0,0,319.246,16.130000000000003,3.9277000000000015,0,2,2,False,,True,ligands_pdbqt/CHEMBL1201287.pdbqt,-7.122,completed,vina_screening_full/poses/CHEMBL1201287_out.pdbqt,vina_screening_full/logs/CHEMBL1201287.log,224
CHEMBL700,SULFAPYRIDINE,Small molecule,4.0,1939.0,0,Nc1ccc(S(=O)(=O)Nc2ccccn2)cc1,"InChI=1S/C11H11N3O2S/c12-9-4-6-10(7-5-9)17(15,16)14-11-3-1-2-8-13-11/h1-8H,12H2,(H,13,14)",GECHUMIMRBOMGK-UHFFFAOYSA-N,249.3,249.3,1.46,85.08,2.0,4.0,0.0,1,CHEMBL700,SULFAPYRIDINE,1,0.653260600566864,True,False,True,1,False,C;N;O;S,,,False,False,17,3,False,0,0,249.29500000000004,85.08,1.4646,2,4,2,False,,True,ligands_pdbqt/CHEMBL700.pdbqt,-7.114,completed,vina_screening_full/poses/CHEMBL700_out.pdbqt,vina_screening_full/logs/CHEMBL700.log,225
CHEMBL439,SULFADIAZINE,Small molecule,4.0,1941.0,0,Nc1ccc(S(=O)(=O)Nc2ncccn2)cc1,"InChI=1S/C10H10N4O2S/c11-8-2-4-9(5-3-8)17(15,16)14-10-12-6-1-7-13-10/h1-7H,11H2,(H,12,13,14)",SEEPANYCNGTZFQ-UHFFFAOYSA-N,250.28,250.28,0.86,97.97,2.0,5.0,0.0,3,CHEMBL1200351;CHEMBL1382627;CHEMBL439,"SULFADIAZINE;SULFADIAZINE SODIUM;SULFADIAZINE, SILVER",1,0.6737795472145081,True,False,True,1,False,C;N;O;S,,,False,False,17,3,False,0,0,250.28300000000004,97.97,0.8596000000000001,2,5,2,False,,True,ligands_pdbqt/CHEMBL439.pdbqt,-7.114,completed,vina_screening_full/poses/CHEMBL439_out.pdbqt,vina_screening_full/logs/CHEMBL439.log,226
CHEMBL229128,MEPHENESIN,Small molecule,4.0,,0,Cc1ccccc1OCC(O)CO,"InChI=1S/C10H14O3/c1-8-4-2-3-5-10(8)13-7-9(12)6-11/h2-5,9,11-12H,6-7H2,1H3",JWDYCNIAQWPBHD-UHFFFAOYSA-N,182.22,182.22,0.73,49.69,2.0,3.0,0.0,1,CHEMBL229128,MEPHENESIN,1,0.8527594447135926,True,True,True,1,False,C;O,,,False,False,13,4,False,0,0,182.219,49.69,0.7270199999999998,2,3,1,False,,True,ligands_pdbqt/CHEMBL229128.pdbqt,-7.109,completed,vina_screening_full/poses/CHEMBL229128_out.pdbqt,vina_screening_full/logs/CHEMBL229128.log,227
CHEMBL1631694,FEXINIDAZOLE,Small molecule,4.0,2021.0,0,CSc1ccc(OCc2ncc([N+](=O)[O-])n2C)cc1,"InChI=1S/C12H13N3O3S/c1-14-11(13-7-12(14)15(16)17)8-18-9-3-5-10(19-2)6-4-9/h3-7H,8H2,1-2H3",MIWWSGDADVMLTG-UHFFFAOYSA-N,279.32,279.32,2.63,70.19,0.0,6.0,0.0,1,CHEMBL1631694,FEXINIDAZOLE,1,0.9397797584533693,True,True,True,1,False,C;N;O;S,,,False,False,19,5,False,0,0,279.321,70.19,2.629200000000001,0,5,2,False,,True,ligands_pdbqt/CHEMBL1631694.pdbqt,-7.107,completed,vina_screening_full/poses/CHEMBL1631694_out.pdbqt,vina_screening_full/logs/CHEMBL1631694.log,228
CHEMBL1454910,NITROXOLINE,Small molecule,4.0,,1,O=[N+]([O-])c1ccc(O)c2ncccc12,"InChI=1S/C9H6N2O3/c12-8-4-3-7(11(13)14)6-2-1-5-10-9(6)8/h1-5,12H",RJIWZDNTCBHXAL-UHFFFAOYSA-N,190.16,190.16,1.85,76.26,1.0,4.0,0.0,1,CHEMBL1454910,NITROXOLINE,1,0.7501557230949402,True,False,True,1,False,C;N;O,,,False,False,14,1,False,0,0,190.158,76.26,1.8486,1,4,2,False,,True,ligands_pdbqt/CHEMBL1454910.pdbqt,-7.098,completed,vina_screening_full/poses/CHEMBL1454910_out.pdbqt,vina_screening_full/logs/CHEMBL1454910.log,229
CHEMBL887,RASAGILINE,Small molecule,4.0,2005.0,0,C#CCN[C@@H]1CCc2ccccc21,"InChI=1S/C12H13N/c1-2-9-13-12-8-7-10-5-3-4-6-11(10)12/h1,3-6,12-13H,7-9H2/t12-/m1/s1",RUOKEQAAGRXIBM-GFCCVEGCSA-N,171.24,171.24,1.9,12.03,1.0,1.0,0.0,3,CHEMBL1201142;CHEMBL6067988;CHEMBL887,RASAGILINE;RASAGILINE MESYLATE;RASAGILINE TARTRATE,1,0.9752081751823424,True,True,True,1,False,C;N,,,False,False,13,2,False,0,0,171.243,12.03,1.8967,1,1,2,False,,True,ligands_pdbqt/CHEMBL887.pdbqt,-7.097,completed,vina_screening_full/poses/CHEMBL887_out.pdbqt,vina_screening_full/logs/CHEMBL887.log,230
CHEMBL951,IOPHENDYLATE,Small molecule,4.0,1982.0,0,CCOC(=O)CCCCCCCCC(C)c1ccc(I)cc1,"InChI=1S/C19H29IO2/c1-3-22-19(21)11-9-7-5-4-6-8-10-16(2)17-12-14-18(20)15-13-17/h12-16H,3-11H2,1-2H3",LAYLQVBQIBQVLL-UHFFFAOYSA-N,416.34,416.34,6.08,26.3,0.0,2.0,1.0,1,CHEMBL951,IOPHENDYLATE,1,0.902850651741028,True,True,True,1,False,C;I;O,,,False,False,22,11,False,0,0,416.343,26.3,6.078600000000006,0,2,1,False,,True,ligands_pdbqt/CHEMBL951.pdbqt,-7.095,completed,vina_screening_full/poses/CHEMBL951_out.pdbqt,vina_screening_full/logs/CHEMBL951.log,231
CHEMBL19490,ZOMEPIRAC,Small molecule,4.0,1980.0,1,Cc1cc(CC(=O)O)n(C)c1C(=O)c1ccc(Cl)cc1,"InChI=1S/C15H14ClNO3/c1-9-7-12(8-13(18)19)17(2)14(9)15(20)10-3-5-11(16)6-4-10/h3-7H,8H2,1-2H3,(H,18,19)",ZXVNMYWKKDOREA-UHFFFAOYSA-N,291.73,291.73,2.85,59.3,1.0,3.0,0.0,2,CHEMBL19490;CHEMBL3989403,ZOMEPIRAC;ZOMEPIRAC SODIUM,1,0.5388311982154846,True,False,True,1,False,C;Cl;N;O,,,False,False,20,4,False,0,0,291.73400000000004,59.3,2.8450200000000017,1,2,2,False,,True,ligands_pdbqt/CHEMBL19490.pdbqt,-7.089,completed,vina_screening_full/poses/CHEMBL19490_out.pdbqt,vina_screening_full/logs/CHEMBL19490.log,232
CHEMBL1200,BENOXINATE,Small molecule,4.0,1982.0,0,CCCCOc1cc(C(=O)OCCN(CC)CC)ccc1N,"InChI=1S/C17H28N2O3/c1-4-7-11-21-16-13-14(8-9-15(16)18)17(20)22-12-10-19(5-2)6-3/h8-9,13H,4-7,10-12,18H2,1-3H3",CMHHMUWAYWTMGS-UHFFFAOYSA-N,308.42,308.42,2.95,64.79,1.0,5.0,0.0,2,CHEMBL1200;CHEMBL1200654,BENOXINATE;BENOXINATE HYDROCHLORIDE,1,0.9493116497993468,True,True,True,1,False,C;N;O,,,False,False,22,10,False,0,0,308.422,64.79,2.946300000000001,1,5,1,False,,True,ligands_pdbqt/CHEMBL1200.pdbqt,-7.084,completed,vina_screening_full/poses/CHEMBL1200_out.pdbqt,vina_screening_full/logs/CHEMBL1200.log,233
CHEMBL1193,PHENIRAMINE,Small molecule,4.0,1994.0,0,CN(C)CCC(c1ccccc1)c1ccccn1,"InChI=1S/C16H20N2/c1-18(2)13-11-15(14-8-4-3-5-9-14)16-10-6-7-12-17-16/h3-10,12,15H,11,13H2,1-2H3",IJHNSHDBIRRJRN-UHFFFAOYSA-N,240.35,240.35,3.17,16.13,0.0,2.0,0.0,2,CHEMBL1193;CHEMBL1653,PHENIRAMINE;PHENIRAMINE MALEATE,1,0.9579238176345826,True,True,True,1,False,C;N,,,False,False,18,5,False,0,0,240.35,16.130000000000003,3.1652000000000013,0,2,2,False,,True,ligands_pdbqt/CHEMBL1193.pdbqt,-7.081,completed,vina_screening_full/poses/CHEMBL1193_out.pdbqt,vina_screening_full/logs/CHEMBL1193.log,234
CHEMBL297302,BENPERIDOL,Small molecule,4.0,,0,O=C(CCCN1CCC(n2c(=O)[nH]c3ccccc32)CC1)c1ccc(F)cc1,"InChI=1S/C22H24FN3O2/c23-17-9-7-16(8-10-17)21(27)6-3-13-25-14-11-18(12-15-25)26-20-5-2-1-4-19(20)24-22(26)28/h1-2,4-5,7-10,18H,3,6,11-15H2,(H,24,28)",FEBOTPHFXYHVPL-UHFFFAOYSA-N,381.45,381.45,3.77,58.1,1.0,4.0,0.0,1,CHEMBL297302,BENPERIDOL,1,0.9761053919792176,True,True,True,1,False,C;F;N;O,,,False,False,28,6,False,0,0,381.4510000000002,58.1,3.7687000000000026,1,3,4,False,,True,ligands_pdbqt/CHEMBL297302.pdbqt,-7.077,completed,vina_screening_full/poses/CHEMBL297302_out.pdbqt,vina_screening_full/logs/CHEMBL297302.log,235
CHEMBL4297585,TRIHEPTANOIN,Small molecule,4.0,2020.0,0,CCCCCCC(=O)OCC(COC(=O)CCCCCC)OC(=O)CCCCCC,"InChI=1S/C24H44O6/c1-4-7-10-13-16-22(25)28-19-21(30-24(27)18-15-12-9-6-3)20-29-23(26)17-14-11-8-5-2/h21H,4-20H2,1-3H3",PJHKBYALYHRYSK-UHFFFAOYSA-N,428.61,428.61,5.9,78.9,0.0,6.0,1.0,1,CHEMBL4297585,TRIHEPTANOIN,1,0.9144716382026672,True,True,True,1,False,C;O,,,False,False,30,20,False,0,0,428.6100000000004,78.9,5.895800000000007,0,6,0,False,,True,ligands_pdbqt/CHEMBL4297585.pdbqt,-7.068,completed,vina_screening_full/poses/CHEMBL4297585_out.pdbqt,vina_screening_full/logs/CHEMBL4297585.log,236
CHEMBL896,HYDROXYZINE,Small molecule,4.0,1956.0,0,OCCOCCN1CCN(C(c2ccccc2)c2ccc(Cl)cc2)CC1,"InChI=1S/C21H27ClN2O2/c22-20-8-6-19(7-9-20)21(18-4-2-1-3-5-18)24-12-10-23(11-13-24)14-16-26-17-15-25/h1-9,21,25H,10-17H2",ZQDWXGKKHFNSQK-UHFFFAOYSA-N,374.91,374.91,3.06,35.94,1.0,4.0,0.0,3,CHEMBL1200467;CHEMBL3186993;CHEMBL896,HYDROXYZINE;HYDROXYZINE HYDROCHLORIDE;HYDROXYZINE PAMOATE,1,0.8963801622390747,True,True,True,1,False,C;Cl;N;O,,,False,False,26,8,False,0,0,374.91200000000015,35.940000000000005,3.055900000000001,1,4,3,False,,True,ligands_pdbqt/CHEMBL896.pdbqt,-7.066,completed,vina_screening_full/poses/CHEMBL896_out.pdbqt,vina_screening_full/logs/CHEMBL896.log,237
CHEMBL404108,LUMIRACOXIB,Small molecule,4.0,2005.0,1,Cc1ccc(Nc2c(F)cccc2Cl)c(CC(=O)O)c1,"InChI=1S/C15H13ClFNO2/c1-9-5-6-13(10(7-9)8-14(19)20)18-15-11(16)3-2-4-12(15)17/h2-7,18H,8H2,1H3,(H,19,20)",KHPKQFYUPIUARC-UHFFFAOYSA-N,293.73,293.73,4.16,49.33,2.0,2.0,0.0,1,CHEMBL404108,LUMIRACOXIB,1,0.6095144629478455,True,False,True,1,False,C;Cl;F;N;O,,,False,False,20,4,False,0,0,293.725,49.33,4.158220000000002,2,2,2,False,,True,ligands_pdbqt/CHEMBL404108.pdbqt,-7.064,completed,vina_screening_full/poses/CHEMBL404108_out.pdbqt,vina_screening_full/logs/CHEMBL404108.log,238
CHEMBL1079,TIZANIDINE,Small molecule,4.0,1996.0,0,Clc1ccc2nsnc2c1NC1=NCCN1,"InChI=1S/C9H8ClN5S/c10-5-1-2-6-8(15-16-14-6)7(5)13-9-11-3-4-12-9/h1-2H,3-4H2,(H2,11,12,13)",XFYDIVBRZNQMJC-UHFFFAOYSA-N,253.72,253.72,1.72,62.2,2.0,6.0,0.0,2,CHEMBL1079;CHEMBL1200329,TIZANIDINE;TIZANIDINE HYDROCHLORIDE,1,0.8094591856002807,True,True,True,1,False,C;Cl;N;S,,,False,False,16,1,False,0,0,253.718,62.2,1.715799999999999,2,6,3,False,,True,ligands_pdbqt/CHEMBL1079.pdbqt,-7.055,completed,vina_screening_full/poses/CHEMBL1079_out.pdbqt,vina_screening_full/logs/CHEMBL1079.log,239
CHEMBL142703,VILDAGLIPTIN,Small molecule,4.0,2007.0,0,N#C[C@@H]1CCCN1C(=O)CNC12CC3CC(CC(O)(C3)C1)C2,"InChI=1S/C17H25N3O2/c18-9-14-2-1-3-20(14)15(21)10-19-16-5-12-4-13(6-16)8-17(22,7-12)11-16/h12-14,19,22H,1-8,10-11H2/t12?,13?,14-,16?,17?/m0/s1",SYOKIDBDQMKNDQ-XWTIBIIYSA-N,303.41,303.41,1.17,76.36,2.0,4.0,0.0,1,CHEMBL142703,VILDAGLIPTIN,1,0.8322124123573303,True,True,True,1,False,C;N;O,,,False,False,22,3,False,0,0,303.4060000000001,76.36,1.1742799999999989,2,4,5,False,,True,ligands_pdbqt/CHEMBL142703.pdbqt,-7.055,completed,vina_screening_full/poses/CHEMBL142703_out.pdbqt,vina_screening_full/logs/CHEMBL142703.log,240
CHEMBL822,TERBINAFINE,Small molecule,4.0,1992.0,0,CN(C/C=C/C#CC(C)(C)C)Cc1cccc2ccccc12,"InChI=1S/C21H25N/c1-21(2,3)15-8-5-9-16-22(4)17-19-13-10-12-18-11-6-7-14-20(18)19/h5-7,9-14H,16-17H2,1-4H3/b9-5+",DOMXUEMWDBAQBQ-WEVVVXLNSA-N,291.44,291.44,4.88,3.24,0.0,1.0,0.0,2,CHEMBL1200832;CHEMBL822,TERBINAFINE;TERBINAFINE HYDROCHLORIDE,1,0.9845370292663574,True,True,True,1,False,C;N,,,False,False,22,4,False,0,0,291.438,3.24,4.877300000000004,0,1,2,False,,True,ligands_pdbqt/CHEMBL822.pdbqt,-7.048,completed,vina_screening_full/poses/CHEMBL822_out.pdbqt,vina_screening_full/logs/CHEMBL822.log,241
CHEMBL810,TEMOZOLOMIDE,Small molecule,4.0,1999.0,0,Cn1nnc2c(C(N)=O)ncn2c1=O,"InChI=1S/C6H6N6O2/c1-11-6(14)12-2-8-3(4(7)13)5(12)9-10-11/h2H,1H3,(H2,7,13)",BPEGJWRSRHCHSN-UHFFFAOYSA-N,194.15,194.15,-2.08,108.17,1.0,7.0,0.0,1,CHEMBL810,TEMOZOLOMIDE,1,0.9313058018684388,True,True,True,1,False,C;N;O,,,False,False,14,1,False,0,0,194.154,108.17000000000002,-2.078099999999999,1,5,2,False,,True,ligands_pdbqt/CHEMBL810.pdbqt,-7.047,completed,vina_screening_full/poses/CHEMBL810_out.pdbqt,vina_screening_full/logs/CHEMBL810.log,242
CHEMBL1241,TRIPELENNAMINE,Small molecule,4.0,1948.0,0,CN(C)CCN(Cc1ccccc1)c1ccccn1,"InChI=1S/C16H21N3/c1-18(2)12-13-19(16-10-6-7-11-17-16)14-15-8-4-3-5-9-15/h3-11H,12-14H2,1-2H3",UFLGIAIHIAPJJC-UHFFFAOYSA-N,255.37,255.37,2.65,19.37,0.0,3.0,0.0,3,CHEMBL1200446;CHEMBL1200769;CHEMBL1241,TRIPELENNAMINE;TRIPELENNAMINE CITRATE;TRIPELENNAMINE HYDROCHLORIDE,1,0.9824194192886352,True,True,True,1,False,C;N,,,False,False,19,6,False,0,0,255.36500000000004,19.37,2.649800000000001,0,3,2,False,,True,ligands_pdbqt/CHEMBL1241.pdbqt,-7.043,completed,vina_screening_full/poses/CHEMBL1241_out.pdbqt,vina_screening_full/logs/CHEMBL1241.log,243
CHEMBL3545185,SELINEXOR,Small molecule,4.0,2019.0,0,O=C(/C=C\n1cnc(-c2cc(C(F)(F)F)cc(C(F)(F)F)c2)n1)NNc1cnccn1,"InChI=1S/C17H11F6N7O/c18-16(19,20)11-5-10(6-12(7-11)17(21,22)23)15-26-9-30(29-15)4-1-14(31)28-27-13-8-24-2-3-25-13/h1-9H,(H,25,27)(H,28,31)/b4-1-",DEVSOMFAQLZNKR-RJRFIUFISA-N,443.31,443.31,3.39,97.62,2.0,7.0,0.0,1,CHEMBL3545185,SELINEXOR,1,0.8309341907501221,True,True,True,1,False,C;F;N;O,,,False,False,31,5,False,0,0,443.311,97.62,3.386700000000001,2,6,3,False,,True,ligands_pdbqt/CHEMBL3545185.pdbqt,-7.04,completed,vina_screening_full/poses/CHEMBL3545185_out.pdbqt,vina_screening_full/logs/CHEMBL3545185.log,244
CHEMBL1909286,PHENOXYPROPAZINE,Small molecule,4.0,,1,CC(COc1ccccc1)NN,"InChI=1S/C9H14N2O/c1-8(11-10)7-12-9-5-3-2-4-6-9/h2-6,8,11H,7,10H2,1H3",QNEXFJFTGQBXBJ-UHFFFAOYSA-N,166.22,166.22,0.92,47.28,2.0,3.0,0.0,1,CHEMBL1909286,PHENOXYPROPAZINE,1,0.7547516047954559,True,False,True,1,False,C;N;O,,,False,False,12,4,False,0,0,166.224,47.28,0.9172000000000002,2,3,1,False,,True,ligands_pdbqt/CHEMBL1909286.pdbqt,-7.021,completed,vina_screening_full/poses/CHEMBL1909286_out.pdbqt,vina_screening_full/logs/CHEMBL1909286.log,245
CHEMBL1077896,ROPIVACAINE,Small molecule,4.0,1996.0,0,CCCN1CCCC[C@H]1C(=O)Nc1c(C)cccc1C,"InChI=1S/C17H26N2O/c1-4-11-19-12-6-5-10-15(19)17(20)18-16-13(2)8-7-9-14(16)3/h7-9,15H,4-6,10-12H2,1-3H3,(H,18,20)/t15-/m0/s1",ZKMNUMMKYBVTFN-HNNXBMFYSA-N,274.41,274.41,3.51,32.34,1.0,2.0,0.0,2,CHEMBL1077896;CHEMBL1889140,ROPIVACAINE;ROPIVACAINE HYDROCHLORIDE,1,0.9983835697174072,True,True,True,1,False,C;N;O,,,False,False,20,4,False,0,0,274.408,32.34,3.5064400000000013,1,2,2,False,,True,ligands_pdbqt/CHEMBL1077896.pdbqt,-7.02,completed,vina_screening_full/poses/CHEMBL1077896_out.pdbqt,vina_screening_full/logs/CHEMBL1077896.log,246
CHEMBL290960,NIFURTIMOX,Small molecule,4.0,2020.0,0,CC1CS(=O)(=O)CCN1/N=C/c1ccc([N+](=O)[O-])o1,"InChI=1S/C10H13N3O5S/c1-8-7-19(16,17)5-4-12(8)11-6-9-2-3-10(18-9)13(14)15/h2-3,6,8H,4-5,7H2,1H3/b11-6+",ARFHIAQFJWUCFH-IZZDOVSWSA-N,287.3,287.3,0.64,106.02,0.0,7.0,0.0,1,CHEMBL290960,NIFURTIMOX,1,0.9684172034263612,True,True,True,1,False,C;N;O;S,,,False,False,19,3,False,0,0,287.297,106.02,0.6406000000000001,0,7,2,False,,True,ligands_pdbqt/CHEMBL290960.pdbqt,-7.014,completed,vina_screening_full/poses/CHEMBL290960_out.pdbqt,vina_screening_full/logs/CHEMBL290960.log,247
CHEMBL13,METOPROLOL,Small molecule,4.0,1978.0,0,COCCc1ccc(OCC(O)CNC(C)C)cc1,"InChI=1S/C15H25NO3/c1-12(2)16-10-14(17)11-19-15-6-4-13(5-7-15)8-9-18-3/h4-7,12,14,16-17H,8-11H2,1-3H3",IUBSYMUCCVWXPE-UHFFFAOYSA-N,267.37,267.37,1.61,50.72,2.0,4.0,0.0,4,CHEMBL13;CHEMBL2062335;CHEMBL2356097;CHEMBL3989566,METOPROLOL;METOPROLOL FUMARATE;METOPROLOL SUCCINATE;METOPROLOL TARTRATE,1,0.6027289688587188,True,False,True,1,False,C;N;O,,,False,False,19,9,False,0,0,267.369,50.72,1.6132,2,4,1,False,,True,ligands_pdbqt/CHEMBL13.pdbqt,-7.008,completed,vina_screening_full/poses/CHEMBL13_out.pdbqt,vina_screening_full/logs/CHEMBL13.log,248
CHEMBL980,GUAIFENESIN,Small molecule,4.0,2002.0,0,COc1ccccc1OCC(O)CO,"InChI=1S/C10H14O4/c1-13-9-4-2-3-5-10(9)14-7-8(12)6-11/h2-5,8,11-12H,6-7H2,1H3",HSRJKNPTNIJEKV-UHFFFAOYSA-N,198.22,198.22,0.43,58.92,2.0,4.0,0.0,1,CHEMBL980,GUAIFENESIN,1,0.9005809903144837,True,True,True,1,False,C;O,,,False,False,14,5,False,0,0,198.218,58.92,0.4272000000000001,2,4,1,False,,True,ligands_pdbqt/CHEMBL980.pdbqt,-7.007,completed,vina_screening_full/poses/CHEMBL980_out.pdbqt,vina_screening_full/logs/CHEMBL980.log,249
CHEMBL782,TOLBUTAMIDE,Small molecule,4.0,1961.0,0,CCCCNC(=O)NS(=O)(=O)c1ccc(C)cc1,"InChI=1S/C12H18N2O3S/c1-3-4-9-13-12(15)14-18(16,17)11-7-5-10(2)6-8-11/h5-8H,3-4,9H2,1-2H3,(H2,13,14,15)",JLRGJRBPOGGCBT-UHFFFAOYSA-N,270.35,270.35,1.78,75.27,2.0,3.0,0.0,2,CHEMBL1200874;CHEMBL782,TOLBUTAMIDE;TOLBUTAMIDE SODIUM,1,0.7402381300926208,True,False,True,1,False,C;N;O;S,,,False,False,18,5,False,0,0,270.354,75.27000000000001,1.78302,2,3,1,False,,True,ligands_pdbqt/CHEMBL782.pdbqt,-7.001,completed,vina_screening_full/poses/CHEMBL782_out.pdbqt,vina_screening_full/logs/CHEMBL782.log,250
CHEMBL972,SELEGILINE,Small molecule,4.0,1989.0,0,C#CCN(C)[C@H](C)Cc1ccccc1,"InChI=1S/C13H17N/c1-4-10-14(3)12(2)11-13-8-6-5-7-9-13/h1,5-9,12H,10-11H2,2-3H3/t12-/m1/s1",MEZLKOACVSPNER-GFCCVEGCSA-N,187.29,187.29,2.18,3.24,0.0,1.0,0.0,2,CHEMBL1200904;CHEMBL972,SELEGILINE;SELEGILINE HYDROCHLORIDE,1,0.9628427624702454,True,True,True,1,False,C;N,,,False,False,14,4,False,0,0,187.286,3.24,2.1826,0,1,1,False,,True,ligands_pdbqt/CHEMBL972.pdbqt,-6.99,completed,vina_screening_full/poses/CHEMBL972_out.pdbqt,vina_screening_full/logs/CHEMBL972.log,251
CHEMBL766,CILASTATIN,Small molecule,4.0,1985.0,0,CC1(C)C[C@@H]1C(=O)N/C(=C\CCCCSC[C@H](N)C(=O)O)C(=O)O,"InChI=1S/C16H26N2O5S/c1-16(2)8-10(16)13(19)18-12(15(22)23)6-4-3-5-7-24-9-11(17)14(20)21/h6,10-11H,3-5,7-9,17H2,1-2H3,(H,18,19)(H,20,21)(H,22,23)/b12-6-/t10-,11+/m1/s1",DHSUYTOATWAVLW-WFVMDLQDSA-N,358.46,358.46,1.43,129.72,4.0,5.0,0.0,2,CHEMBL1201057;CHEMBL766,CILASTATIN;CILASTATIN SODIUM,1,0.7312262892723084,True,False,True,1,False,C;N;O;S,,,False,False,24,11,False,0,0,358.46000000000004,129.72,1.4326000000000003,4,5,1,False,,True,ligands_pdbqt/CHEMBL766.pdbqt,-6.99,completed,vina_screening_full/poses/CHEMBL766_out.pdbqt,vina_screening_full/logs/CHEMBL766.log,252
CHEMBL590,MENADIONE,Small molecule,4.0,1982.0,0,CC1=CC(=O)c2ccccc2C1=O,"InChI=1S/C11H8O2/c1-7-6-10(12)8-4-2-3-5-9(8)11(7)13/h2-6H,1H3",MJVAVZPDRWSRRC-UHFFFAOYSA-N,172.18,172.18,2.01,34.14,0.0,2.0,0.0,1,CHEMBL590,MENADIONE,1,0.966590428352356,True,True,True,1,False,C;O,,,False,False,13,0,False,0,0,172.18299999999996,34.14,2.0119,0,2,2,False,,True,ligands_pdbqt/CHEMBL590.pdbqt,-6.987,completed,vina_screening_full/poses/CHEMBL590_out.pdbqt,vina_screening_full/logs/CHEMBL590.log,253
CHEMBL770,TOLAZOLINE,Small molecule,4.0,1985.0,0,c1ccc(CC2=NCCN2)cc1,"InChI=1S/C10H12N2/c1-2-4-9(5-3-1)8-10-11-6-7-12-10/h1-5H,6-8H2,(H,11,12)",JIVZKJJQOZQXQB-UHFFFAOYSA-N,160.22,160.22,1.23,24.39,1.0,2.0,0.0,2,CHEMBL1689;CHEMBL770,TOLAZOLINE;TOLAZOLINE HYDROCHLORIDE,1,0.8949095487594605,True,True,True,1,False,C;N,,,False,False,12,2,False,0,0,160.22000000000003,24.39,1.2308,1,2,2,False,,True,ligands_pdbqt/CHEMBL770.pdbqt,-6.982,completed,vina_screening_full/poses/CHEMBL770_out.pdbqt,vina_screening_full/logs/CHEMBL770.log,254
CHEMBL640,PROCAINAMIDE,Small molecule,4.0,1950.0,0,CCN(CC)CCNC(=O)c1ccc(N)cc1,"InChI=1S/C13H21N3O/c1-3-16(4-2)10-9-15-13(17)11-5-7-12(14)8-6-11/h5-8H,3-4,9-10,14H2,1-2H3,(H,15,17)",REQCZEXYDRLIBE-UHFFFAOYSA-N,235.33,235.33,1.34,58.36,2.0,3.0,0.0,2,CHEMBL605;CHEMBL640,PROCAINAMIDE;PROCAINAMIDE HYDROCHLORIDE,1,0.9588624596595764,True,True,True,1,False,C;N;O,,,False,False,17,6,False,0,0,235.331,58.36,1.3403999999999996,2,3,1,False,,True,ligands_pdbqt/CHEMBL640.pdbqt,-6.978,completed,vina_screening_full/poses/CHEMBL640_out.pdbqt,vina_screening_full/logs/CHEMBL640.log,255
CHEMBL341812,IBUFENAC,Small molecule,4.0,,1,CC(C)Cc1ccc(CC(=O)O)cc1,"InChI=1S/C12H16O2/c1-9(2)7-10-3-5-11(6-4-10)8-12(13)14/h3-6,9H,7-8H2,1-2H3,(H,13,14)",CYWFCPPBTWOZSF-UHFFFAOYSA-N,192.26,192.26,2.51,37.3,1.0,1.0,0.0,1,CHEMBL341812,IBUFENAC,1,0.5552875518798828,True,False,True,1,False,C;O,,,False,False,14,4,False,0,0,192.258,37.3,2.5122,1,1,1,False,,True,ligands_pdbqt/CHEMBL341812.pdbqt,-6.964,completed,vina_screening_full/poses/CHEMBL341812_out.pdbqt,vina_screening_full/logs/CHEMBL341812.log,256
CHEMBL273575,NOMIFENSINE,Small molecule,4.0,1984.0,1,CN1Cc2c(N)cccc2C(c2ccccc2)C1,"InChI=1S/C16H18N2/c1-18-10-14(12-6-3-2-4-7-12)13-8-5-9-16(17)15(13)11-18/h2-9,14H,10-11,17H2,1H3",XXPANQJNYNUNES-UHFFFAOYSA-N,238.33,238.33,2.85,29.26,1.0,2.0,0.0,2,CHEMBL1256842;CHEMBL273575,NOMIFENSINE;NOMIFENSINE MALEATE,1,0.9963131427764892,True,True,True,1,False,C;N,,,False,False,18,1,False,0,0,238.334,29.26,2.8461000000000016,1,2,3,False,,True,ligands_pdbqt/CHEMBL273575.pdbqt,-6.964,completed,vina_screening_full/poses/CHEMBL273575_out.pdbqt,vina_screening_full/logs/CHEMBL273575.log,257
CHEMBL1628502,GABAPENTIN ENACARBIL,Small molecule,4.0,2011.0,0,CC(OC(=O)NCC1(CC(=O)O)CCCCC1)OC(=O)C(C)C,"InChI=1S/C16H27NO6/c1-11(2)14(20)22-12(3)23-15(21)17-10-16(9-13(18)19)7-5-4-6-8-16/h11-12H,4-10H2,1-3H3,(H,17,21)(H,18,19)",TZDUHAJSIBHXDL-UHFFFAOYSA-N,329.39,329.39,2.68,101.93,2.0,5.0,0.0,1,CHEMBL1628502,GABAPENTIN ENACARBIL,1,0.885866379737854,True,True,True,1,False,C;N;O,,,False,False,23,7,False,0,0,329.39300000000003,101.93,2.683,2,5,1,False,,True,ligands_pdbqt/CHEMBL1628502.pdbqt,-6.954,completed,vina_screening_full/poses/CHEMBL1628502_out.pdbqt,vina_screening_full/logs/CHEMBL1628502.log,258
CHEMBL706,CETYL ALCOHOL,Small molecule,4.0,1990.0,0,CCCCCCCCCCCCCCCCO,"InChI=1S/C16H34O/c1-2-3-4-5-6-7-8-9-10-11-12-13-14-15-16-17/h17H,2-16H2,1H3",BXWNKGSJHAJOGX-UHFFFAOYSA-N,242.45,242.45,5.46,20.23,1.0,1.0,1.0,1,CHEMBL706,CETYL ALCOHOL,1,0.968199336528778,True,True,True,1,False,C;O,,,False,False,17,14,False,0,0,242.44699999999992,20.23,5.460000000000006,1,1,0,False,,True,ligands_pdbqt/CHEMBL706.pdbqt,-6.949,completed,vina_screening_full/poses/CHEMBL706_out.pdbqt,vina_screening_full/logs/CHEMBL706.log,259
CHEMBL1201284,CINACALCET,Small molecule,4.0,2004.0,0,C[C@@H](NCCCc1cccc(C(F)(F)F)c1)c1cccc2ccccc12,"InChI=1S/C22H22F3N/c1-16(20-13-5-10-18-9-2-3-12-21(18)20)26-14-6-8-17-7-4-11-19(15-17)22(23,24)25/h2-5,7,9-13,15-16,26H,6,8,14H2,1H3/t16-/m1/s1",VDHAWDNDOKGFTD-MRXNPFEDSA-N,357.42,357.42,6.14,12.03,1.0,1.0,1.0,2,CHEMBL1200776;CHEMBL1201284,CINACALCET;CINACALCET HYDROCHLORIDE,1,0.9783012628555298,True,True,True,1,False,C;F;N,,,False,False,26,6,False,0,0,357.41900000000004,12.03,6.142000000000005,1,1,3,False,,True,ligands_pdbqt/CHEMBL1201284.pdbqt,-6.948,completed,vina_screening_full/poses/CHEMBL1201284_out.pdbqt,vina_screening_full/logs/CHEMBL1201284.log,260
CHEMBL626,NAFTIFINE,Small molecule,4.0,1988.0,0,CN(C/C=C/c1ccccc1)Cc1cccc2ccccc12,"InChI=1S/C21H21N/c1-22(16-8-11-18-9-3-2-4-10-18)17-20-14-7-13-19-12-5-6-15-21(19)20/h2-15H,16-17H2,1H3/b11-8+",OZGNYLLQHRPOBR-DHZHZOJOSA-N,287.41,287.41,4.99,3.24,0.0,1.0,0.0,2,CHEMBL1200493;CHEMBL626,NAFTIFINE;NAFTIFINE HYDROCHLORIDE,1,0.993774688243866,True,True,True,1,False,C;N,,,False,False,22,5,False,0,0,287.406,3.24,4.985000000000004,0,1,3,False,,True,ligands_pdbqt/CHEMBL626.pdbqt,-6.945,completed,vina_screening_full/poses/CHEMBL626_out.pdbqt,vina_screening_full/logs/CHEMBL626.log,261
CHEMBL254857,FIPEXIDE,Small molecule,4.0,,1,O=C(COc1ccc(Cl)cc1)N1CCN(Cc2ccc3c(c2)OCO3)CC1,"InChI=1S/C20H21ClN2O4/c21-16-2-4-17(5-3-16)25-13-20(24)23-9-7-22(8-10-23)12-15-1-6-18-19(11-15)27-14-26-18/h1-6,11H,7-10,12-14H2",BFUJHVVEMMWLHC-UHFFFAOYSA-N,388.85,388.85,2.79,51.24,0.0,5.0,0.0,1,CHEMBL254857,FIPEXIDE,1,0.9772484779357912,True,True,True,1,False,C;Cl;N;O,,,False,False,27,5,False,0,0,388.85100000000017,51.24000000000001,2.791900000000001,0,5,4,False,,True,ligands_pdbqt/CHEMBL254857.pdbqt,-6.944,completed,vina_screening_full/poses/CHEMBL254857_out.pdbqt,vina_screening_full/logs/CHEMBL254857.log,262
CHEMBL6995,PRACTOLOL,Small molecule,4.0,,1,CC(=O)Nc1ccc(OCC(O)CNC(C)C)cc1,"InChI=1S/C14H22N2O3/c1-10(2)15-8-13(18)9-19-14-6-4-12(5-7-14)16-11(3)17/h4-7,10,13,15,18H,8-9H2,1-3H3,(H,16,17)",DURULFYMVIFBIR-UHFFFAOYSA-N,266.34,266.34,1.38,70.59,3.0,4.0,0.0,1,CHEMBL6995,PRACTOLOL,1,0.7245741605758667,True,False,True,1,False,C;N;O,,,False,False,19,7,False,0,0,266.34099999999995,70.59,1.3826999999999992,3,4,1,False,,True,ligands_pdbqt/CHEMBL6995.pdbqt,-6.944,completed,vina_screening_full/poses/CHEMBL6995_out.pdbqt,vina_screening_full/logs/CHEMBL6995.log,263
CHEMBL799,CILOSTAZOL,Small molecule,4.0,1999.0,0,O=C1CCc2cc(OCCCCc3nnnn3C3CCCCC3)ccc2N1,"InChI=1S/C20H27N5O2/c26-20-12-9-15-14-17(10-11-18(15)21-20)27-13-5-4-8-19-22-23-24-25(19)16-6-2-1-3-7-16/h10-11,14,16H,1-9,12-13H2,(H,21,26)",RRGUKTPIGVIEKM-UHFFFAOYSA-N,369.47,369.47,3.46,81.93,1.0,6.0,0.0,1,CHEMBL799,CILOSTAZOL,1,0.9585275292396546,True,True,True,1,False,C;N;O,,,False,False,27,7,False,0,0,369.4690000000002,81.93,3.464700000000001,1,5,4,False,,True,ligands_pdbqt/CHEMBL799.pdbqt,-6.941,completed,vina_screening_full/poses/CHEMBL799_out.pdbqt,vina_screening_full/logs/CHEMBL799.log,264
CHEMBL526,PROPOFOL,Small molecule,4.0,1989.0,0,CC(C)c1cccc(C(C)C)c1O,"InChI=1S/C12H18O/c1-8(2)10-6-5-7-11(9(3)4)12(10)13/h5-9,13H,1-4H3",OLBCVFGFOZPWHH-UHFFFAOYSA-N,178.27,178.27,3.64,20.23,1.0,1.0,0.0,1,CHEMBL526,PROPOFOL,1,0.7470587491989136,True,False,True,1,False,C;O,,,False,False,13,2,False,0,0,178.27499999999995,20.23,3.6390000000000025,1,1,1,False,,True,ligands_pdbqt/CHEMBL526.pdbqt,-6.94,completed,vina_screening_full/poses/CHEMBL526_out.pdbqt,vina_screening_full/logs/CHEMBL526.log,265
CHEMBL1201784,HEXAMINOLEVULINATE,Small molecule,4.0,2010.0,0,CCCCCCOC(=O)CCC(=O)CN,"InChI=1S/C11H21NO3/c1-2-3-4-5-8-15-11(14)7-6-10(13)9-12/h2-9,12H2,1H3",RYQOILLJDKPETL-UHFFFAOYSA-N,215.29,215.29,1.42,69.39,1.0,4.0,0.0,2,CHEMBL1201784;CHEMBL1201785,HEXAMINOLEVULINATE;HEXAMINOLEVULINATE HYDROCHLORIDE,1,0.9444501876831056,True,True,True,1,False,C;N;O,,,False,False,15,9,False,0,0,215.29299999999995,69.39,1.4179,1,4,0,False,,True,ligands_pdbqt/CHEMBL1201784.pdbqt,-6.937,completed,vina_screening_full/poses/CHEMBL1201784_out.pdbqt,vina_screening_full/logs/CHEMBL1201784.log,266
CHEMBL1089,PHENELZINE,Small molecule,4.0,1961.0,0,NNCCc1ccccc1,"InChI=1S/C8H12N2/c9-10-7-6-8-4-2-1-3-5-8/h1-5,10H,6-7,9H2",RMUCZJUITONUFY-UHFFFAOYSA-N,136.2,136.2,0.69,38.05,2.0,2.0,0.0,2,CHEMBL1089;CHEMBL1200895,PHENELZINE;PHENELZINE SULFATE,1,0.8906135559082031,True,True,True,1,False,C;N,,,False,False,10,3,False,0,0,136.19799999999998,38.05,0.6923999999999992,2,2,1,False,,True,ligands_pdbqt/CHEMBL1089.pdbqt,-6.933,completed,vina_screening_full/poses/CHEMBL1089_out.pdbqt,vina_screening_full/logs/CHEMBL1089.log,267
CHEMBL190461,CANNABIDIOL,Small molecule,4.0,2018.0,0,C=C(C)[C@@H]1CCC(C)=C[C@H]1c1c(O)cc(CCCCC)cc1O,"InChI=1S/C21H30O2/c1-5-6-7-8-16-12-19(22)21(20(23)13-16)18-11-15(4)9-10-17(18)14(2)3/h11-13,17-18,22-23H,2,5-10H2,1,3-4H3/t17-,18+/m0/s1",QHMBSVQNZZTUGM-ZWKOTPCHSA-N,314.47,314.47,5.85,40.46,2.0,2.0,1.0,1,CHEMBL190461,CANNABIDIOL,1,0.6713188469409943,True,False,True,1,False,C;O,,,False,False,23,6,False,0,0,314.469,40.46,5.846500000000006,2,2,2,False,,True,ligands_pdbqt/CHEMBL190461.pdbqt,-6.93,completed,vina_screening_full/poses/CHEMBL190461_out.pdbqt,vina_screening_full/logs/CHEMBL190461.log,268
CHEMBL463,AMINOHIPPURIC ACID,Small molecule,4.0,1982.0,0,Nc1ccc(C(=O)NCC(=O)O)cc1,"InChI=1S/C9H10N2O3/c10-7-3-1-6(2-4-7)9(14)11-5-8(12)13/h1-4H,5,10H2,(H,11,14)(H,12,13)",HSMNQINEKMPTIC-UHFFFAOYSA-N,194.19,194.19,0.08,92.42,3.0,3.0,0.0,2,CHEMBL1200365;CHEMBL463,AMINOHIPPURATE SODIUM;AMINOHIPPURIC ACID,1,0.7928673624992371,True,False,True,1,False,C;N;O,,,False,False,14,3,False,0,0,194.19000000000003,92.42,0.0831999999999996,3,3,1,False,,True,ligands_pdbqt/CHEMBL463.pdbqt,-6.917,completed,vina_screening_full/poses/CHEMBL463_out.pdbqt,vina_screening_full/logs/CHEMBL463.log,269
CHEMBL1909285,NITREFAZOLE,Small molecule,4.0,,1,Cc1nc([N+](=O)[O-])cn1-c1ccc([N+](=O)[O-])cc1,"InChI=1S/C10H8N4O4/c1-7-11-10(14(17)18)6-12(7)8-2-4-9(5-3-8)13(15)16/h2-6H,1H3",NMTBSNPBIGRZBL-UHFFFAOYSA-N,248.2,248.2,2.0,104.1,0.0,6.0,0.0,1,CHEMBL1909285,NITREFAZOLE,1,0.9771422386169434,True,True,True,1,False,C;N;O,,,False,False,18,3,False,0,0,248.198,104.1,1.99712,0,5,2,False,,True,ligands_pdbqt/CHEMBL1909285.pdbqt,-6.912,completed,vina_screening_full/poses/CHEMBL1909285_out.pdbqt,vina_screening_full/logs/CHEMBL1909285.log,270
CHEMBL905,RIZATRIPTAN,Small molecule,4.0,1998.0,0,CN(C)CCc1c[nH]c2ccc(Cn3cncn3)cc12,"InChI=1S/C15H19N5/c1-19(2)6-5-13-8-17-15-4-3-12(7-14(13)15)9-20-11-16-10-18-20/h3-4,7-8,10-11,17H,5-6,9H2,1-2H3",ULFRLSNUDGIQQP-UHFFFAOYSA-N,269.35,269.35,1.91,49.74,1.0,4.0,0.0,2,CHEMBL1201032;CHEMBL905,RIZATRIPTAN;RIZATRIPTAN BENZOATE,1,0.8538152694702148,True,True,True,1,False,C;N,,,False,False,20,5,False,0,0,269.35200000000003,49.74,1.9118,1,3,3,False,,True,ligands_pdbqt/CHEMBL905.pdbqt,-6.907,completed,vina_screening_full/poses/CHEMBL905_out.pdbqt,vina_screening_full/logs/CHEMBL905.log,271
CHEMBL169901,DEBRISOQUIN,Small molecule,4.0,,0,N=C(N)N1CCc2ccccc2C1,"InChI=1S/C10H13N3/c11-10(12)13-6-5-8-3-1-2-4-9(8)7-13/h1-4H,5-7H2,(H3,11,12)",JWPGJSVJDAJRLW-UHFFFAOYSA-N,175.24,175.24,0.94,53.11,2.0,1.0,0.0,2,CHEMBL1593558;CHEMBL169901,DEBRISOQUIN;DEBRISOQUIN SULFATE,1,0.9108910202980042,True,True,True,1,False,C;N,,,False,False,13,0,False,0,0,175.235,53.11000000000001,0.9381699999999996,2,1,2,False,,True,ligands_pdbqt/CHEMBL169901.pdbqt,-6.902,completed,vina_screening_full/poses/CHEMBL169901_out.pdbqt,vina_screening_full/logs/CHEMBL169901.log,272
CHEMBL290916,EDARAVONE,Small molecule,4.0,2017.0,0,CC1=NN(c2ccccc2)C(=O)C1,"InChI=1S/C10H10N2O/c1-8-7-10(13)12(11-8)9-5-3-2-4-6-9/h2-6H,7H2,1H3",QELUYTUMUWHWMC-UHFFFAOYSA-N,174.2,174.2,1.8,32.67,0.0,2.0,0.0,1,CHEMBL290916,EDARAVONE,1,0.9930749654769896,True,True,True,1,False,C;N;O,,,False,False,13,1,False,0,0,174.20299999999995,32.67,1.7992,0,2,2,False,,True,ligands_pdbqt/CHEMBL290916.pdbqt,-6.9,completed,vina_screening_full/poses/CHEMBL290916_out.pdbqt,vina_screening_full/logs/CHEMBL290916.log,273
CHEMBL1177,PEMOLINE,Small molecule,4.0,1975.0,1,NC1=NC(=O)C(c2ccccc2)O1,"InChI=1S/C9H8N2O2/c10-9-11-8(12)7(13-9)6-4-2-1-3-5-6/h1-5,7H,(H2,10,11,12)",NRNCYVBFPDDJNE-UHFFFAOYSA-N,176.18,176.18,0.6,64.68,1.0,3.0,0.0,1,CHEMBL1177,PEMOLINE,1,0.9767303228378296,True,True,True,1,False,C;N;O,,,False,False,13,1,False,0,0,176.17499999999998,64.67999999999999,0.5992000000000001,1,3,2,False,,True,ligands_pdbqt/CHEMBL1177.pdbqt,-6.894,completed,vina_screening_full/poses/CHEMBL1177_out.pdbqt,vina_screening_full/logs/CHEMBL1177.log,274
CHEMBL641,ATOMOXETINE,Small molecule,4.0,2002.0,0,CNCC[C@@H](Oc1ccccc1C)c1ccccc1,"InChI=1S/C17H21NO/c1-14-8-6-7-11-16(14)19-17(12-13-18-2)15-9-4-3-5-10-15/h3-11,17-18H,12-13H2,1-2H3/t17-/m1/s1",VHGCDTVCOLNTBX-QGZVFWFLSA-N,255.36,255.36,3.72,21.26,1.0,2.0,0.0,2,CHEMBL1702;CHEMBL641,ATOMOXETINE;ATOMOXETINE HYDROCHLORIDE,1,0.9200522303581238,True,True,True,1,False,C;N;O,,,False,False,19,6,False,0,0,255.361,21.26,3.7246200000000034,1,2,2,False,,True,ligands_pdbqt/CHEMBL641.pdbqt,-6.891,completed,vina_screening_full/poses/CHEMBL641_out.pdbqt,vina_screening_full/logs/CHEMBL641.log,275
CHEMBL1380,ABACAVIR,Small molecule,4.0,1998.0,0,Nc1nc(NC2CC2)c2ncn([C@H]3C=C[C@@H](CO)C3)c2n1,"InChI=1S/C14H18N6O/c15-14-18-12(17-9-2-3-9)11-13(19-14)20(7-16-11)10-4-1-8(5-10)6-21/h1,4,7-10,21H,2-3,5-6H2,(H3,15,17,18,19)/t8-,10+/m1/s1",MCGSCOLBFJQGHM-SCZZXKLOSA-N,286.34,286.34,1.09,101.88,3.0,7.0,0.0,2,CHEMBL1380;CHEMBL4303288,ABACAVIR;ABACAVIR SULFATE,1,0.8279599189758301,True,True,True,1,False,C;N;O,,,False,False,21,4,False,0,0,286.33900000000006,101.88,1.0922999999999998,3,6,4,False,,True,ligands_pdbqt/CHEMBL1380.pdbqt,-6.889,completed,vina_screening_full/poses/CHEMBL1380_out.pdbqt,vina_screening_full/logs/CHEMBL1380.log,276
CHEMBL1200453,DOCOSANOL,Small molecule,4.0,2000.0,0,CCCCCCCCCCCCCCCCCCCCCCO,"InChI=1S/C22H46O/c1-2-3-4-5-6-7-8-9-10-11-12-13-14-15-16-17-18-19-20-21-22-23/h23H,2-22H2,1H3",NOPFSRXAKWQILS-UHFFFAOYSA-N,326.61,326.61,7.8,20.23,1.0,1.0,1.0,1,CHEMBL1200453,DOCOSANOL,1,0.9108238577842712,True,True,True,1,False,C;O,,,False,False,23,20,False,0,0,326.60900000000004,20.23,7.800600000000008,1,1,0,False,,True,ligands_pdbqt/CHEMBL1200453.pdbqt,-6.886,completed,vina_screening_full/poses/CHEMBL1200453_out.pdbqt,vina_screening_full/logs/CHEMBL1200453.log,277
CHEMBL1129,TRIFLURIDINE,Small molecule,4.0,1980.0,0,O=c1[nH]c(=O)n([C@H]2C[C@H](O)[C@@H](CO)O2)cc1C(F)(F)F,"InChI=1S/C10H11F3N2O5/c11-10(12,13)4-2-15(9(19)14-8(4)18)7-1-5(17)6(3-16)20-7/h2,5-7,16-17H,1,3H2,(H,14,18,19)/t5-,6+,7+/m0/s1",VSQQQLOSPVPRAZ-RRKCRQDMSA-N,296.2,296.2,-0.8,104.55,3.0,6.0,0.0,1,CHEMBL1129,TRIFLURIDINE,1,0.7130433082580566,True,False,True,1,False,C;F;N;O,,,False,False,20,2,False,0,0,296.201,104.55,-0.8039000000000001,3,5,2,False,,True,ligands_pdbqt/CHEMBL1129.pdbqt,-6.886,completed,vina_screening_full/poses/CHEMBL1129_out.pdbqt,vina_screening_full/logs/CHEMBL1129.log,278
CHEMBL1095,ETHOTOIN,Small molecule,4.0,1957.0,0,CCN1C(=O)NC(c2ccccc2)C1=O,"InChI=1S/C11H12N2O2/c1-2-13-10(14)9(12-11(13)15)8-6-4-3-5-7-8/h3-7,9H,2H2,1H3,(H,12,15)",SZQIFWWUIBRPBZ-UHFFFAOYSA-N,204.23,204.23,1.3,49.41,1.0,2.0,0.0,1,CHEMBL1095,ETHOTOIN,1,0.9950796604156494,True,True,True,1,False,C;N;O,,,False,False,15,2,False,0,0,204.229,49.41,1.2994,1,2,2,False,,True,ligands_pdbqt/CHEMBL1095.pdbqt,-6.882,completed,vina_screening_full/poses/CHEMBL1095_out.pdbqt,vina_screening_full/logs/CHEMBL1095.log,279
CHEMBL1201192,ARMODAFINIL,Small molecule,4.0,2007.0,0,NC(=O)C[S@@+]([O-])C(c1ccccc1)c1ccccc1,"InChI=1S/C15H15NO2S/c16-14(17)11-19(18)15(12-7-3-1-4-8-12)13-9-5-2-6-10-13/h1-10,15H,11H2,(H2,16,17)/t19-/m1/s1",YFGHCGITMMYXAQ-LJQANCHMSA-N,273.36,273.36,2.01,66.15,1.0,2.0,0.0,1,CHEMBL1201192,ARMODAFINIL,1,0.927165961265564,True,True,True,1,False,C;N;O;S,,,False,False,19,5,False,0,0,273.357,66.15,2.01,1,2,2,False,,True,ligands_pdbqt/CHEMBL1201192.pdbqt,-6.879,completed,vina_screening_full/poses/CHEMBL1201192_out.pdbqt,vina_screening_full/logs/CHEMBL1201192.log,280
CHEMBL1201233,METHYLDOPATE,Small molecule,4.0,1962.0,0,CCOC(=O)[C@@](C)(N)Cc1ccc(O)c(O)c1,"InChI=1S/C12H17NO4/c1-3-17-11(16)12(2,13)7-8-4-5-9(14)10(15)6-8/h4-6,14-15H,3,7,13H2,1-2H3/t12-/m0/s1",SVEBYYWCXTVYCR-LBPRGKRZSA-N,239.27,239.27,0.92,92.78,3.0,5.0,0.0,2,CHEMBL1200432;CHEMBL1201233,METHYLDOPATE;METHYLDOPATE HYDROCHLORIDE,1,0.5777551054954528,True,False,True,1,False,C;N;O,,,False,False,17,4,False,0,0,239.271,92.78,0.9207999999999996,3,5,1,False,,True,ligands_pdbqt/CHEMBL1201233.pdbqt,-6.878,completed,vina_screening_full/poses/CHEMBL1201233_out.pdbqt,vina_screening_full/logs/CHEMBL1201233.log,281
CHEMBL515,CHLORAMBUCIL,Small molecule,4.0,1957.0,0,O=C(O)CCCc1ccc(N(CCCl)CCCl)cc1,"InChI=1S/C14H19Cl2NO2/c15-8-10-17(11-9-16)13-6-4-12(5-7-13)2-1-3-14(18)19/h4-7H,1-3,8-11H2,(H,18,19)",JCKYGMPEJWAADB-UHFFFAOYSA-N,304.22,304.22,3.38,40.54,1.0,2.0,0.0,1,CHEMBL515,CHLORAMBUCIL,1,0.6938711047172547,True,False,True,1,False,C;Cl;N;O,,,False,False,19,9,False,0,0,304.217,40.54,3.377900000000002,1,2,1,False,,True,ligands_pdbqt/CHEMBL515.pdbqt,-6.878,completed,vina_screening_full/poses/CHEMBL515_out.pdbqt,vina_screening_full/logs/CHEMBL515.log,282
CHEMBL12713,SERTINDOLE,Small molecule,4.0,1996.0,1,O=C1NCCN1CCN1CCC(c2cn(-c3ccc(F)cc3)c3ccc(Cl)cc23)CC1,"InChI=1S/C24H26ClFN4O/c25-18-1-6-23-21(15-18)22(16-30(23)20-4-2-19(26)3-5-20)17-7-10-28(11-8-17)13-14-29-12-9-27-24(29)31/h1-6,15-17H,7-14H2,(H,27,31)",GZKLJWGUPQBVJQ-UHFFFAOYSA-N,440.95,440.95,4.63,40.51,1.0,3.0,0.0,1,CHEMBL12713,SERTINDOLE,1,0.9800525546073914,True,True,True,1,False,C;Cl;F;N;O,,,False,False,31,5,False,0,0,440.9500000000002,40.510000000000005,4.627600000000004,1,2,5,False,,True,ligands_pdbqt/CHEMBL12713.pdbqt,-6.87,completed,vina_screening_full/poses/CHEMBL12713_out.pdbqt,vina_screening_full/logs/CHEMBL12713.log,283
CHEMBL768,ESMOLOL,Small molecule,4.0,1986.0,1,COC(=O)CCc1ccc(OCC(O)CNC(C)C)cc1,"InChI=1S/C16H25NO4/c1-12(2)17-10-14(18)11-21-15-7-4-13(5-8-15)6-9-16(19)20-3/h4-5,7-8,12,14,17-18H,6,9-11H2,1-3H3",AQNDDEOPVVGCPG-UHFFFAOYSA-N,295.38,295.38,1.53,67.79,2.0,5.0,0.0,2,CHEMBL1201115;CHEMBL768,ESMOLOL;ESMOLOL HYDROCHLORIDE,1,0.5569408237934113,True,False,True,1,False,C;N;O,,,False,False,21,9,False,0,0,295.379,67.79,1.5298999999999996,2,5,1,False,,True,ligands_pdbqt/CHEMBL768.pdbqt,-6.852,completed,vina_screening_full/poses/CHEMBL768_out.pdbqt,vina_screening_full/logs/CHEMBL768.log,284
CHEMBL1201281,CHLORAMPHENICOL SUCCINIC ACID,Small molecule,4.0,1959.0,0,O=C(O)CCC(=O)OC[C@@H](NC(=O)C(Cl)Cl)[C@H](O)c1ccc([N+](=O)[O-])cc1,"InChI=1S/C15H16Cl2N2O8/c16-14(17)15(24)18-10(7-27-12(22)6-5-11(20)21)13(23)8-1-3-9(4-2-8)19(25)26/h1-4,10,13-14,23H,5-7H2,(H,18,24)(H,20,21)/t10-,13-/m1/s1",LIRCDOVJWUGTMW-ZWNOBZJWSA-N,423.2,423.2,1.32,156.07,3.0,7.0,0.0,2,CHEMBL1200729;CHEMBL1201281,CHLORAMPHENICOL SODIUM SUCCINATE;CHLORAMPHENICOL SUCCINIC ACID,1,0.5581410467624665,True,False,True,1,False,C;Cl;N;O,,,False,False,27,10,False,0,0,423.20500000000015,156.07,1.3247,3,7,1,False,,True,ligands_pdbqt/CHEMBL1201281.pdbqt,-6.852,completed,vina_screening_full/poses/CHEMBL1201281_out.pdbqt,vina_screening_full/logs/CHEMBL1201281.log,285
CHEMBL404849,SULOCTIDIL,Small molecule,4.0,1979.0,1,CCCCCCCCNC(C)C(O)c1ccc(SC(C)C)cc1,"InChI=1S/C20H35NOS/c1-5-6-7-8-9-10-15-21-17(4)20(22)18-11-13-19(14-12-18)23-16(2)3/h11-14,16-17,20-22H,5-10,15H2,1-4H3",BFCDFTHTSVTWOG-UHFFFAOYSA-N,337.57,337.57,5.56,32.26,2.0,3.0,1.0,1,CHEMBL404849,SULOCTIDIL,1,0.6442053556442261,True,False,True,1,False,C;N;O;S,,,False,False,23,12,False,0,0,337.5730000000001,32.26,5.559100000000006,2,3,1,False,,True,ligands_pdbqt/CHEMBL404849.pdbqt,-6.851,completed,vina_screening_full/poses/CHEMBL404849_out.pdbqt,vina_screening_full/logs/CHEMBL404849.log,286
CHEMBL267744,TICRYNAFEN,Small molecule,4.0,1979.0,1,O=C(O)COc1ccc(C(=O)c2cccs2)c(Cl)c1Cl,"InChI=1S/C13H8Cl2O4S/c14-11-7(13(18)9-2-1-5-20-9)3-4-8(12(11)15)19-6-10(16)17/h1-5H,6H2,(H,16,17)",AGHANLSBXUWXTB-UHFFFAOYSA-N,331.18,331.18,3.75,63.6,1.0,4.0,0.0,1,CHEMBL267744,TICRYNAFEN,1,0.5332192182540894,True,False,True,1,False,C;Cl;O;S,,,False,False,20,5,False,0,0,331.17600000000004,63.6,3.7493000000000016,1,4,2,False,,True,ligands_pdbqt/CHEMBL267744.pdbqt,-6.851,completed,vina_screening_full/poses/CHEMBL267744_out.pdbqt,vina_screening_full/logs/CHEMBL267744.log,287
CHEMBL712,ANISINDIONE,Small molecule,4.0,1957.0,0,COc1ccc(C2C(=O)c3ccccc3C2=O)cc1,"InChI=1S/C16H12O3/c1-19-11-8-6-10(7-9-11)14-15(17)12-4-2-3-5-13(12)16(14)18/h2-9,14H,1H3",XRCFXMGQEVUZFC-UHFFFAOYSA-N,252.27,252.27,2.86,43.37,0.0,3.0,0.0,1,CHEMBL712,ANISINDIONE,1,0.8533785700798034,True,True,True,1,False,C;O,,,False,False,19,2,False,0,0,252.269,43.370000000000005,2.8580000000000005,0,3,3,False,,True,ligands_pdbqt/CHEMBL712.pdbqt,-6.851,completed,vina_screening_full/poses/CHEMBL712_out.pdbqt,vina_screening_full/logs/CHEMBL712.log,288
CHEMBL1321,PROCARBAZINE,Small molecule,4.0,1969.0,0,CNNCc1ccc(C(=O)NC(C)C)cc1,"InChI=1S/C12H19N3O/c1-9(2)15-12(16)11-6-4-10(5-7-11)8-14-13-3/h4-7,9,13-14H,8H2,1-3H3,(H,15,16)",CPTBDICYNRMXFX-UHFFFAOYSA-N,221.3,221.3,1.05,53.16,3.0,3.0,0.0,2,CHEMBL1200410;CHEMBL1321,PROCARBAZINE;PROCARBAZINE HYDROCHLORIDE,1,0.7605336308479309,True,False,True,1,False,C;N;O,,,False,False,16,5,False,0,0,221.304,53.16,1.0487999999999995,3,3,1,False,,True,ligands_pdbqt/CHEMBL1321.pdbqt,-6.847,completed,vina_screening_full/poses/CHEMBL1321_out.pdbqt,vina_screening_full/logs/CHEMBL1321.log,289
CHEMBL24924,FLUINDIONE,Small molecule,4.0,,0,O=C1c2ccccc2C(=O)C1c1ccc(F)cc1,"InChI=1S/C15H9FO2/c16-10-7-5-9(6-8-10)13-14(17)11-3-1-2-4-12(11)15(13)18/h1-8,13H",NASXCEITKQITLD-UHFFFAOYSA-N,240.23,240.23,2.99,34.14,0.0,2.0,0.0,1,CHEMBL24924,FLUINDIONE,1,0.9835697770118712,True,True,True,1,False,C;F;O,,,False,False,18,1,False,0,0,240.233,34.14,2.988500000000002,0,2,3,False,,True,ligands_pdbqt/CHEMBL24924.pdbqt,-6.837,completed,vina_screening_full/poses/CHEMBL24924_out.pdbqt,vina_screening_full/logs/CHEMBL24924.log,290
CHEMBL184,ACYCLOVIR,Small molecule,4.0,1982.0,0,Nc1nc2c(ncn2COCCO)c(=O)[nH]1,"InChI=1S/C8H11N5O3/c9-8-11-6-5(7(15)12-8)10-3-13(6)4-16-2-1-14/h3,14H,1-2,4H2,(H3,9,11,12,15)",MKUXAQIIEYXACX-UHFFFAOYSA-N,225.21,225.21,-1.33,119.05,3.0,7.0,0.0,2,CHEMBL1200380;CHEMBL184,ACYCLOVIR;ACYCLOVIR SODIUM,1,0.6552353978157044,True,False,True,1,False,C;N;O,,,False,False,16,4,False,0,0,225.208,119.04999999999998,-1.3318000000000003,3,6,2,False,,True,ligands_pdbqt/CHEMBL184.pdbqt,-6.834,completed,vina_screening_full/poses/CHEMBL184_out.pdbqt,vina_screening_full/logs/CHEMBL184.log,291
CHEMBL15870,INDOPROFEN,Small molecule,4.0,1979.0,1,CC(C(=O)O)c1ccc(N2Cc3ccccc3C2=O)cc1,"InChI=1S/C17H15NO3/c1-11(17(20)21)12-6-8-14(9-7-12)18-10-13-4-2-3-5-15(13)16(18)19/h2-9,11H,10H2,1H3,(H,20,21)",RJMIEHBSYVWVIN-UHFFFAOYSA-N,281.31,281.31,3.04,57.61,1.0,2.0,0.0,1,CHEMBL15870,INDOPROFEN,1,0.7971823811531067,True,False,True,1,False,C;N;O,,,False,False,21,3,False,0,0,281.311,57.61,3.0351000000000017,1,2,3,False,,True,ligands_pdbqt/CHEMBL15870.pdbqt,-6.83,completed,vina_screening_full/poses/CHEMBL15870_out.pdbqt,vina_screening_full/logs/CHEMBL15870.log,292
CHEMBL2110962,MEFENOREX,Small molecule,4.0,,1,CC(Cc1ccccc1)NCCCCl,"InChI=1S/C12H18ClN/c1-11(14-9-5-8-13)10-12-6-3-2-4-7-12/h2-4,6-7,11,14H,5,8-10H2,1H3",XXVROGAVTTXONC-UHFFFAOYSA-N,211.74,211.74,2.84,12.03,1.0,1.0,0.0,1,CHEMBL2110962,MEFENOREX,1,0.9565710306167604,True,True,True,1,False,C;Cl;N,,,False,False,14,6,False,0,0,211.736,12.03,2.836100000000001,1,1,1,False,,True,ligands_pdbqt/CHEMBL2110962.pdbqt,-6.83,completed,vina_screening_full/poses/CHEMBL2110962_out.pdbqt,vina_screening_full/logs/CHEMBL2110962.log,293
CHEMBL1422,SITAGLIPTIN,Small molecule,4.0,2006.0,0,N[C@@H](CC(=O)N1CCn2c(nnc2C(F)(F)F)C1)Cc1cc(F)c(F)cc1F,"InChI=1S/C16H15F6N5O/c17-10-6-12(19)11(18)4-8(10)3-9(23)5-14(28)26-1-2-27-13(7-26)24-25-15(27)16(20,21)22/h4,6,9H,1-3,5,7,23H2/t9-/m1/s1",MFFMDFFZMYYVKS-SECBINFHSA-N,407.32,407.32,2.02,77.04,1.0,5.0,0.0,4,CHEMBL1201174;CHEMBL1422;CHEMBL5315049;CHEMBL6068334,SITAGLIPTIN;SITAGLIPTIN FUMARATE;SITAGLIPTIN HYDROCHLORIDE MONOHYDRATE;SITAGLIPTIN PHOSPHATE,1,0.9645851254463196,True,True,True,1,False,C;F;N;O,,,False,False,28,4,False,0,0,407.31800000000015,77.04,2.0165,1,4,3,False,,True,ligands_pdbqt/CHEMBL1422.pdbqt,-6.819,completed,vina_screening_full/poses/CHEMBL1422_out.pdbqt,vina_screening_full/logs/CHEMBL1422.log,294
CHEMBL128,SUMATRIPTAN,Small molecule,4.0,1992.0,0,CNS(=O)(=O)Cc1ccc2[nH]cc(CCN(C)C)c2c1,"InChI=1S/C14H21N3O2S/c1-15-20(18,19)10-11-4-5-14-13(8-11)12(9-16-14)6-7-17(2)3/h4-5,8-9,15-16H,6-7,10H2,1-3H3",KQKPFRSPSRPDEB-UHFFFAOYSA-N,295.41,295.41,1.32,65.2,2.0,3.0,0.0,2,CHEMBL1201150;CHEMBL128,SUMATRIPTAN;SUMATRIPTAN SUCCINATE,1,0.9143079280853272,True,True,True,1,False,C;N;O;S,,,False,False,20,6,False,0,0,295.408,65.2,1.3211999999999997,2,3,2,False,,True,ligands_pdbqt/CHEMBL128.pdbqt,-6.812,completed,vina_screening_full/poses/CHEMBL128_out.pdbqt,vina_screening_full/logs/CHEMBL128.log,295
CHEMBL175,DEXIBUPROFEN,Small molecule,4.0,1994.0,0,CC(C)Cc1ccc([C@H](C)C(=O)O)cc1,"InChI=1S/C13H18O2/c1-9(2)8-11-4-6-12(7-5-11)10(3)13(14)15/h4-7,9-10H,8H2,1-3H3,(H,14,15)/t10-/m0/s1",HEFNNWSXXWATRW-JTQLQIEISA-N,206.28,206.28,3.07,37.3,1.0,1.0,0.0,1,CHEMBL175,DEXIBUPROFEN,1,0.5085537016391755,True,False,True,1,False,C;O,,,False,False,15,4,False,0,0,206.285,37.3,3.073200000000001,1,1,1,False,,True,ligands_pdbqt/CHEMBL175.pdbqt,-6.8,completed,vina_screening_full/poses/CHEMBL175_out.pdbqt,vina_screening_full/logs/CHEMBL175.log,296
CHEMBL79,LIDOCAINE,Small molecule,4.0,1948.0,0,CCN(CC)CC(=O)Nc1c(C)cccc1C,"InChI=1S/C14H22N2O/c1-5-16(6-2)10-13(17)15-14-11(3)8-7-9-12(14)4/h7-9H,5-6,10H2,1-4H3,(H,15,17)",NNJVILVZKWQKPM-UHFFFAOYSA-N,234.34,234.34,2.58,32.34,1.0,2.0,0.0,2,CHEMBL1200409;CHEMBL79,LIDOCAINE;LIDOCAINE HYDROCHLORIDE,1,0.995213520526886,True,True,True,1,False,C;N;O,,,False,False,17,5,False,0,0,234.343,32.34,2.5837400000000006,1,2,1,False,,True,ligands_pdbqt/CHEMBL79.pdbqt,-6.798,completed,vina_screening_full/poses/CHEMBL79_out.pdbqt,vina_screening_full/logs/CHEMBL79.log,297
CHEMBL636,RIVASTIGMINE,Small molecule,4.0,1998.0,0,CCN(C)C(=O)Oc1cccc([C@H](C)N(C)C)c1,"InChI=1S/C14H22N2O2/c1-6-16(5)14(17)18-13-9-7-8-12(10-13)11(2)15(3)4/h7-11H,6H2,1-5H3/t11-/m0/s1",XSVMFMHYUFZWBK-NSHDSACASA-N,250.34,250.34,2.76,32.78,0.0,3.0,0.0,2,CHEMBL1201092;CHEMBL636,RIVASTIGMINE;RIVASTIGMINE TARTRATE,1,0.9810377955436708,True,True,True,1,False,C;N;O,,,False,False,18,4,False,0,0,250.342,32.78,2.7597000000000014,0,3,1,False,,True,ligands_pdbqt/CHEMBL636.pdbqt,-6.793,completed,vina_screening_full/poses/CHEMBL636_out.pdbqt,vina_screening_full/logs/CHEMBL636.log,298
CHEMBL857,BIOTIN,Small molecule,4.0,1985.0,0,O=C(O)CCCC[C@@H]1SC[C@@H]2NC(=O)N[C@@H]21,"InChI=1S/C10H16N2O3S/c13-8(14)4-2-1-3-7-9-6(5-16-7)11-10(15)12-9/h6-7,9H,1-5H2,(H,13,14)(H2,11,12,15)/t6-,7-,9-/m0/s1",YBJHBAHKTGYVGT-ZKWXMUAHSA-N,244.32,244.32,0.8,78.43,3.0,3.0,0.0,1,CHEMBL857,BIOTIN,1,0.750993835926056,True,False,True,1,False,C;N;O;S,,,False,False,16,5,False,0,0,244.31600000000003,78.43,0.7968000000000001,3,3,2,False,,True,ligands_pdbqt/CHEMBL857.pdbqt,-6.79,completed,vina_screening_full/poses/CHEMBL857_out.pdbqt,vina_screening_full/logs/CHEMBL857.log,299
CHEMBL434394,NEBIVOLOL,Small molecule,4.0,2007.0,0,OC(CNCC(O)C1CCc2cc(F)ccc2O1)C1CCc2cc(F)ccc2O1,"InChI=1S/C22H25F2NO4/c23-15-3-7-19-13(9-15)1-5-21(28-19)17(26)11-25-12-18(27)22-6-2-14-10-16(24)4-8-20(14)29-22/h3-4,7-10,17-18,21-22,25-27H,1-2,5-6,11-12H2",KOHIRBRYDXPAMZ-UHFFFAOYSA-N,405.44,405.44,2.36,70.95,3.0,5.0,0.0,2,CHEMBL1201731;CHEMBL434394,NEBIVOLOL;NEBIVOLOL HYDROCHLORIDE,1,0.6072306871414185,True,False,True,1,False,C;F;N;O,,,False,False,29,6,False,0,0,405.44100000000014,70.95,2.363600000000001,3,5,4,False,,True,ligands_pdbqt/CHEMBL434394.pdbqt,-6.788,completed,vina_screening_full/poses/CHEMBL434394_out.pdbqt,vina_screening_full/logs/CHEMBL434394.log,300
CHEMBL814,FLUVOXAMINE,Small molecule,4.0,1994.0,0,COCCCC/C(=N\OCCN)c1ccc(C(F)(F)F)cc1,"InChI=1S/C15H21F3N2O2/c1-21-10-3-2-4-14(20-22-11-9-19)12-5-7-13(8-6-12)15(16,17)18/h5-8H,2-4,9-11,19H2,1H3/b20-14+",CJOFXWAVKWHTFT-XSFVSMFZSA-N,318.34,318.34,3.2,56.84,1.0,4.0,0.0,2,CHEMBL1409;CHEMBL814,FLUVOXAMINE;FLUVOXAMINE MALEATE,1,0.9859124660491944,True,True,True,1,False,C;F;N;O,,,False,False,22,9,False,0,0,318.339,56.84,3.201500000000001,1,4,1,False,,True,ligands_pdbqt/CHEMBL814.pdbqt,-6.786,completed,vina_screening_full/poses/CHEMBL814_out.pdbqt,vina_screening_full/logs/CHEMBL814.log,301
CHEMBL1077,BROMFENAC,Small molecule,4.0,1997.0,1,Nc1c(CC(=O)O)cccc1C(=O)c1ccc(Br)cc1,"InChI=1S/C15H12BrNO3/c16-11-6-4-9(5-7-11)15(20)12-3-1-2-10(14(12)17)8-13(18)19/h1-7H,8,17H2,(H,18,19)",ZBPLOVFIXSTCRZ-UHFFFAOYSA-N,334.17,334.17,2.89,80.39,2.0,3.0,0.0,2,CHEMBL1077;CHEMBL3181947,BROMFENAC;BROMFENAC SODIUM,1,0.8170548677444458,True,True,True,1,False,Br;C;N;O,,,False,False,20,4,False,0,0,334.169,80.39000000000001,2.889400000000001,2,3,2,False,,True,ligands_pdbqt/CHEMBL1077.pdbqt,-6.776,completed,vina_screening_full/poses/CHEMBL1077_out.pdbqt,vina_screening_full/logs/CHEMBL1077.log,302
CHEMBL2107834,RIOCIGUAT,Small molecule,4.0,2013.0,0,COC(=O)N(C)c1c(N)nc(-c2nn(Cc3ccccc3F)c3ncccc23)nc1N,"InChI=1S/C20H19FN8O2/c1-28(20(30)31-2)15-16(22)25-18(26-17(15)23)14-12-7-5-9-24-19(12)29(27-14)10-11-6-3-4-8-13(11)21/h3-9H,10H2,1-2H3,(H4,22,23,25,26)",WXXSNCNJFUAIDG-UHFFFAOYSA-N,422.42,422.42,2.44,138.07,2.0,9.0,0.0,1,CHEMBL2107834,RIOCIGUAT,1,0.8397954702377319,True,True,True,1,False,C;F;N;O,,,False,False,31,4,False,0,0,422.42400000000015,138.07000000000002,2.4426999999999994,2,8,4,False,,True,ligands_pdbqt/CHEMBL2107834.pdbqt,-6.776,completed,vina_screening_full/poses/CHEMBL2107834_out.pdbqt,vina_screening_full/logs/CHEMBL2107834.log,303
CHEMBL2107519,CHLORNAPHAZINE,Small molecule,4.0,,1,ClCCN(CCCl)c1ccc2ccccc2c1,"InChI=1S/C14H15Cl2N/c15-7-9-17(10-8-16)14-6-5-12-3-1-2-4-13(12)11-14/h1-6,11H,7-10H2",XCDXSSFOJZZGQC-UHFFFAOYSA-N,268.19,268.19,4.12,3.24,0.0,1.0,0.0,1,CHEMBL2107519,CHLORNAPHAZINE,1,0.9938084721565248,True,True,True,1,False,C;Cl;N,,,False,False,17,5,False,0,0,268.187,3.24,4.123800000000003,0,1,2,False,,True,ligands_pdbqt/CHEMBL2107519.pdbqt,-6.774,completed,vina_screening_full/poses/CHEMBL2107519_out.pdbqt,vina_screening_full/logs/CHEMBL2107519.log,304
CHEMBL902,FAMOTIDINE,Small molecule,4.0,1986.0,0,NC(N)=Nc1nc(CSCC/C(N)=N/S(N)(=O)=O)cs1,"InChI=1S/C8H15N7O2S3/c9-6(15-20(12,16)17)1-2-18-3-5-4-19-8(13-5)14-7(10)11/h4H,1-3H2,(H2,9,15)(H2,12,16,17)(H4,10,11,13,14)",XUFQPHANEAPEMJ-UHFFFAOYSA-N,337.46,337.46,-0.77,175.83,4.0,6.0,0.0,1,CHEMBL902,FAMOTIDINE,1,0.8292229771614075,True,True,True,1,False,C;N;O;S,,,False,False,20,7,False,0,0,337.456,175.82999999999998,-0.7679999999999998,4,6,1,False,,True,ligands_pdbqt/CHEMBL902.pdbqt,-6.769,completed,vina_screening_full/poses/CHEMBL902_out.pdbqt,vina_screening_full/logs/CHEMBL902.log,305
CHEMBL723,CARVEDILOL,Small molecule,4.0,1995.0,0,COc1ccccc1OCCNCC(O)COc1cccc2[nH]c3ccccc3c12,"InChI=1S/C24H26N2O4/c1-28-21-10-4-5-11-22(21)29-14-13-25-15-17(27)16-30-23-12-6-9-20-24(23)18-7-2-3-8-19(18)26-20/h2-12,17,25-27H,13-16H2,1H3",OGHNVEJMJSYVRP-UHFFFAOYSA-N,406.48,406.48,3.74,75.74,3.0,5.0,0.0,2,CHEMBL1201167;CHEMBL723,CARVEDILOL;CARVEDILOL PHOSPHATE,1,0.5639469146728515,True,False,True,1,False,C;N;O,,,False,False,30,10,False,0,0,406.482,75.74000000000001,3.738000000000002,3,5,4,False,,True,ligands_pdbqt/CHEMBL723.pdbqt,-6.764,completed,vina_screening_full/poses/CHEMBL723_out.pdbqt,vina_screening_full/logs/CHEMBL723.log,306
CHEMBL864,CARBINOXAMINE,Small molecule,4.0,1982.0,1,CN(C)CCOC(c1ccc(Cl)cc1)c1ccccn1,"InChI=1S/C16H19ClN2O/c1-19(2)11-12-20-16(15-5-3-4-10-18-15)13-6-8-14(17)9-7-13/h3-10,16H,11-12H2,1-2H3",OJFSXZCBGQGRNV-UHFFFAOYSA-N,290.79,290.79,3.4,25.36,0.0,3.0,0.0,2,CHEMBL1200974;CHEMBL864,CARBINOXAMINE;CARBINOXAMINE MALEATE,1,0.9351734519004822,True,True,True,1,False,C;Cl;N;O,,,False,False,20,6,False,0,0,290.794,25.36,3.4026000000000023,0,3,2,False,,True,ligands_pdbqt/CHEMBL864.pdbqt,-6.76,completed,vina_screening_full/poses/CHEMBL864_out.pdbqt,vina_screening_full/logs/CHEMBL864.log,307
CHEMBL1179047,CHLOROPROCAINE,Small molecule,4.0,1955.0,0,CCN(CC)CCOC(=O)c1ccc(N)cc1Cl,"InChI=1S/C13H19ClN2O2/c1-3-16(4-2)7-8-18-13(17)11-6-5-10(15)9-12(11)14/h5-6,9H,3-4,7-8,15H2,1-2H3",VDANGULDQQJODZ-UHFFFAOYSA-N,270.76,270.76,2.42,55.56,1.0,4.0,0.0,2,CHEMBL1179047;CHEMBL944,CHLOROPROCAINE;CHLOROPROCAINE HYDROCHLORIDE,1,0.980044138431549,True,True,True,1,False,C;Cl;N;O,,,False,False,18,6,False,0,0,270.76,55.56,2.4208,1,4,1,False,,True,ligands_pdbqt/CHEMBL1179047.pdbqt,-6.751,completed,vina_screening_full/poses/CHEMBL1179047_out.pdbqt,vina_screening_full/logs/CHEMBL1179047.log,308
CHEMBL2104910,SULFADICRAMIDE,Small molecule,4.0,,1,CC(C)=CC(=O)NS(=O)(=O)c1ccc(N)cc1,"InChI=1S/C11H14N2O3S/c1-8(2)7-11(14)13-17(15,16)10-5-3-9(12)4-6-10/h3-7H,12H2,1-2H3,(H,13,14)",XRVJPLDTMUSSDE-UHFFFAOYSA-N,254.31,254.31,1.04,89.26,2.0,4.0,0.0,1,CHEMBL2104910,SULFADICRAMIDE,1,0.6705116748809814,True,False,True,1,False,C;N;O;S,,,False,False,17,3,False,0,0,254.311,89.26,1.0399,2,4,1,False,,True,ligands_pdbqt/CHEMBL2104910.pdbqt,-6.751,completed,vina_screening_full/poses/CHEMBL2104910_out.pdbqt,vina_screening_full/logs/CHEMBL2104910.log,309
CHEMBL92401,IPRONIAZID,Small molecule,4.0,,0,CC(C)NNC(=O)c1ccncc1,"InChI=1S/C9H13N3O/c1-7(2)11-12-9(13)8-3-5-10-6-4-8/h3-7,11H,1-2H3,(H,12,13)",NYMGNSNKLVNMIA-UHFFFAOYSA-N,179.22,179.22,0.72,54.02,2.0,3.0,0.0,1,CHEMBL92401,IPRONIAZID,1,0.6505250334739685,True,False,True,1,False,C;N;O,,,False,False,13,3,False,0,0,179.223,54.02,0.7243999999999996,2,3,1,False,,True,ligands_pdbqt/CHEMBL92401.pdbqt,-6.75,completed,vina_screening_full/poses/CHEMBL92401_out.pdbqt,vina_screening_full/logs/CHEMBL92401.log,310
CHEMBL1697744,ERDOSTEINE,Small molecule,4.0,,0,O=C(O)CSCC(=O)NC1CCSC1=O,"InChI=1S/C8H11NO4S2/c10-6(3-14-4-7(11)12)9-5-1-2-15-8(5)13/h5H,1-4H2,(H,9,10)(H,11,12)",QGFORSXNKQLDNO-UHFFFAOYSA-N,249.31,249.31,-0.05,83.47,2.0,5.0,0.0,1,CHEMBL1697744,ERDOSTEINE,1,0.7702148079872131,True,False,True,1,False,C;N;O;S,,,False,False,15,5,False,0,0,249.313,83.47,-0.0474999999999998,2,5,1,False,,True,ligands_pdbqt/CHEMBL1697744.pdbqt,-6.747,completed,vina_screening_full/poses/CHEMBL1697744_out.pdbqt,vina_screening_full/logs/CHEMBL1697744.log,311
CHEMBL1510,ELETRIPTAN,Small molecule,4.0,2002.0,0,CN1CCC[C@@H]1Cc1c[nH]c2ccc(CCS(=O)(=O)c3ccccc3)cc12,"InChI=1S/C22H26N2O2S/c1-24-12-5-6-19(24)15-18-16-23-22-10-9-17(14-21(18)22)11-13-27(25,26)20-7-3-2-4-8-20/h2-4,7-10,14,16,19,23H,5-6,11-13,15H2,1H3/t19-/m1/s1",PWVXXGRKLHYWKM-LJQANCHMSA-N,382.53,382.53,3.82,53.17,1.0,3.0,0.0,2,CHEMBL1201003;CHEMBL1510,ELETRIPTAN;ELETRIPTAN HYDROBROMIDE,1,0.9475929379463196,True,True,True,1,False,C;N;O;S,,,False,False,27,6,False,0,0,382.5290000000001,53.17,3.8210000000000015,1,3,4,False,,True,ligands_pdbqt/CHEMBL1510.pdbqt,-6.738,completed,vina_screening_full/poses/CHEMBL1510_out.pdbqt,vina_screening_full/logs/CHEMBL1510.log,312
CHEMBL2005186,BELUMOSUDIL,Small molecule,4.0,2021.0,0,CC(C)NC(=O)COc1cccc(-c2nc(Nc3ccc4[nH]ncc4c3)c3ccccc3n2)c1,"InChI=1S/C26H24N6O2/c1-16(2)28-24(33)15-34-20-7-5-6-17(13-20)25-30-23-9-4-3-8-21(23)26(31-25)29-19-10-11-22-18(12-19)14-27-32-22/h3-14,16H,15H2,1-2H3,(H,27,32)(H,28,33)(H,29,30,31)",GKHIVNAUVKXIIY-UHFFFAOYSA-N,452.52,452.52,4.82,104.82,3.0,6.0,0.0,2,CHEMBL2005186;CHEMBL4802130,BELUMOSUDIL;BELUMOSUDIL MESYLATE,1,0.5785139501094818,True,False,True,1,False,C;N;O,,,False,False,34,7,False,0,0,452.51800000000014,104.82,4.820100000000003,3,6,5,False,,True,ligands_pdbqt/CHEMBL2005186.pdbqt,-6.737,completed,vina_screening_full/poses/CHEMBL2005186_out.pdbqt,vina_screening_full/logs/CHEMBL2005186.log,313
CHEMBL495,ALPROSTADIL,Small molecule,4.0,1981.0,0,CCCCC[C@H](O)/C=C/[C@H]1[C@H](O)CC(=O)[C@@H]1CCCCCCC(=O)O,"InChI=1S/C20H34O5/c1-2-3-6-9-15(21)12-13-17-16(18(22)14-19(17)23)10-7-4-5-8-11-20(24)25/h12-13,15-17,19,21,23H,2-11,14H2,1H3,(H,24,25)/b13-12+/t15-,16+,17+,19+/m0/s1",GMVPRGQOIOIIMI-DWKJAMRDSA-N,354.49,354.49,3.48,94.83,3.0,4.0,0.0,1,CHEMBL495,ALPROSTADIL,1,0.56484734416008,True,False,True,1,False,C;O,,,False,False,25,13,False,0,0,354.48700000000014,94.83,3.475100000000002,3,4,1,False,,True,ligands_pdbqt/CHEMBL495.pdbqt,-6.731,completed,vina_screening_full/poses/CHEMBL495_out.pdbqt,vina_screening_full/logs/CHEMBL495.log,314
CHEMBL480,LANSOPRAZOLE,Small molecule,4.0,1995.0,0,Cc1c(OCC(F)(F)F)ccnc1C[S+]([O-])c1nc2ccccc2[nH]1,"InChI=1S/C16H14F3N3O2S/c1-10-13(20-7-6-14(10)24-9-16(17,18)19)8-25(23)15-21-11-4-2-3-5-12(11)22-15/h2-7H,8-9H2,1H3,(H,21,22)",MJIHNNLFOKEZEW-UHFFFAOYSA-N,369.37,369.37,3.52,73.86,1.0,4.0,0.0,1,CHEMBL480,LANSOPRAZOLE,1,0.939752209186554,True,True,True,1,False,C;F;N;O;S,,,False,False,25,5,False,0,0,369.3680000000001,73.86,3.515220000000001,1,4,3,False,,True,ligands_pdbqt/CHEMBL480.pdbqt,-6.73,completed,vina_screening_full/poses/CHEMBL480_out.pdbqt,vina_screening_full/logs/CHEMBL480.log,315
CHEMBL698,TETRACAINE,Small molecule,4.0,2005.0,0,CCCCNc1ccc(C(=O)OCCN(C)C)cc1,"InChI=1S/C15H24N2O2/c1-4-5-10-16-14-8-6-13(7-9-14)15(18)19-12-11-17(2)3/h6-9,16H,4-5,10-12H2,1-3H3",GKCBAIGFKIBETG-UHFFFAOYSA-N,264.37,264.37,2.62,41.57,1.0,4.0,0.0,2,CHEMBL1255654;CHEMBL698,TETRACAINE;TETRACAINE HYDROCHLORIDE,1,0.964721143245697,True,True,True,1,False,C;N;O,,,False,False,19,8,False,0,0,264.3689999999999,41.57,2.617000000000001,1,4,1,False,,True,ligands_pdbqt/CHEMBL698.pdbqt,-6.725,completed,vina_screening_full/poses/CHEMBL698_out.pdbqt,vina_screening_full/logs/CHEMBL698.log,316
CHEMBL34259,METHOTREXATE,Small molecule,4.0,1953.0,0,CN(Cc1cnc2nc(N)nc(N)c2n1)c1ccc(C(=O)N[C@@H](CCC(=O)O)C(=O)O)cc1,"InChI=1S/C20H22N8O5/c1-28(9-11-8-23-17-15(24-11)16(21)26-20(22)27-17)12-4-2-10(3-5-12)18(31)25-13(19(32)33)6-7-14(29)30/h2-5,8,13H,6-7,9H2,1H3,(H,25,31)(H,29,30)(H,32,33)(H4,21,22,23,26,27)/t13-/m0/s1",FBOZXECLQNJBKD-ZDUSSCGKSA-N,454.45,454.45,0.27,210.54,5.0,10.0,0.0,2,CHEMBL3244648;CHEMBL34259,METHOTREXATE;METHOTREXATE SODIUM,1,0.6012144804000854,True,False,True,1,False,C;N;O,,,False,False,33,9,False,0,0,454.4470000000002,210.54,0.2684000000000012,5,10,3,False,,True,ligands_pdbqt/CHEMBL34259.pdbqt,-6.717,completed,vina_screening_full/poses/CHEMBL34259_out.pdbqt,vina_screening_full/logs/CHEMBL34259.log,317
CHEMBL1237044,TRAMADOL,Small molecule,4.0,1995.0,0,COc1cccc(C2(O)CCCCC2CN(C)C)c1,"InChI=1S/C16H25NO2/c1-17(2)12-14-7-4-5-10-16(14,18)13-8-6-9-15(11-13)19-3/h6,8-9,11,14,18H,4-5,7,10,12H2,1-3H3",TVYLLZQTGLZFBW-UHFFFAOYSA-N,263.38,263.38,2.63,32.7,1.0,3.0,0.0,2,CHEMBL1237044;CHEMBL1237065,TRAMADOL;TRAMADOL HYDROCHLORIDE,1,0.9735611319541932,True,True,True,1,False,C;N;O,,,False,False,19,4,False,0,0,263.3809999999999,32.7,2.6346000000000007,1,3,2,False,,True,ligands_pdbqt/CHEMBL1237044.pdbqt,-6.717,completed,vina_screening_full/poses/CHEMBL1237044_out.pdbqt,vina_screening_full/logs/CHEMBL1237044.log,318
CHEMBL569,PROCAINE,Small molecule,4.0,1954.0,0,CCN(CC)CCOC(=O)c1ccc(N)cc1,"InChI=1S/C13H20N2O2/c1-3-15(4-2)9-10-17-13(16)11-5-7-12(14)8-6-11/h5-8H,3-4,9-10,14H2,1-2H3",MFDFERRIHVXMIY-UHFFFAOYSA-N,236.31,236.31,1.77,55.56,1.0,4.0,0.0,2,CHEMBL1200841;CHEMBL569,PROCAINE;PROCAINE HYDROCHLORIDE,1,0.9652092814445496,True,True,True,1,False,C;N;O,,,False,False,17,6,False,0,0,236.315,55.56,1.7674,1,4,1,False,,True,ligands_pdbqt/CHEMBL569.pdbqt,-6.707,completed,vina_screening_full/poses/CHEMBL569_out.pdbqt,vina_screening_full/logs/CHEMBL569.log,319
CHEMBL142635,NAFTOPIDIL,Small molecule,4.0,1999.0,0,COc1ccccc1N1CCN(CC(O)COc2cccc3ccccc23)CC1,"InChI=1S/C24H28N2O3/c1-28-24-11-5-4-10-22(24)26-15-13-25(14-16-26)17-20(27)18-29-23-12-6-8-19-7-2-3-9-21(19)23/h2-12,20,27H,13-18H2,1H3",HRRBJVNMSRJFHQ-UHFFFAOYSA-N,392.5,392.5,3.41,45.17,1.0,5.0,0.0,1,CHEMBL142635,NAFTOPIDIL,1,0.9156753897666932,True,True,True,1,False,C;N;O,,,False,False,29,7,False,0,0,392.4990000000001,45.17,3.410300000000002,1,5,4,False,,True,ligands_pdbqt/CHEMBL142635.pdbqt,-6.7,completed,vina_screening_full/poses/CHEMBL142635_out.pdbqt,vina_screening_full/logs/CHEMBL142635.log,320
CHEMBL112,ACETAMINOPHEN,Small molecule,4.0,1968.0,0,CC(=O)Nc1ccc(O)cc1,"InChI=1S/C8H9NO2/c1-6(10)9-7-2-4-8(11)5-3-7/h2-5,11H,1H3,(H,9,10)",RZVAJINKPMORJF-UHFFFAOYSA-N,151.16,151.16,1.35,49.33,2.0,2.0,0.0,1,CHEMBL112,ACETAMINOPHEN,1,0.8292774438858033,True,True,True,1,False,C;N;O,,,False,False,11,1,False,0,0,151.165,49.33,1.3505999999999998,2,2,1,False,,True,ligands_pdbqt/CHEMBL112.pdbqt,-6.699,completed,vina_screening_full/poses/CHEMBL112_out.pdbqt,vina_screening_full/logs/CHEMBL112.log,321
CHEMBL58323,LACOSAMIDE,Small molecule,4.0,2008.0,0,COC[C@@H](NC(C)=O)C(=O)NCc1ccccc1,"InChI=1S/C13H18N2O3/c1-10(16)15-12(9-18-2)13(17)14-8-11-6-4-3-5-7-11/h3-7,12H,8-9H2,1-2H3,(H,14,17)(H,15,16)/t12-/m1/s1",VPPJLAIAVCUEMN-GFCCVEGCSA-N,250.3,250.3,0.45,67.43,2.0,3.0,0.0,1,CHEMBL58323,LACOSAMIDE,1,0.9478971242904664,True,True,True,1,False,C;N;O,,,False,False,18,6,False,0,0,250.298,67.42999999999999,0.4539000000000007,2,3,1,False,,True,ligands_pdbqt/CHEMBL58323.pdbqt,-6.697,completed,vina_screening_full/poses/CHEMBL58323_out.pdbqt,vina_screening_full/logs/CHEMBL58323.log,322
CHEMBL315838,ENCAINIDE,Small molecule,4.0,1986.0,1,COc1ccc(C(=O)Nc2ccccc2CCC2CCCCN2C)cc1,"InChI=1S/C22H28N2O2/c1-24-16-6-5-8-19(24)13-10-17-7-3-4-9-21(17)23-22(25)18-11-14-20(26-2)15-12-18/h3-4,7,9,11-12,14-15,19H,5-6,8,10,13,16H2,1-2H3,(H,23,25)",PJWPNDMDCLXCOM-UHFFFAOYSA-N,352.48,352.48,4.36,41.57,1.0,3.0,0.0,2,CHEMBL2106155;CHEMBL315838,ENCAINIDE;ENCAINIDE HYDROCHLORIDE,1,0.9845170736312866,True,True,True,1,False,C;N;O,,,False,False,26,6,False,0,0,352.4780000000001,41.57,4.364400000000003,1,3,3,False,,True,ligands_pdbqt/CHEMBL315838.pdbqt,-6.694,completed,vina_screening_full/poses/CHEMBL315838_out.pdbqt,vina_screening_full/logs/CHEMBL315838.log,323
CHEMBL269644,ACETANILIDE,Small molecule,4.0,,1,CC(=O)Nc1ccccc1,"InChI=1S/C8H9NO/c1-7(10)9-8-5-3-2-4-6-8/h2-6H,1H3,(H,9,10)",FZERHIULMFGESH-UHFFFAOYSA-N,135.17,135.17,1.65,29.1,1.0,1.0,0.0,1,CHEMBL269644,ACETANILIDE,1,0.9943605542182924,True,True,True,1,False,C;N;O,,,False,False,10,1,False,0,0,135.16599999999997,29.1,1.6449999999999998,1,1,1,False,,True,ligands_pdbqt/CHEMBL269644.pdbqt,-6.692,completed,vina_screening_full/poses/CHEMBL269644_out.pdbqt,vina_screening_full/logs/CHEMBL269644.log,324
CHEMBL1909283,MEBANAZINE,Small molecule,4.0,,1,CC(NN)c1ccccc1,"InChI=1S/C8H12N2/c1-7(10-9)8-5-3-2-4-6-8/h2-7,10H,9H2,1H3",HHRZAEJMHSGZNP-UHFFFAOYSA-N,136.2,136.2,1.21,38.05,2.0,2.0,0.0,1,CHEMBL1909283,MEBANAZINE,1,0.9164117693901062,True,True,True,1,False,C;N,,,False,False,10,2,False,0,0,136.19799999999998,38.05,1.2109,2,2,1,False,,True,ligands_pdbqt/CHEMBL1909283.pdbqt,-6.691,completed,vina_screening_full/poses/CHEMBL1909283_out.pdbqt,vina_screening_full/logs/CHEMBL1909283.log,325
CHEMBL15677,FENCLOFENAC,Small molecule,4.0,1978.0,1,O=C(O)Cc1ccccc1Oc1ccc(Cl)cc1Cl,"InChI=1S/C14H10Cl2O3/c15-10-5-6-13(11(16)8-10)19-12-4-2-1-3-9(12)7-14(17)18/h1-6,8H,7H2,(H,17,18)",IDKAXRLETRCXKS-UHFFFAOYSA-N,297.14,297.14,4.41,46.53,1.0,2.0,0.0,1,CHEMBL15677,FENCLOFENAC,1,0.5856550633907318,True,False,True,1,False,C;Cl;O,,,False,False,19,4,False,0,0,297.13699999999994,46.53,4.4128000000000025,1,2,2,False,,True,ligands_pdbqt/CHEMBL15677.pdbqt,-6.69,completed,vina_screening_full/poses/CHEMBL15677_out.pdbqt,vina_screening_full/logs/CHEMBL15677.log,326
CHEMBL93,ZILEUTON,Small molecule,4.0,1996.0,0,CC(c1cc2ccccc2s1)N(O)C(N)=O,"InChI=1S/C11H12N2O2S/c1-7(13(15)11(12)14)10-6-8-4-2-3-5-9(8)16-10/h2-7,15H,1H3,(H2,12,14)",MWLSOWXNZPKENC-UHFFFAOYSA-N,236.3,236.3,2.73,66.56,2.0,3.0,0.0,1,CHEMBL93,ZILEUTON,1,0.9924729824066162,True,True,True,1,False,C;N;O;S,,,False,False,16,2,False,0,0,236.296,66.56,2.7322,2,3,2,False,,True,ligands_pdbqt/CHEMBL93.pdbqt,-6.689,completed,vina_screening_full/poses/CHEMBL93_out.pdbqt,vina_screening_full/logs/CHEMBL93.log,327
CHEMBL409,BICALUTAMIDE,Small molecule,4.0,1995.0,0,CC(O)(CS(=O)(=O)c1ccc(F)cc1)C(=O)Nc1ccc(C#N)c(C(F)(F)F)c1,"InChI=1S/C18H14F4N2O4S/c1-17(26,10-29(27,28)14-6-3-12(19)4-7-14)16(25)24-13-5-2-11(9-23)15(8-13)18(20,21)22/h2-8,26H,10H2,1H3,(H,24,25)",LKJPYSCBVHEWIU-UHFFFAOYSA-N,430.38,430.38,2.88,107.26,2.0,5.0,0.0,1,CHEMBL409,BICALUTAMIDE,1,0.6949102759361268,True,False,True,1,False,C;F;N;O;S,,,False,False,29,5,False,0,0,430.3790000000001,107.26,2.8795800000000007,2,5,2,False,,True,ligands_pdbqt/CHEMBL409.pdbqt,-6.685,completed,vina_screening_full/poses/CHEMBL409_out.pdbqt,vina_screening_full/logs/CHEMBL409.log,328
CHEMBL1101,BIPERIDEN,Small molecule,4.0,1959.0,0,OC(CCN1CCCCC1)(c1ccccc1)C1CC2C=CC1C2,"InChI=1S/C21H29NO/c23-21(19-7-3-1-4-8-19,11-14-22-12-5-2-6-13-22)20-16-17-9-10-18(20)15-17/h1,3-4,7-10,17-18,20,23H,2,5-6,11-16H2",YSXKPIUOCJLQIE-UHFFFAOYSA-N,311.47,311.47,3.96,23.47,1.0,2.0,0.0,3,CHEMBL1101;CHEMBL1201035;CHEMBL1201067,BIPERIDEN;BIPERIDEN HYDROCHLORIDE;BIPERIDEN LACTATE,1,0.9952202200889588,True,True,True,1,False,C;N;O,,,False,False,23,5,False,0,0,311.46900000000005,23.47,3.9624000000000033,1,2,4,False,,True,ligands_pdbqt/CHEMBL1101.pdbqt,-6.681,completed,vina_screening_full/poses/CHEMBL1101_out.pdbqt,vina_screening_full/logs/CHEMBL1101.log,329
CHEMBL2105420,TAUROLIDINE,Small molecule,4.0,2023.0,0,O=S1(=O)CCN(CN2CCS(=O)(=O)NC2)CN1,"InChI=1S/C7H16N4O4S2/c12-16(13)3-1-10(5-8-16)7-11-2-4-17(14,15)9-6-11/h8-9H,1-7H2",AJKIRUJIDFJUKJ-UHFFFAOYSA-N,284.36,284.36,-2.67,98.82,2.0,6.0,0.0,1,CHEMBL2105420,TAUROLIDINE,1,0.6347937107086181,True,False,True,1,False,C;N;O;S,,,False,False,17,2,False,0,0,284.363,98.82,-2.6710999999999965,2,6,2,False,,True,ligands_pdbqt/CHEMBL2105420.pdbqt,-6.668,completed,vina_screening_full/poses/CHEMBL2105420_out.pdbqt,vina_screening_full/logs/CHEMBL2105420.log,330
CHEMBL39736,BUFORMIN,Small molecule,4.0,,1,CCCCNC(=N)NC(=N)N,"InChI=1S/C6H15N5/c1-2-3-4-10-6(9)11-5(7)8/h2-4H2,1H3,(H6,7,8,9,10,11)",XSEUMFJMFFMCIU-UHFFFAOYSA-N,157.22,157.22,-0.21,97.78,5.0,2.0,0.0,1,CHEMBL39736,BUFORMIN,1,0.5674189627170563,True,False,True,1,False,C;N,,,False,False,11,3,False,0,0,157.22099999999998,97.78,-0.2060599999999991,5,2,0,False,,True,ligands_pdbqt/CHEMBL39736.pdbqt,-6.663,completed,vina_screening_full/poses/CHEMBL39736_out.pdbqt,vina_screening_full/logs/CHEMBL39736.log,331
CHEMBL25,ASPIRIN,Small molecule,4.0,1950.0,0,CC(=O)Oc1ccccc1C(=O)O,"InChI=1S/C9H8O4/c1-6(10)13-8-5-3-2-4-7(8)9(11)12/h2-5H,1H3,(H,11,12)",BSYNRYMUTXBXSQ-UHFFFAOYSA-N,180.16,180.16,1.31,63.6,1.0,3.0,0.0,1,CHEMBL25,ASPIRIN,1,0.8109905481338501,True,True,True,1,False,C;O,,,False,False,13,2,False,0,0,180.159,63.60000000000001,1.3101,1,3,1,False,,True,ligands_pdbqt/CHEMBL25.pdbqt,-6.659,completed,vina_screening_full/poses/CHEMBL25_out.pdbqt,vina_screening_full/logs/CHEMBL25.log,332
CHEMBL1195,PROPOXYCAINE,Small molecule,4.0,1982.0,0,CCCOc1cc(N)ccc1C(=O)OCCN(CC)CC,"InChI=1S/C16H26N2O3/c1-4-10-20-15-12-13(17)7-8-14(15)16(19)21-11-9-18(5-2)6-3/h7-8,12H,4-6,9-11,17H2,1-3H3",CAJIGINSTLKQMM-UHFFFAOYSA-N,294.39,294.39,2.56,64.79,1.0,5.0,0.0,2,CHEMBL1195;CHEMBL1769,PROPOXYCAINE;PROPOXYCAINE HYDROCHLORIDE,1,0.9662472486495972,True,True,True,1,False,C;N;O,,,False,False,21,9,False,0,0,294.39500000000004,64.78999999999999,2.5562000000000005,1,5,1,False,,True,ligands_pdbqt/CHEMBL1195.pdbqt,-6.656,completed,vina_screening_full/poses/CHEMBL1195_out.pdbqt,vina_screening_full/logs/CHEMBL1195.log,333
CHEMBL1282,IMIQUIMOD,Small molecule,4.0,1997.0,0,CC(C)Cn1cnc2c(N)nc3ccccc3c21,"InChI=1S/C14H16N4/c1-9(2)7-18-8-16-12-13(18)10-5-3-4-6-11(10)17-14(12)15/h3-6,8-9H,7H2,1-2H3,(H2,15,17)",DOUYETYNHWVLEO-UHFFFAOYSA-N,240.31,240.31,2.82,56.73,1.0,4.0,0.0,1,CHEMBL1282,IMIQUIMOD,1,0.9708577036857604,True,True,True,1,False,C;N,,,False,False,18,2,False,0,0,240.31,56.73,2.8227,1,3,3,False,,True,ligands_pdbqt/CHEMBL1282.pdbqt,-6.654,completed,vina_screening_full/poses/CHEMBL1282_out.pdbqt,vina_screening_full/logs/CHEMBL1282.log,334
CHEMBL4297509,ELACESTRANT,Small molecule,4.0,2023.0,0,CCNCCc1ccc(CN(CC)c2cc(OC)ccc2[C@@H]2CCc3cc(O)ccc3C2)cc1,"InChI=1S/C30H38N2O2/c1-4-31-17-16-22-6-8-23(9-7-22)21-32(5-2)30-20-28(34-3)14-15-29(30)26-11-10-25-19-27(33)13-12-24(25)18-26/h6-9,12-15,19-20,26,31,33H,4-5,10-11,16-18,21H2,1-3H3/t26-/m1/s1",SIFNOOUKXBRGGB-AREMUKBSSA-N,458.65,458.65,5.85,44.73,2.0,4.0,1.0,2,CHEMBL4297509;CHEMBL4594273,ELACESTRANT;ELACESTRANT HYDROCHLORIDE,1,0.7614428520202636,True,False,True,1,False,C;N;O,,,False,False,34,10,False,0,0,458.6460000000002,44.73,5.851800000000007,2,4,4,False,,True,ligands_pdbqt/CHEMBL4297509.pdbqt,-6.646,completed,vina_screening_full/poses/CHEMBL4297509_out.pdbqt,vina_screening_full/logs/CHEMBL4297509.log,335
CHEMBL862,GUANFACINE,Small molecule,4.0,1986.0,0,N=C(N)NC(=O)Cc1c(Cl)cccc1Cl,"InChI=1S/C9H9Cl2N3O/c10-6-2-1-3-7(11)5(6)4-8(15)14-9(12)13/h1-3H,4H2,(H4,12,13,14,15)",INJOMKTZOLKMBF-UHFFFAOYSA-N,246.1,246.1,1.55,78.97,3.0,2.0,0.0,2,CHEMBL1200494;CHEMBL862,GUANFACINE;GUANFACINE HYDROCHLORIDE,1,0.8468211531639099,True,True,True,1,False,C;Cl;N;O,,,False,False,15,2,False,0,0,246.097,78.97,1.5455700000000003,3,2,1,False,,True,ligands_pdbqt/CHEMBL862.pdbqt,-6.644,completed,vina_screening_full/poses/CHEMBL862_out.pdbqt,vina_screening_full/logs/CHEMBL862.log,336
CHEMBL1201216,DAPIPRAZOLE,Small molecule,4.0,1990.0,0,Cc1ccccc1N1CCN(CCc2nnc3n2CCCC3)CC1,"InChI=1S/C19H27N5/c1-16-6-2-3-7-17(16)23-14-12-22(13-15-23)11-9-19-21-20-18-8-4-5-10-24(18)19/h2-3,6-7H,4-5,8-15H2,1H3",RFWZESUMWJKKRN-UHFFFAOYSA-N,325.46,325.46,2.29,37.19,0.0,5.0,0.0,2,CHEMBL1201044;CHEMBL1201216,DAPIPRAZOLE;DAPIPRAZOLE HYDROCHLORIDE,1,0.9895463466644288,True,True,True,1,False,C;N,,,False,False,24,4,False,0,0,325.4600000000001,37.190000000000005,2.2875200000000007,0,4,4,False,,True,ligands_pdbqt/CHEMBL1201216.pdbqt,-6.635,completed,vina_screening_full/poses/CHEMBL1201216_out.pdbqt,vina_screening_full/logs/CHEMBL1201216.log,337
CHEMBL1221,SULCONAZOLE,Small molecule,4.0,1985.0,0,Clc1ccc(CSC(Cn2ccnc2)c2ccc(Cl)cc2Cl)cc1,"InChI=1S/C18H15Cl3N2S/c19-14-3-1-13(2-4-14)11-24-18(10-23-8-7-22-12-23)16-6-5-15(20)9-17(16)21/h1-9,12,18H,10-11H2",AFNXATANNDIXLG-UHFFFAOYSA-N,397.76,397.76,6.52,17.82,0.0,3.0,1.0,2,CHEMBL1200348;CHEMBL1221,SULCONAZOLE;SULCONAZOLE NITRATE,1,0.6373293340206146,True,False,True,1,False,C;Cl;N;S,,,False,False,24,6,False,0,0,397.75800000000015,17.82,6.518000000000003,0,2,3,False,,True,ligands_pdbqt/CHEMBL1221.pdbqt,-6.635,completed,vina_screening_full/poses/CHEMBL1221_out.pdbqt,vina_screening_full/logs/CHEMBL1221.log,338
CHEMBL1460,DIDANOSINE,Small molecule,4.0,1991.0,0,O=c1[nH]cnc2c1ncn2[C@H]1CC[C@@H](CO)O1,"InChI=1S/C10H12N4O3/c15-3-6-1-2-7(17-6)14-5-13-8-9(14)11-4-12-10(8)16/h4-7,15H,1-3H2,(H,11,12,16)/t6-,7+/m0/s1",BXZVVICBKDXVGW-NKWVEPMBSA-N,236.23,236.23,-0.21,93.03,2.0,6.0,0.0,1,CHEMBL1460,DIDANOSINE,1,0.5931668937206268,True,False,True,1,False,C;N;O,,,False,False,17,2,False,0,0,236.231,93.03,-0.2105,2,5,3,False,,True,ligands_pdbqt/CHEMBL1460.pdbqt,-6.619,completed,vina_screening_full/poses/CHEMBL1460_out.pdbqt,vina_screening_full/logs/CHEMBL1460.log,339
CHEMBL94081,ALCLOFENAC,Small molecule,4.0,,1,C=CCOc1ccc(CC(=O)O)cc1Cl,"InChI=1S/C11H11ClO3/c1-2-5-15-10-4-3-8(6-9(10)12)7-11(13)14/h2-4,6H,1,5,7H2,(H,13,14)",ARHWPKZXBHOEEE-UHFFFAOYSA-N,226.66,226.66,2.53,46.53,1.0,2.0,0.0,1,CHEMBL94081,ALCLOFENAC,1,0.649031788110733,True,False,True,1,False,C;Cl;O,,,False,False,15,5,False,0,0,226.659,46.53,2.5319000000000003,1,2,1,False,,True,ligands_pdbqt/CHEMBL94081.pdbqt,-6.615,completed,vina_screening_full/poses/CHEMBL94081_out.pdbqt,vina_screening_full/logs/CHEMBL94081.log,340
CHEMBL3989949,CENOBAMATE,Small molecule,4.0,2020.0,0,NC(=O)O[C@@H](Cn1ncnn1)c1ccccc1Cl,"InChI=1S/C10H10ClN5O2/c11-8-4-2-1-3-7(8)9(18-10(12)17)5-16-14-6-13-15-16/h1-4,6,9H,5H2,(H2,12,17)/t9-/m0/s1",GFHAXPJGXSQLPT-VIFPVBQESA-N,267.68,267.68,1.16,95.92,1.0,6.0,0.0,1,CHEMBL3989949,CENOBAMATE,1,0.9823363184928894,True,True,True,1,False,C;Cl;N;O,,,False,False,18,4,False,0,0,267.67600000000004,95.92000000000002,1.1630999999999994,1,5,2,False,,True,ligands_pdbqt/CHEMBL3989949.pdbqt,-6.615,completed,vina_screening_full/poses/CHEMBL3989949_out.pdbqt,vina_screening_full/logs/CHEMBL3989949.log,341
CHEMBL494622,FLURPIRIDAZ,Small molecule,4.0,2024.0,0,CC(C)(C)n1ncc(OCc2ccc(COCCF)cc2)c(Cl)c1=O,"InChI=1S/C18H22ClFN2O3/c1-18(2,3)22-17(23)16(19)15(10-21-22)25-12-14-6-4-13(5-7-14)11-24-9-8-20/h4-7,10H,8-9,11-12H2,1-3H3",RMXZKEPDYBTFOS-UHFFFAOYSA-N,368.84,368.84,3.72,53.35,0.0,5.0,0.0,2,CHEMBL2107799;CHEMBL494622,FLURPIRIDAZ;FLURPIRIDAZ F 18,1,0.8430807709693908,True,True,True,1,False,C;Cl;F;N;O,,,False,False,25,7,False,0,0,368.83600000000007,53.35,3.7168000000000014,0,4,2,False,,True,ligands_pdbqt/CHEMBL494622.pdbqt,-6.605,completed,vina_screening_full/poses/CHEMBL494622_out.pdbqt,vina_screening_full/logs/CHEMBL494622.log,342
CHEMBL847,OXAMNIQUINE,Small molecule,4.0,1980.0,0,CC(C)NCC1CCc2cc(CO)c([N+](=O)[O-])cc2N1,"InChI=1S/C14H21N3O3/c1-9(2)15-7-12-4-3-10-5-11(8-18)14(17(19)20)6-13(10)16-12/h5-6,9,12,15-16,18H,3-4,7-8H2,1-2H3",XCGYUJZMCCFSRP-UHFFFAOYSA-N,279.34,279.34,1.81,87.43,3.0,5.0,0.0,1,CHEMBL847,OXAMNIQUINE,1,0.8343685626983642,True,True,True,1,False,C;N;O,,,False,False,20,5,False,0,0,279.34,87.42999999999999,1.8118,3,5,2,False,,True,ligands_pdbqt/CHEMBL847.pdbqt,-6.604,completed,vina_screening_full/poses/CHEMBL847_out.pdbqt,vina_screening_full/logs/CHEMBL847.log,343
CHEMBL1200821,PROPYLIODONE,Small molecule,4.0,1982.0,0,CCCOC(=O)Cn1cc(I)c(=O)c(I)c1,"InChI=1S/C10H11I2NO3/c1-2-3-16-9(14)6-13-4-7(11)10(15)8(12)5-13/h4-5H,2-3,6H2,1H3",ROSXARVHJNYYDO-UHFFFAOYSA-N,447.01,447.01,2.01,48.3,0.0,4.0,0.0,1,CHEMBL1200821,PROPYLIODONE,1,0.8321147799491883,True,True,True,1,False,C;I;N;O,,,False,False,16,4,False,0,0,447.0100000000001,48.3,2.0107,0,3,1,False,,True,ligands_pdbqt/CHEMBL1200821.pdbqt,-6.601,completed,vina_screening_full/poses/CHEMBL1200821_out.pdbqt,vina_screening_full/logs/CHEMBL1200821.log,344
CHEMBL1371,CHLORZOXAZONE,Small molecule,4.0,1958.0,0,O=c1[nH]c2cc(Cl)ccc2o1,"InChI=1S/C7H4ClNO2/c8-4-1-2-6-5(3-4)9-7(10)11-6/h1-3H,(H,9,10)",TZFWDZFKRBELIQ-UHFFFAOYSA-N,169.57,169.57,1.77,46.0,1.0,2.0,0.0,1,CHEMBL1371,CHLORZOXAZONE,1,0.9035463690757752,True,True,True,1,False,C;Cl;N;O,,,False,False,11,0,False,0,0,169.56699999999998,46.0,1.7745,1,2,2,False,,True,ligands_pdbqt/CHEMBL1371.pdbqt,-6.599,completed,vina_screening_full/poses/CHEMBL1371_out.pdbqt,vina_screening_full/logs/CHEMBL1371.log,345
CHEMBL1899801,PERFLENAPENT,Small molecule,4.0,1998.0,0,FC(F)(F)C(F)(F)C(F)(F)C(F)(F)C(F)(F)F,"InChI=1S/C5F12/c6-1(7,2(8,9)4(12,13)14)3(10,11)5(15,16)17",NJCBUSHGCBERSK-UHFFFAOYSA-N,288.03,288.03,4.02,0.0,0.0,0.0,0.0,1,CHEMBL1899801,PERFLENAPENT,1,0.9969504714012146,True,True,True,1,False,C;F,,,False,False,17,2,False,0,0,288.03099999999995,0.0,4.0169,0,0,0,False,,True,ligands_pdbqt/CHEMBL1899801.pdbqt,-6.593,completed,vina_screening_full/poses/CHEMBL1899801_out.pdbqt,vina_screening_full/logs/CHEMBL1899801.log,346
CHEMBL16073,PHENACETIN,Small molecule,4.0,,1,CCOc1ccc(NC(C)=O)cc1,"InChI=1S/C10H13NO2/c1-3-13-10-6-4-9(5-7-10)11-8(2)12/h4-7H,3H2,1-2H3,(H,11,12)",CPJSUEIXXCENMM-UHFFFAOYSA-N,179.22,179.22,2.04,38.33,1.0,2.0,0.0,1,CHEMBL16073,PHENACETIN,1,0.9661773204803468,True,True,True,1,False,C;N;O,,,False,False,13,3,False,0,0,179.219,38.33,2.0437,1,2,1,False,,True,ligands_pdbqt/CHEMBL16073.pdbqt,-6.588,completed,vina_screening_full/poses/CHEMBL16073_out.pdbqt,vina_screening_full/logs/CHEMBL16073.log,347
CHEMBL434200,TERTATOLOL,Small molecule,4.0,,0,CC(C)(C)NCC(O)COc1cccc2c1SCCC2,"InChI=1S/C16H25NO2S/c1-16(2,3)17-10-13(18)11-19-14-8-4-6-12-7-5-9-20-15(12)14/h4,6,8,13,17-18H,5,7,9-11H2,1-3H3",HTWFXPCUFWKXOP-UHFFFAOYSA-N,295.45,295.45,2.85,41.49,2.0,4.0,0.0,1,CHEMBL434200,TERTATOLOL,1,0.8494240164756774,True,True,True,1,False,C;N;O;S,,,False,False,20,5,False,0,0,295.4480000000001,41.49,2.8527000000000013,2,4,2,False,,True,ligands_pdbqt/CHEMBL434200.pdbqt,-6.585,completed,vina_screening_full/poses/CHEMBL434200_out.pdbqt,vina_screening_full/logs/CHEMBL434200.log,348
CHEMBL2105458,THENALIDINE,Small molecule,4.0,,1,CN1CCC(N(Cc2cccs2)c2ccccc2)CC1,"InChI=1S/C17H22N2S/c1-18-11-9-16(10-12-18)19(14-17-8-5-13-20-17)15-6-3-2-4-7-15/h2-8,13,16H,9-12,14H2,1H3",KLOHYVOVXOUKQI-UHFFFAOYSA-N,286.44,286.44,3.85,6.48,0.0,3.0,0.0,1,CHEMBL2105458,THENALIDINE,1,0.9978112697601318,True,True,True,1,False,C;N;S,,,False,False,20,4,False,0,0,286.44400000000013,6.48,3.848900000000003,0,3,3,False,,True,ligands_pdbqt/CHEMBL2105458.pdbqt,-6.582,completed,vina_screening_full/poses/CHEMBL2105458_out.pdbqt,vina_screening_full/logs/CHEMBL2105458.log,349
CHEMBL460,MOLINDONE,Small molecule,4.0,1974.0,0,CCc1c(C)[nH]c2c1C(=O)C(CN1CCOCC1)CC2,"InChI=1S/C16H24N2O2/c1-3-13-11(2)17-14-5-4-12(16(19)15(13)14)10-18-6-8-20-9-7-18/h12,17H,3-10H2,1-2H3",KLPWJLBORRMFGK-UHFFFAOYSA-N,276.38,276.38,1.96,45.33,1.0,3.0,0.0,2,CHEMBL1200419;CHEMBL460,MOLINDONE;MOLINDONE HYDROCHLORIDE,1,0.992348575592041,True,True,True,1,False,C;N;O,,,False,False,20,3,False,0,0,276.38,45.33,1.96282,1,3,3,False,,True,ligands_pdbqt/CHEMBL460.pdbqt,-6.573,completed,vina_screening_full/poses/CHEMBL460_out.pdbqt,vina_screening_full/logs/CHEMBL460.log,350
CHEMBL1201314,VALGANCICLOVIR,Small molecule,4.0,2001.0,0,CC(C)[C@H](N)C(=O)OCC(CO)OCn1cnc2c(=O)[nH]c(N)nc21,"InChI=1S/C14H22N6O5/c1-7(2)9(15)13(23)24-4-8(3-21)25-6-20-5-17-10-11(20)18-14(16)19-12(10)22/h5,7-9,21H,3-4,6,15H2,1-2H3,(H3,16,18,19,22)/t8?,9-/m0/s1",WPVFJKSGQUFQAP-GKAPJAKFSA-N,354.37,354.37,-1.44,171.37,4.0,10.0,0.0,2,CHEMBL1200454;CHEMBL1201314,VALGANCICLOVIR;VALGANCICLOVIR HYDROCHLORIDE,1,0.7128459215164185,True,False,True,1,False,C;N;O,,,False,False,25,8,False,0,0,354.3670000000001,171.37,-1.4366999999999974,4,9,2,False,,True,ligands_pdbqt/CHEMBL1201314.pdbqt,-6.566,completed,vina_screening_full/poses/CHEMBL1201314_out.pdbqt,vina_screening_full/logs/CHEMBL1201314.log,351
CHEMBL76,CHLOROQUINE,Small molecule,4.0,1949.0,0,CCN(CC)CCCC(C)Nc1ccnc2cc(Cl)ccc12,"InChI=1S/C18H26ClN3/c1-4-22(5-2)12-6-7-14(3)21-17-10-11-20-18-13-15(19)8-9-16(17)18/h8-11,13-14H,4-7,12H2,1-3H3,(H,20,21)",WHTVZRBIWZFKQO-UHFFFAOYSA-N,319.88,319.88,4.81,28.16,1.0,3.0,0.0,3,CHEMBL4297165;CHEMBL58510;CHEMBL76,CHLOROQUINE;CHLOROQUINE HYDROCHLORIDE;CHLOROQUINE PHOSPHATE,1,0.9929840803146364,True,True,True,1,False,C;Cl;N,,,False,False,22,8,False,0,0,319.88000000000005,28.16,4.810600000000004,1,3,2,False,,True,ligands_pdbqt/CHEMBL76.pdbqt,-6.565,completed,vina_screening_full/poses/CHEMBL76_out.pdbqt,vina_screening_full/logs/CHEMBL76.log,352
CHEMBL1274,NILUTAMIDE,Small molecule,4.0,1996.0,0,CC1(C)NC(=O)N(c2ccc([N+](=O)[O-])c(C(F)(F)F)c2)C1=O,"InChI=1S/C12H10F3N3O4/c1-11(2)9(19)17(10(20)16-11)6-3-4-8(18(21)22)7(5-6)12(13,14)15/h3-5H,1-2H3,(H,16,20)",XWXYUMMDTVBTOU-UHFFFAOYSA-N,317.22,317.22,2.45,92.55,1.0,4.0,0.0,1,CHEMBL1274,NILUTAMIDE,1,0.95248042345047,True,True,True,1,False,C;F;N;O,,,False,False,22,2,False,0,0,317.223,92.55,2.4484000000000004,1,4,2,False,,True,ligands_pdbqt/CHEMBL1274.pdbqt,-6.564,completed,vina_screening_full/poses/CHEMBL1274_out.pdbqt,vina_screening_full/logs/CHEMBL1274.log,353
CHEMBL443,SULFAMETHOXAZOLE,Small molecule,4.0,1973.0,0,Cc1cc(NS(=O)(=O)c2ccc(N)cc2)no1,"InChI=1S/C10H11N3O3S/c1-7-6-10(12-16-7)13-17(14,15)9-4-2-8(11)3-5-9/h2-6H,11H2,1H3,(H,12,13)",JLKIGFTWXXRPMT-UHFFFAOYSA-N,253.28,253.28,1.37,98.22,2.0,5.0,0.0,1,CHEMBL443,SULFAMETHOXAZOLE,1,0.6864014029502868,True,False,True,1,False,C;N;O;S,,,False,False,17,3,False,0,0,253.283,98.22,1.3660199999999998,2,5,2,False,,True,ligands_pdbqt/CHEMBL443.pdbqt,-6.564,completed,vina_screening_full/poses/CHEMBL443_out.pdbqt,vina_screening_full/logs/CHEMBL443.log,354
CHEMBL1200963,BIMATOPROST,Small molecule,4.0,2001.0,0,CCNC(=O)CCC/C=C\C[C@@H]1[C@@H](/C=C/[C@@H](O)CCc2ccccc2)[C@H](O)C[C@@H]1O,"InChI=1S/C25H37NO4/c1-2-26-25(30)13-9-4-3-8-12-21-22(24(29)18-23(21)28)17-16-20(27)15-14-19-10-6-5-7-11-19/h3,5-8,10-11,16-17,20-24,27-29H,2,4,9,12-15,18H2,1H3,(H,26,30)/b8-3-,17-16+/t20-,21+,22+,23-,24+/m0/s1",AQOKCDNYWBIDND-FTOWTWDKSA-N,415.57,415.57,3.15,89.79,4.0,4.0,0.0,1,CHEMBL1200963,BIMATOPROST,1,0.5512915074825286,True,False,True,1,False,C;N;O,,,False,False,30,12,False,0,0,415.5740000000001,89.79,3.146900000000002,4,4,2,False,,True,ligands_pdbqt/CHEMBL1200963.pdbqt,-6.561,completed,vina_screening_full/poses/CHEMBL1200963_out.pdbqt,vina_screening_full/logs/CHEMBL1200963.log,355
CHEMBL1201193,LEVOBUPIVACAINE,Small molecule,4.0,1999.0,0,CCCCN1CCCC[C@H]1C(=O)Nc1c(C)cccc1C,"InChI=1S/C18H28N2O/c1-4-5-12-20-13-7-6-11-16(20)18(21)19-17-14(2)9-8-10-15(17)3/h8-10,16H,4-7,11-13H2,1-3H3,(H,19,21)/t16-/m0/s1",LEBVLXFERQHONN-INIZCTEOSA-N,288.44,288.44,3.9,32.34,1.0,2.0,0.0,2,CHEMBL1200749;CHEMBL1201193,LEVOBUPIVACAINE;LEVOBUPIVACAINE HYDROCHLORIDE,1,0.9985684037208558,True,True,True,1,False,C;N;O,,,False,False,21,5,False,0,0,288.43500000000006,32.34,3.8965400000000026,1,2,2,False,,True,ligands_pdbqt/CHEMBL1201193.pdbqt,-6.553,completed,vina_screening_full/poses/CHEMBL1201193_out.pdbqt,vina_screening_full/logs/CHEMBL1201193.log,356
CHEMBL521,IBUPROFEN,Small molecule,4.0,1974.0,0,CC(C)Cc1ccc(C(C)C(=O)O)cc1,"InChI=1S/C13H18O2/c1-9(2)8-11-4-6-12(7-5-11)10(3)13(14)15/h4-7,9-10H,8H2,1-3H3,(H,14,15)",HEFNNWSXXWATRW-UHFFFAOYSA-N,206.28,206.28,3.07,37.3,1.0,1.0,0.0,3,CHEMBL1201141;CHEMBL3989408;CHEMBL521,IBUPROFEN;IBUPROFEN LYSINE;IBUPROFEN SODIUM,1,0.5106979727745056,True,False,True,1,False,C;O,,,False,False,15,4,False,0,0,206.285,37.3,3.073200000000001,1,1,1,False,,True,ligands_pdbqt/CHEMBL521.pdbqt,-6.551,completed,vina_screening_full/poses/CHEMBL521_out.pdbqt,vina_screening_full/logs/CHEMBL521.log,357
CHEMBL1200596,CHLOROXINE,Small molecule,4.0,1976.0,0,Oc1c(Cl)cc(Cl)c2cccnc12,"InChI=1S/C9H5Cl2NO/c10-6-4-7(11)9(13)8-5(6)2-1-3-12-8/h1-4,13H",WDFKMLRRRCGAKS-UHFFFAOYSA-N,214.05,214.05,3.25,33.12,1.0,2.0,0.0,1,CHEMBL1200596,CHLOROXINE,1,0.5409421145915985,True,False,True,1,False,C;Cl;N;O,,,False,False,13,0,False,0,0,214.051,33.120000000000005,3.2472000000000003,1,2,2,False,,True,ligands_pdbqt/CHEMBL1200596.pdbqt,-6.527,completed,vina_screening_full/poses/CHEMBL1200596_out.pdbqt,vina_screening_full/logs/CHEMBL1200596.log,358
CHEMBL268869,SULFAMETHOXYPYRIDAZINE,Small molecule,4.0,,1,COc1ccc(NS(=O)(=O)c2ccc(N)cc2)nn1,"InChI=1S/C11H12N4O3S/c1-18-11-7-6-10(13-14-11)15-19(16,17)9-4-2-8(12)3-5-9/h2-7H,12H2,1H3,(H,13,15)",VLYWMPOKSSWJAL-UHFFFAOYSA-N,280.31,280.31,0.87,107.2,2.0,6.0,0.0,1,CHEMBL268869,SULFAMETHOXYPYRIDAZINE,1,0.6521554827690125,True,False,True,1,False,C;N;O;S,,,False,False,19,4,False,0,0,280.309,107.2,0.8681999999999999,2,6,2,False,,True,ligands_pdbqt/CHEMBL268869.pdbqt,-6.526,completed,vina_screening_full/poses/CHEMBL268869_out.pdbqt,vina_screening_full/logs/CHEMBL268869.log,359
CHEMBL3547132,FLUORODOPA,Small molecule,4.0,2019.0,0,N[C@@H](Cc1cc(O)c(O)cc1F)C(=O)O,"InChI=1S/C9H10FNO4/c10-5-3-8(13)7(12)2-4(5)1-6(11)9(14)15/h2-3,6,12-13H,1,11H2,(H,14,15)/t6-/m0/s1",PAXWQORCRCBOCU-LURJTMIESA-N,215.18,215.18,0.19,103.78,4.0,4.0,0.0,2,CHEMBL3400972;CHEMBL3547132,FLUORODOPA;FLUORODOPA F 18,1,0.5739922106266022,True,False,True,1,False,C;F;N;O,,,False,False,15,3,False,0,0,215.17999999999995,103.78000000000002,0.1912999999999999,4,4,1,False,,True,ligands_pdbqt/CHEMBL3547132.pdbqt,-6.523,completed,vina_screening_full/poses/CHEMBL3547132_out.pdbqt,vina_screening_full/logs/CHEMBL3547132.log,360
CHEMBL26,SULPIRIDE,Small molecule,4.0,,0,CCN1CCCC1CNC(=O)c1cc(S(N)(=O)=O)ccc1OC,"InChI=1S/C15H23N3O4S/c1-3-18-8-4-5-11(18)10-17-15(19)13-9-12(23(16,20)21)6-7-14(13)22-2/h6-7,9,11H,3-5,8,10H2,1-2H3,(H,17,19)(H2,16,20,21)",BGRJTUBHPOOWDU-UHFFFAOYSA-N,341.43,341.43,0.56,101.73,2.0,5.0,0.0,1,CHEMBL26,SULPIRIDE,1,0.88206627368927,True,True,True,1,False,C;N;O;S,,,False,False,23,6,False,0,0,341.4330000000001,101.73,0.5567000000000012,2,5,2,False,,True,ligands_pdbqt/CHEMBL26.pdbqt,-6.508,completed,vina_screening_full/poses/CHEMBL26_out.pdbqt,vina_screening_full/logs/CHEMBL26.log,361
CHEMBL75880,PERHEXILINE,Small molecule,4.0,1974.0,1,C1CCC(C(CC2CCCCN2)C2CCCCC2)CC1,"InChI=1S/C19H35N/c1-3-9-16(10-4-1)19(17-11-5-2-6-12-17)15-18-13-7-8-14-20-18/h16-20H,1-15H2",CYXKNKQEMFBLER-UHFFFAOYSA-N,277.5,277.5,5.3,12.03,1.0,1.0,1.0,2,CHEMBL1334033;CHEMBL75880,PERHEXILINE;PERHEXILINE MALEATE,1,0.9848341941833496,True,True,True,1,False,C;N,,,False,False,20,4,False,0,0,277.496,12.03,5.295400000000005,1,1,3,False,,True,ligands_pdbqt/CHEMBL75880.pdbqt,-6.503,completed,vina_screening_full/poses/CHEMBL75880_out.pdbqt,vina_screening_full/logs/CHEMBL75880.log,362
CHEMBL817,TOLAZAMIDE,Small molecule,4.0,1966.0,0,Cc1ccc(S(=O)(=O)NC(=O)NN2CCCCCC2)cc1,"InChI=1S/C14H21N3O3S/c1-12-6-8-13(9-7-12)21(19,20)16-14(18)15-17-10-4-2-3-5-11-17/h6-9H,2-5,10-11H2,1H3,(H2,15,16,18)",OUDSBRTVNLOZBN-UHFFFAOYSA-N,311.41,311.41,1.77,78.51,2.0,4.0,0.0,1,CHEMBL817,TOLAZAMIDE,1,0.6229952871799469,True,False,True,1,False,C;N;O;S,,,False,False,21,3,False,0,0,311.4070000000001,78.50999999999999,1.7739199999999995,2,4,2,False,,True,ligands_pdbqt/CHEMBL817.pdbqt,-6.489,completed,vina_screening_full/poses/CHEMBL817_out.pdbqt,vina_screening_full/logs/CHEMBL817.log,363
CHEMBL571546,TIRBANIBULIN,Small molecule,4.0,2020.0,0,O=C(Cc1ccc(-c2ccc(OCCN3CCOCC3)cc2)cn1)NCc1ccccc1,"InChI=1S/C26H29N3O3/c30-26(28-19-21-4-2-1-3-5-21)18-24-9-6-23(20-27-24)22-7-10-25(11-8-22)32-17-14-29-12-15-31-16-13-29/h1-11,20H,12-19H2,(H,28,30)",HUNGUWOZPQBXGX-UHFFFAOYSA-N,431.54,431.54,3.32,63.69,1.0,5.0,0.0,1,CHEMBL571546,TIRBANIBULIN,1,0.5467275202274322,True,False,True,1,False,C;N;O,,,False,False,32,9,False,0,0,431.5360000000001,63.69,3.318500000000001,1,5,4,False,,True,ligands_pdbqt/CHEMBL571546.pdbqt,-6.479,completed,vina_screening_full/poses/CHEMBL571546_out.pdbqt,vina_screening_full/logs/CHEMBL571546.log,364
CHEMBL711,PHENINDIONE,Small molecule,4.0,1982.0,0,O=C1c2ccccc2C(=O)C1c1ccccc1,"InChI=1S/C15H10O2/c16-14-11-8-4-5-9-12(11)15(17)13(14)10-6-2-1-3-7-10/h1-9,13H",NFBAXHOPROOJAW-UHFFFAOYSA-N,222.24,222.24,2.85,34.14,0.0,2.0,0.0,1,CHEMBL711,PHENINDIONE,1,0.9359716296195985,True,True,True,1,False,C;O,,,False,False,17,1,False,0,0,222.243,34.14,2.849400000000001,0,2,3,False,,True,ligands_pdbqt/CHEMBL711.pdbqt,-6.472,completed,vina_screening_full/poses/CHEMBL711_out.pdbqt,vina_screening_full/logs/CHEMBL711.log,365
CHEMBL122,ROFECOXIB,Small molecule,4.0,1999.0,1,CS(=O)(=O)c1ccc(C2=C(c3ccccc3)C(=O)OC2)cc1,"InChI=1S/C17H14O4S/c1-22(19,20)14-9-7-12(8-10-14)15-11-21-17(18)16(15)13-5-3-2-4-6-13/h2-10H,11H2,1H3",RZJQGNCSTQAWON-UHFFFAOYSA-N,314.36,314.36,2.56,60.44,0.0,4.0,0.0,1,CHEMBL122,ROFECOXIB,1,0.7611584663391113,True,False,True,1,False,C;O;S,,,False,False,22,3,False,0,0,314.3620000000001,60.44,2.5577000000000005,0,4,3,False,,True,ligands_pdbqt/CHEMBL122.pdbqt,-6.467,completed,vina_screening_full/poses/CHEMBL122_out.pdbqt,vina_screening_full/logs/CHEMBL122.log,366
CHEMBL106258,AMINOREX,Small molecule,4.0,,1,NC1=NCC(c2ccccc2)O1,"InChI=1S/C9H10N2O/c10-9-11-6-8(12-9)7-4-2-1-3-5-7/h1-5,8H,6H2,(H2,10,11)",SYAKTDIEAPMBAL-UHFFFAOYSA-N,162.19,162.19,1.07,47.61,1.0,3.0,0.0,1,CHEMBL106258,AMINOREX,1,0.9730496883392334,True,True,True,1,False,C;N;O,,,False,False,12,1,False,0,0,162.19199999999998,47.61,1.0726,1,3,2,False,,True,ligands_pdbqt/CHEMBL106258.pdbqt,-6.466,completed,vina_screening_full/poses/CHEMBL106258_out.pdbqt,vina_screening_full/logs/CHEMBL106258.log,367
CHEMBL1535,HYDROXYCHLOROQUINE,Small molecule,4.0,1955.0,0,CCN(CCO)CCCC(C)Nc1ccnc2cc(Cl)ccc12,"InChI=1S/C18H26ClN3O/c1-3-22(11-12-23)10-4-5-14(2)21-17-8-9-20-18-13-15(19)6-7-16(17)18/h6-9,13-14,23H,3-5,10-12H2,1-2H3,(H,20,21)",XXSMGPRMXLTPCZ-UHFFFAOYSA-N,335.88,335.88,3.78,48.39,2.0,4.0,0.0,2,CHEMBL1535;CHEMBL1690,HYDROXYCHLOROQUINE;HYDROXYCHLOROQUINE SULFATE,1,0.9588319420814514,True,True,True,1,False,C;Cl;N;O,,,False,False,23,9,False,0,0,335.8790000000001,48.39,3.783000000000002,2,4,2,False,,True,ligands_pdbqt/CHEMBL1535.pdbqt,-6.465,completed,vina_screening_full/poses/CHEMBL1535_out.pdbqt,vina_screening_full/logs/CHEMBL1535.log,368
CHEMBL741,LAMOTRIGINE,Small molecule,4.0,1994.0,0,Nc1nnc(-c2cccc(Cl)c2Cl)c(N)n1,"InChI=1S/C9H7Cl2N5/c10-5-3-1-2-4(6(5)11)7-8(12)14-9(13)16-15-7/h1-3H,(H4,12,13,14,16)",PYZRQGJRPPTADH-UHFFFAOYSA-N,256.1,256.1,2.01,90.71,2.0,5.0,0.0,1,CHEMBL741,LAMOTRIGINE,1,0.8755333900451661,True,True,True,1,False,C;Cl;N,,,False,False,16,1,False,0,0,256.09599999999995,90.71,2.0098,2,5,2,False,,True,ligands_pdbqt/CHEMBL741.pdbqt,-6.463,completed,vina_screening_full/poses/CHEMBL741_out.pdbqt,vina_screening_full/logs/CHEMBL741.log,369
CHEMBL1908906,FLORBETABEN,Small molecule,4.0,2014.0,0,CNc1ccc(/C=C/c2ccc(OCCOCCOCCF)cc2)cc1,"InChI=1S/C21H26FNO3/c1-23-20-8-4-18(5-9-20)2-3-19-6-10-21(11-7-19)26-17-16-25-15-14-24-13-12-22/h2-11,23H,12-17H2,1H3/b3-2+",NCWZOASIUQVOFA-NSCUHMNNSA-N,359.44,359.44,4.28,39.72,1.0,4.0,0.0,2,CHEMBL1908906;CHEMBL566752,FLORBETABEN;FLORBETABEN F18,1,0.7495180845260621,True,False,True,1,False,C;F;N;O,,,False,False,26,12,False,0,0,359.44100000000003,39.72,4.280200000000003,1,4,2,False,,True,ligands_pdbqt/CHEMBL1908906.pdbqt,-6.458,completed,vina_screening_full/poses/CHEMBL1908906_out.pdbqt,vina_screening_full/logs/CHEMBL1908906.log,370
CHEMBL363295,TERODILINE,Small molecule,4.0,1986.0,1,CC(CC(c1ccccc1)c1ccccc1)NC(C)(C)C,"InChI=1S/C20H27N/c1-16(21-20(2,3)4)15-19(17-11-7-5-8-12-17)18-13-9-6-10-14-18/h5-14,16,19,21H,15H2,1-4H3",UISARWKNNNHPGI-UHFFFAOYSA-N,281.44,281.44,4.99,12.03,1.0,1.0,0.0,2,CHEMBL363295;CHEMBL539770,TERODILINE;TERODILINE HYDROCHLORIDE,1,0.9541489243507384,True,True,True,1,False,C;N,,,False,False,21,5,False,0,0,281.44300000000004,12.03,4.985200000000004,1,1,2,False,,True,ligands_pdbqt/CHEMBL363295.pdbqt,-6.45,completed,vina_screening_full/poses/CHEMBL363295_out.pdbqt,vina_screening_full/logs/CHEMBL363295.log,371
CHEMBL2110732,DACOMITINIB ANHYDROUS,Small molecule,4.0,2018.0,0,COc1cc2ncnc(Nc3ccc(F)c(Cl)c3)c2cc1NC(=O)/C=C/CN1CCCCC1,"InChI=1S/C24H25ClFN5O2/c1-33-22-14-20-17(24(28-15-27-20)29-16-7-8-19(26)18(25)12-16)13-21(22)30-23(32)6-5-11-31-9-3-2-4-10-31/h5-8,12-15H,2-4,9-11H2,1H3,(H,30,32)(H,27,28,29)/b6-5+",LVXJQMNHJWSHET-AATRIKPKSA-N,469.95,469.95,5.16,79.38,2.0,6.0,1.0,2,CHEMBL2105719;CHEMBL2110732,DACOMITINIB;DACOMITINIB ANHYDROUS,1,0.882453441619873,True,True,True,1,False,C;Cl;F;N;O,,,False,False,33,7,False,0,0,469.9480000000004,79.38000000000001,5.1551000000000045,2,6,4,False,,True,ligands_pdbqt/CHEMBL2110732.pdbqt,-6.45,completed,vina_screening_full/poses/CHEMBL2110732_out.pdbqt,vina_screening_full/logs/CHEMBL2110732.log,372
CHEMBL1196,PROPARACAINE,Small molecule,4.0,1953.0,0,CCCOc1ccc(C(=O)OCCN(CC)CC)cc1N,"InChI=1S/C16H26N2O3/c1-4-10-20-15-8-7-13(12-14(15)17)16(19)21-11-9-18(5-2)6-3/h7-8,12H,4-6,9-11,17H2,1-3H3",KCLANYCVBBTKTO-UHFFFAOYSA-N,294.39,294.39,2.56,64.79,1.0,5.0,0.0,2,CHEMBL1196;CHEMBL1200464,PROPARACAINE;PROPARACAINE HYDROCHLORIDE,1,0.9481024503707886,True,True,True,1,False,C;N;O,,,False,False,21,9,False,0,0,294.3949999999999,64.79,2.5562000000000005,1,5,1,False,,True,ligands_pdbqt/CHEMBL1196.pdbqt,-6.447,completed,vina_screening_full/poses/CHEMBL1196_out.pdbqt,vina_screening_full/logs/CHEMBL1196.log,373
CHEMBL1200359,SULFAMETER,Small molecule,4.0,1966.0,0,COc1cnc(NS(=O)(=O)c2ccc(N)cc2)nc1,"InChI=1S/C11H12N4O3S/c1-18-9-6-13-11(14-7-9)15-19(16,17)10-4-2-8(12)3-5-10/h2-7H,12H2,1H3,(H,13,14,15)",GPTONYMQFTZPKC-UHFFFAOYSA-N,280.31,280.31,0.87,107.2,2.0,6.0,0.0,1,CHEMBL1200359,SULFAMETER,1,0.6747123241424561,True,False,True,1,False,C;N;O;S,,,False,False,19,4,False,0,0,280.309,107.2,0.8681999999999999,2,6,2,False,,True,ligands_pdbqt/CHEMBL1200359.pdbqt,-6.444,completed,vina_screening_full/poses/CHEMBL1200359_out.pdbqt,vina_screening_full/logs/CHEMBL1200359.log,374
CHEMBL941,IMATINIB,Small molecule,4.0,2001.0,0,Cc1ccc(NC(=O)c2ccc(CN3CCN(C)CC3)cc2)cc1Nc1nccc(-c2cccnc2)n1,"InChI=1S/C29H31N7O/c1-21-5-10-25(18-27(21)34-29-31-13-11-26(33-29)24-4-3-12-30-19-24)32-28(37)23-8-6-22(7-9-23)20-36-16-14-35(2)15-17-36/h3-13,18-19H,14-17,20H2,1-2H3,(H,32,37)(H,31,33,34)",KTUFNOKKBVMGRW-UHFFFAOYSA-N,493.62,493.62,4.59,86.28,2.0,7.0,0.0,2,CHEMBL1642;CHEMBL941,IMATINIB;IMATINIB MESYLATE,1,0.5978286862373352,True,False,True,1,False,C;N;O,,,False,False,37,7,False,0,0,493.6150000000002,86.28000000000002,4.590320000000004,2,7,5,False,,True,ligands_pdbqt/CHEMBL941.pdbqt,-6.444,completed,vina_screening_full/poses/CHEMBL941_out.pdbqt,vina_screening_full/logs/CHEMBL941.log,375
CHEMBL1377,PROGUANIL,Small molecule,4.0,2000.0,0,CC(C)NC(=N)NC(=N)Nc1ccc(Cl)cc1,"InChI=1S/C11H16ClN5/c1-7(2)15-10(13)17-11(14)16-9-5-3-8(12)4-6-9/h3-7H,1-2H3,(H5,13,14,15,16,17)",SSOLNOMRVKKSON-UHFFFAOYSA-N,253.74,253.74,2.21,83.79,5.0,2.0,0.0,2,CHEMBL1201059;CHEMBL1377,PROGUANIL;PROGUANIL HYDROCHLORIDE,1,0.7230088710784912,True,False,True,1,False,C;Cl;N,,,False,False,17,2,False,0,0,253.737,83.79,2.209039999999999,5,2,1,False,,True,ligands_pdbqt/CHEMBL1377.pdbqt,-6.442,completed,vina_screening_full/poses/CHEMBL1377_out.pdbqt,vina_screening_full/logs/CHEMBL1377.log,376
CHEMBL877,TRANEXAMIC ACID,Small molecule,4.0,1986.0,0,NC[C@H]1CC[C@H](C(=O)O)CC1,"InChI=1S/C8H15NO2/c9-5-6-1-3-7(4-2-6)8(10)11/h6-7H,1-5,9H2,(H,10,11)/t6-,7-",GYDJEQRTZSCIOI-LJGSYFOKSA-N,157.21,157.21,0.84,63.32,2.0,2.0,0.0,1,CHEMBL877,TRANEXAMIC ACID,1,0.6036708354949951,True,False,True,1,False,C;N;O,,,False,False,11,2,False,0,0,157.21299999999997,63.32000000000001,0.8361000000000001,2,2,1,False,,True,ligands_pdbqt/CHEMBL877.pdbqt,-6.441,completed,vina_screening_full/poses/CHEMBL877_out.pdbqt,vina_screening_full/logs/CHEMBL877.log,377
CHEMBL558,MEXILETINE,Small molecule,4.0,1985.0,0,Cc1cccc(C)c1OCC(C)N,"InChI=1S/C11H17NO/c1-8-5-4-6-9(2)11(8)13-7-10(3)12/h4-6,10H,7,12H2,1-3H3",VLPIATFUUWWMKC-UHFFFAOYSA-N,179.26,179.26,2.03,35.25,1.0,2.0,0.0,2,CHEMBL1200606;CHEMBL558,MEXILETINE;MEXILETINE HYDROCHLORIDE,1,0.9717213392257692,True,True,True,1,False,C;N;O,,,False,False,13,3,False,0,0,179.26299999999998,35.25,2.02944,1,2,1,False,,True,ligands_pdbqt/CHEMBL558.pdbqt,-6.44,completed,vina_screening_full/poses/CHEMBL558_out.pdbqt,vina_screening_full/logs/CHEMBL558.log,378
CHEMBL1448,NICLOSAMIDE,Small molecule,4.0,1982.0,0,O=C(Nc1ccc([N+](=O)[O-])cc1Cl)c1cc(Cl)ccc1O,"InChI=1S/C13H8Cl2N2O4/c14-7-1-4-12(18)9(5-7)13(19)16-11-3-2-8(17(20)21)6-10(11)15/h1-6,18H,(H,16,19)",RJMUSRYZPJIFPJ-UHFFFAOYSA-N,327.12,327.12,3.86,92.47,2.0,4.0,0.0,1,CHEMBL1448,NICLOSAMIDE,1,0.5071750938892364,True,False,True,1,False,C;Cl;N;O,,,False,False,21,3,False,0,0,327.12300000000005,92.47,3.859500000000001,2,4,2,False,,True,ligands_pdbqt/CHEMBL1448.pdbqt,-6.434,completed,vina_screening_full/poses/CHEMBL1448_out.pdbqt,vina_screening_full/logs/CHEMBL1448.log,379
CHEMBL439849,VILAZODONE,Small molecule,4.0,2011.0,0,N#Cc1ccc2[nH]cc(CCCCN3CCN(c4ccc5oc(C(N)=O)cc5c4)CC3)c2c1,"InChI=1S/C26H27N5O2/c27-16-18-4-6-23-22(13-18)19(17-29-23)3-1-2-8-30-9-11-31(12-10-30)21-5-7-24-20(14-21)15-25(33-24)26(28)32/h4-7,13-15,17,29H,1-3,8-12H2,(H2,28,32)",SGEGOXDYSFKCPT-UHFFFAOYSA-N,441.54,441.54,4.03,102.29,2.0,5.0,0.0,2,CHEMBL1615374;CHEMBL439849,VILAZODONE;VILAZODONE HYDROCHLORIDE,1,0.7746220707893372,True,False,True,1,False,C;N;O,,,False,False,33,7,False,0,0,441.5350000000002,102.29,4.029580000000003,2,5,5,False,,True,ligands_pdbqt/CHEMBL439849.pdbqt,-6.429,completed,vina_screening_full/poses/CHEMBL439849_out.pdbqt,vina_screening_full/logs/CHEMBL439849.log,380
CHEMBL550,PILOCARPINE,Small molecule,4.0,1974.0,0,CC[C@@H]1C(=O)OC[C@@H]1Cc1cncn1C,"InChI=1S/C11H16N2O2/c1-3-10-8(6-15-11(10)14)4-9-5-12-7-13(9)2/h5,7-8,10H,3-4,6H2,1-2H3/t8-,10-/m0/s1",QCHFTSOMWOSFHM-WPRPVWTQSA-N,208.26,208.26,1.16,44.12,0.0,4.0,0.0,2,CHEMBL1200330;CHEMBL550,PILOCARPINE;PILOCARPINE HYDROCHLORIDE,1,0.8994013071060181,True,True,True,1,False,C;N;O,,,False,False,15,3,False,0,0,208.261,44.12,1.1618000000000002,0,3,2,False,,True,ligands_pdbqt/CHEMBL550.pdbqt,-6.42,completed,vina_screening_full/poses/CHEMBL550_out.pdbqt,vina_screening_full/logs/CHEMBL550.log,381
CHEMBL54,HALOPERIDOL,Small molecule,4.0,1967.0,0,O=C(CCCN1CCC(O)(c2ccc(Cl)cc2)CC1)c1ccc(F)cc1,"InChI=1S/C21H23ClFNO2/c22-18-7-5-17(6-8-18)21(26)11-14-24(15-12-21)13-1-2-20(25)16-3-9-19(23)10-4-16/h3-10,26H,1-2,11-15H2",LNEPOXFFQSENCJ-UHFFFAOYSA-N,375.87,375.87,4.43,40.54,1.0,3.0,0.0,2,CHEMBL4297147;CHEMBL54,HALOPERIDOL;HALOPERIDOL LACTATE,1,0.9801033020019532,True,True,True,1,False,C;Cl;F;N;O,,,False,False,26,6,False,0,0,375.87100000000015,40.540000000000006,4.425600000000004,1,3,3,False,,True,ligands_pdbqt/CHEMBL54.pdbqt,-6.417,completed,vina_screening_full/poses/CHEMBL54_out.pdbqt,vina_screening_full/logs/CHEMBL54.log,382
CHEMBL1201758,BEPOTASTINE,Small molecule,4.0,2009.0,0,O=C(O)CCCN1CCC(O[C@@H](c2ccc(Cl)cc2)c2ccccn2)CC1,"InChI=1S/C21H25ClN2O3/c22-17-8-6-16(7-9-17)21(19-4-1-2-12-23-19)27-18-10-14-24(15-11-18)13-3-5-20(25)26/h1-2,4,6-9,12,18,21H,3,5,10-11,13-15H2,(H,25,26)/t21-/m0/s1",YWGDOWXRIALTES-NRFANRHFSA-N,388.9,388.9,4.17,62.66,1.0,4.0,0.0,2,CHEMBL1201758;CHEMBL1201759,BEPOTASTINE;BEPOTASTINE BESYLATE,1,0.6979790568351746,True,False,True,1,False,C;Cl;N;O,,,False,False,27,8,False,0,0,388.8950000000002,62.66,4.170200000000004,1,4,3,False,,True,ligands_pdbqt/CHEMBL1201758.pdbqt,-6.415,completed,vina_screening_full/poses/CHEMBL1201758_out.pdbqt,vina_screening_full/logs/CHEMBL1201758.log,383
CHEMBL1201863,DEXLANSOPRAZOLE,Small molecule,4.0,2009.0,0,Cc1c(OCC(F)(F)F)ccnc1C[S@@+]([O-])c1nc2ccccc2[nH]1,"InChI=1S/C16H14F3N3O2S/c1-10-13(20-7-6-14(10)24-9-16(17,18)19)8-25(23)15-21-11-4-2-3-5-12(11)22-15/h2-7H,8-9H2,1H3,(H,21,22)/t25-/m1/s1",MJIHNNLFOKEZEW-RUZDIDTESA-N,369.37,369.37,3.52,73.86,1.0,4.0,0.0,1,CHEMBL1201863,DEXLANSOPRAZOLE,1,0.938470423221588,True,True,True,1,False,C;F;N;O;S,,,False,False,25,5,False,0,0,369.3680000000001,73.86,3.515220000000001,1,4,3,False,,True,ligands_pdbqt/CHEMBL1201863.pdbqt,-6.414,completed,vina_screening_full/poses/CHEMBL1201863_out.pdbqt,vina_screening_full/logs/CHEMBL1201863.log,384
CHEMBL196,ASCORBIC ACID,Small molecule,4.0,1985.0,0,O=C1O[C@H]([C@@H](O)CO)C(O)=C1O,"InChI=1S/C6H8O6/c7-1-2(8)5-3(9)4(10)6(11)12-5/h2,5,7-10H,1H2/t2-,5+/m0/s1",CIWBSHSKHKDKBQ-JLAZNSOCSA-N,176.12,176.12,-1.41,107.22,4.0,6.0,0.0,1,CHEMBL196,ASCORBIC ACID,1,0.6246308147907257,True,False,True,1,False,C;O,,,False,False,12,2,False,0,0,176.124,107.22,-1.4073999999999995,4,6,1,False,,True,ligands_pdbqt/CHEMBL196.pdbqt,-6.411,completed,vina_screening_full/poses/CHEMBL196_out.pdbqt,vina_screening_full/logs/CHEMBL196.log,385
CHEMBL203266,TRIMETAZIDINE,Small molecule,4.0,,0,COc1ccc(CN2CCNCC2)c(OC)c1OC,"InChI=1S/C14H22N2O3/c1-17-12-5-4-11(13(18-2)14(12)19-3)10-16-8-6-15-7-9-16/h4-5,15H,6-10H2,1-3H3",UHWVSEOVJBQKBE-UHFFFAOYSA-N,266.34,266.34,1.12,42.96,1.0,5.0,0.0,2,CHEMBL203266;CHEMBL3561076,TRIMETAZIDINE;TRIMETAZIDINE DIHYDROCHLORIDE,1,0.963401472568512,True,True,True,1,False,C;N;O,,,False,False,19,5,False,0,0,266.34099999999995,42.96000000000001,1.1176,1,5,2,False,,True,ligands_pdbqt/CHEMBL203266.pdbqt,-6.409,completed,vina_screening_full/poses/CHEMBL203266_out.pdbqt,vina_screening_full/logs/CHEMBL203266.log,386
CHEMBL1525826,SULFALENE,Small molecule,4.0,,0,COc1nccnc1NS(=O)(=O)c1ccc(N)cc1,"InChI=1S/C11H12N4O3S/c1-18-11-10(13-6-7-14-11)15-19(16,17)9-4-2-8(12)3-5-9/h2-7H,12H2,1H3,(H,13,15)",KXRZBTAEDBELFD-UHFFFAOYSA-N,280.31,280.31,0.87,107.2,2.0,6.0,0.0,1,CHEMBL1525826,SULFALENE,1,0.6748514175415039,True,False,True,1,False,C;N;O;S,,,False,False,19,4,False,0,0,280.309,107.2,0.8681999999999999,2,6,2,False,,True,ligands_pdbqt/CHEMBL1525826.pdbqt,-6.407,completed,vina_screening_full/poses/CHEMBL1525826_out.pdbqt,vina_screening_full/logs/CHEMBL1525826.log,387
CHEMBL1201201,METHAMPHETAMINE,Small molecule,4.0,1943.0,0,CN[C@@H](C)Cc1ccccc1,"InChI=1S/C10H15N/c1-9(11-2)8-10-6-4-3-5-7-10/h3-7,9,11H,8H2,1-2H3/t9-/m0/s1",MYWUZJCMWCOHBA-VIFPVBQESA-N,149.24,149.24,1.84,12.03,1.0,1.0,0.0,2,CHEMBL1200952;CHEMBL1201201,METHAMPHETAMINE;METHAMPHETAMINE HYDROCHLORIDE,1,0.947364890575409,True,True,True,1,False,C;N,,,False,False,11,3,False,0,0,149.237,12.03,1.837,1,1,1,False,,True,ligands_pdbqt/CHEMBL1201201.pdbqt,-6.405,completed,vina_screening_full/poses/CHEMBL1201201_out.pdbqt,vina_screening_full/logs/CHEMBL1201201.log,388
CHEMBL701,BACLOFEN,Small molecule,4.0,1977.0,0,NCC(CC(=O)O)c1ccc(Cl)cc1,"InChI=1S/C10H12ClNO2/c11-9-3-1-7(2-4-9)8(6-12)5-10(13)14/h1-4,8H,5-6,12H2,(H,13,14)",KPYSYYIEGFHWSV-UHFFFAOYSA-N,213.66,213.66,1.86,63.32,2.0,2.0,0.0,1,CHEMBL701,BACLOFEN,1,0.627772718667984,True,False,True,1,False,C;Cl;N;O,,,False,False,14,4,False,0,0,213.664,63.32000000000001,1.857,2,2,1,False,,True,ligands_pdbqt/CHEMBL701.pdbqt,-6.395,completed,vina_screening_full/poses/CHEMBL701_out.pdbqt,vina_screening_full/logs/CHEMBL701.log,389
CHEMBL1200866,PERFLUBRON,Small molecule,4.0,1993.0,0,FC(F)(F)C(F)(F)C(F)(F)C(F)(F)C(F)(F)C(F)(F)C(F)(F)C(F)(F)Br,"InChI=1S/C8BrF17/c9-7(22,23)5(18,19)3(14,15)1(10,11)2(12,13)4(16,17)6(20,21)8(24,25)26",WTWWXOGTJWMJHI-UHFFFAOYSA-N,498.96,498.96,6.35,0.0,0.0,0.0,1.0,1,CHEMBL1200866,PERFLUBRON,1,0.9776830911636352,True,True,True,1,False,Br;C;F,,,False,False,26,6,False,0,0,498.958,0.0,6.348200000000002,0,0,0,False,,True,ligands_pdbqt/CHEMBL1200866.pdbqt,-6.385,completed,vina_screening_full/poses/CHEMBL1200866_out.pdbqt,vina_screening_full/logs/CHEMBL1200866.log,390
CHEMBL3655081,ABROCITINIB,Small molecule,4.0,2021.0,0,CCCS(=O)(=O)N[C@H]1C[C@@H](N(C)c2ncnc3[nH]ccc23)C1,"InChI=1S/C14H21N5O2S/c1-3-6-22(20,21)18-10-7-11(8-10)19(2)14-12-4-5-15-13(12)16-9-17-14/h4-5,9-11,18H,3,6-8H2,1-2H3,(H,15,16,17)/t10-,11+",IUEWXNHSKRWHDY-PHIMTYICSA-N,323.42,323.42,1.25,90.98,2.0,5.0,0.0,1,CHEMBL3655081,ABROCITINIB,1,0.881689453125,True,True,True,1,False,C;N;O;S,,,False,False,22,6,False,0,0,323.4220000000001,90.98,1.2544999999999995,2,5,3,False,,True,ligands_pdbqt/CHEMBL3655081.pdbqt,-6.381,completed,vina_screening_full/poses/CHEMBL3655081_out.pdbqt,vina_screening_full/logs/CHEMBL3655081.log,391
CHEMBL86,METOCLOPRAMIDE,Small molecule,4.0,1979.0,0,CCN(CC)CCNC(=O)c1cc(Cl)c(N)cc1OC,"InChI=1S/C14H22ClN3O2/c1-4-18(5-2)7-6-17-14(19)10-8-11(15)12(16)9-13(10)20-3/h8-9H,4-7,16H2,1-3H3,(H,17,19)",TTWJBBZEZQICBI-UHFFFAOYSA-N,299.8,299.8,2.0,67.59,2.0,4.0,0.0,2,CHEMBL1200940;CHEMBL86,METOCLOPRAMIDE;METOCLOPRAMIDE HYDROCHLORIDE,1,0.982889711856842,True,True,True,1,False,C;Cl;N;O,,,False,False,20,7,False,0,0,299.8020000000001,67.59,2.0024,2,4,1,False,,True,ligands_pdbqt/CHEMBL86.pdbqt,-6.381,completed,vina_screening_full/poses/CHEMBL86_out.pdbqt,vina_screening_full/logs/CHEMBL86.log,392
CHEMBL1201234,MEPHENTERMINE,Small molecule,4.0,1951.0,0,CNC(C)(C)Cc1ccccc1,"InChI=1S/C11H17N/c1-11(2,12-3)9-10-7-5-4-6-8-10/h4-8,12H,9H2,1-3H3",RXQCGGRTAILOIN-UHFFFAOYSA-N,163.26,163.26,2.23,12.03,1.0,1.0,0.0,2,CHEMBL1201234;CHEMBL3184799,MEPHENTERMINE;MEPHENTERMINE SULFATE,1,0.9665486574172972,True,True,True,1,False,C;N,,,False,False,12,3,False,0,0,163.264,12.03,2.2271,1,1,1,False,,True,ligands_pdbqt/CHEMBL1201234.pdbqt,-6.379,completed,vina_screening_full/poses/CHEMBL1201234_out.pdbqt,vina_screening_full/logs/CHEMBL1201234.log,393
CHEMBL424,SALICYLIC ACID,Small molecule,4.0,,0,O=C(O)c1ccccc1O,"InChI=1S/C7H6O3/c8-6-4-2-1-3-5(6)7(9)10/h1-4,8H,(H,9,10)",YGSDEFSMJLZEOE-UHFFFAOYSA-N,138.12,138.12,1.09,57.53,2.0,2.0,0.0,1,CHEMBL424,SALICYLIC ACID,1,0.5116792142391204,True,False,True,1,False,C;O,,,False,False,10,1,False,0,0,138.122,57.53,1.0903999999999998,2,2,1,False,,True,ligands_pdbqt/CHEMBL424.pdbqt,-6.377,completed,vina_screening_full/poses/CHEMBL424_out.pdbqt,vina_screening_full/logs/CHEMBL424.log,394
CHEMBL134,CLONIDINE,Small molecule,4.0,1974.0,0,Clc1cccc(Cl)c1NC1=NCCN1,"InChI=1S/C9H9Cl2N3/c10-6-2-1-3-7(11)8(6)14-9-12-4-5-13-9/h1-3H,4-5H2,(H2,12,13,14)",GJSURZIOUXUGAL-UHFFFAOYSA-N,230.1,230.1,2.36,36.42,2.0,3.0,0.0,2,CHEMBL134;CHEMBL1705,CLONIDINE;CLONIDINE HYDROCHLORIDE,1,0.9249603748321532,True,True,True,1,False,C;Cl;N,,,False,False,14,1,False,0,0,230.098,36.42,2.3645,2,3,2,False,,True,ligands_pdbqt/CHEMBL134.pdbqt,-6.371,completed,vina_screening_full/poses/CHEMBL134_out.pdbqt,vina_screening_full/logs/CHEMBL134.log,395
CHEMBL1233,CARISOPRODOL,Small molecule,4.0,1959.0,1,CCCC(C)(COC(N)=O)COC(=O)NC(C)C,"InChI=1S/C12H24N2O4/c1-5-6-12(4,7-17-10(13)15)8-18-11(16)14-9(2)3/h9H,5-8H2,1-4H3,(H2,13,15)(H,14,16)",OFZCIYFFPZCNJE-UHFFFAOYSA-N,260.33,260.33,2.02,90.65,2.0,4.0,0.0,1,CHEMBL1233,CARISOPRODOL,1,0.9804309725761412,True,True,True,1,False,C;N;O,,,False,False,18,7,False,0,0,260.334,90.65,2.0227,2,4,0,False,,True,ligands_pdbqt/CHEMBL1233.pdbqt,-6.369,completed,vina_screening_full/poses/CHEMBL1233_out.pdbqt,vina_screening_full/logs/CHEMBL1233.log,396
CHEMBL498,CHLORPROPAMIDE,Small molecule,4.0,1958.0,0,CCCNC(=O)NS(=O)(=O)c1ccc(Cl)cc1,"InChI=1S/C10H13ClN2O3S/c1-2-7-12-10(14)13-17(15,16)9-5-3-8(11)4-6-9/h3-6H,2,7H2,1H3,(H2,12,13,14)",RKWGIWYCVPQPMF-UHFFFAOYSA-N,276.75,276.75,1.74,75.27,2.0,3.0,0.0,1,CHEMBL498,CHLORPROPAMIDE,1,0.5769166767597198,True,False,True,1,False,C;Cl;N;O;S,,,False,False,17,4,False,0,0,276.745,75.27000000000001,1.7379,2,3,1,False,,True,ligands_pdbqt/CHEMBL498.pdbqt,-6.362,completed,vina_screening_full/poses/CHEMBL498_out.pdbqt,vina_screening_full/logs/CHEMBL498.log,397
CHEMBL1200829,GLUCONOLACTONE,Small molecule,4.0,1990.0,0,O=C1O[C@H](CO)[C@@H](O)[C@H](O)[C@H]1O,"InChI=1S/C6H10O6/c7-1-2-3(8)4(9)5(10)6(11)12-2/h2-5,7-10H,1H2/t2-,3-,4+,5-/m1/s1",PHOQVHQSTUBQQK-SQOUGZDYSA-N,178.14,178.14,-3.01,107.22,4.0,6.0,0.0,1,CHEMBL1200829,GLUCONOLACTONE,1,0.68594890832901,True,False,True,1,False,C;O,,,False,False,12,1,False,0,0,178.14,107.22,-3.0132000000000008,4,6,1,False,,True,ligands_pdbqt/CHEMBL1200829.pdbqt,-6.361,completed,vina_screening_full/poses/CHEMBL1200829_out.pdbqt,vina_screening_full/logs/CHEMBL1200829.log,398
CHEMBL108545,METHYL SALICYLATE,Small molecule,4.0,2008.0,0,COC(=O)c1ccccc1O,"InChI=1S/C8H8O3/c1-11-8(10)6-4-2-3-5-7(6)9/h2-5,9H,1H3",OSWPMRLSEDHDFF-UHFFFAOYSA-N,152.15,152.15,1.18,46.53,1.0,3.0,0.0,1,CHEMBL108545,METHYL SALICYLATE,1,0.9216448783874512,True,True,True,1,False,C;O,,,False,False,11,1,False,0,0,152.14899999999997,46.53,1.1787999999999998,1,3,1,False,,True,ligands_pdbqt/CHEMBL108545.pdbqt,-6.36,completed,vina_screening_full/poses/CHEMBL108545_out.pdbqt,vina_screening_full/logs/CHEMBL108545.log,399
CHEMBL2105275,PROPYLHEXEDRINE,Small molecule,4.0,,1,CNC(C)CC1CCCCC1,"InChI=1S/C10H21N/c1-9(11-2)8-10-6-4-3-5-7-10/h9-11H,3-8H2,1-2H3",JCRIVQIOJSSCQD-UHFFFAOYSA-N,155.28,155.28,2.56,12.03,1.0,1.0,0.0,1,CHEMBL2105275,PROPYLHEXEDRINE,1,0.981743347644806,True,True,True,1,False,C;N,,,False,False,11,3,False,0,0,155.28499999999997,12.03,2.564700000000001,1,1,1,False,,True,ligands_pdbqt/CHEMBL2105275.pdbqt,-6.348,completed,vina_screening_full/poses/CHEMBL2105275_out.pdbqt,vina_screening_full/logs/CHEMBL2105275.log,400
CHEMBL1619,CLADRIBINE,Small molecule,4.0,1993.0,0,Nc1nc(Cl)nc2c1ncn2[C@H]1C[C@H](O)[C@@H](CO)O1,"InChI=1S/C10H12ClN5O3/c11-10-14-8(12)7-9(15-10)16(3-13-7)6-1-4(18)5(2-17)19-6/h3-6,17-18H,1-2H2,(H2,12,14,15)/t4-,5+,6+/m0/s1",PTOAARAWEBMLNO-KVQBGUIXSA-N,285.69,285.69,-0.3,119.31,3.0,8.0,0.0,1,CHEMBL1619,CLADRIBINE,1,0.8986570596694946,True,True,True,1,False,C;Cl;N;O,,,False,False,19,2,False,0,0,285.69100000000003,119.31000000000002,-0.2974000000000004,3,7,3,False,,True,ligands_pdbqt/CHEMBL1619.pdbqt,-6.348,completed,vina_screening_full/poses/CHEMBL1619_out.pdbqt,vina_screening_full/logs/CHEMBL1619.log,401
CHEMBL15023,TRIFLUPERIDOL,Small molecule,4.0,,0,O=C(CCCN1CCC(O)(c2cccc(C(F)(F)F)c2)CC1)c1ccc(F)cc1,"InChI=1S/C22H23F4NO2/c23-19-8-6-16(7-9-19)20(28)5-2-12-27-13-10-21(29,11-14-27)17-3-1-4-18(15-17)22(24,25)26/h1,3-4,6-9,15,29H,2,5,10-14H2",GPMXUUPHFNMNDH-UHFFFAOYSA-N,409.42,409.42,4.79,40.54,1.0,3.0,0.0,1,CHEMBL15023,TRIFLUPERIDOL,1,0.986273205280304,True,True,True,1,False,C;F;N;O,,,False,False,29,6,False,0,0,409.4230000000002,40.540000000000006,4.791000000000004,1,3,3,False,,True,ligands_pdbqt/CHEMBL15023.pdbqt,-6.347,completed,vina_screening_full/poses/CHEMBL15023_out.pdbqt,vina_screening_full/logs/CHEMBL15023.log,402
CHEMBL612,DEXTROAMPHETAMINE,Small molecule,4.0,1955.0,0,C[C@H](N)Cc1ccccc1,"InChI=1S/C9H13N/c1-8(10)7-9-5-3-2-4-6-9/h2-6,8H,7,10H2,1H3/t8-/m0/s1",KWTSXDURSIMDCE-QMMMGPOBSA-N,135.21,135.21,1.58,26.02,1.0,1.0,0.0,4,CHEMBL1200782;CHEMBL3544971;CHEMBL3989844;CHEMBL612,DEXTROAMPHETAMINE;DEXTROAMPHETAMINE ADIPATE;DEXTROAMPHETAMINE SACCHARATE;DEXTROAMPHETAMINE SULFATE,1,0.957048761844635,True,True,True,1,False,C;N,,,False,False,10,2,False,0,0,135.20999999999998,26.02,1.5763,1,1,1,False,,True,ligands_pdbqt/CHEMBL612.pdbqt,-6.346,completed,vina_screening_full/poses/CHEMBL612_out.pdbqt,vina_screening_full/logs/CHEMBL612.log,403
CHEMBL1908919,FLORBETAPIR,Small molecule,4.0,2012.0,0,CNc1ccc(/C=C/c2ccc(OCCOCCOCCF)nc2)cc1,"InChI=1S/C20H25FN2O3/c1-22-19-7-4-17(5-8-19)2-3-18-6-9-20(23-16-18)26-15-14-25-13-12-24-11-10-21/h2-9,16,22H,10-15H2,1H3/b3-2+",YNDIAUKFXKEXSV-NSCUHMNNSA-N,360.43,360.43,3.68,52.61,1.0,5.0,0.0,2,CHEMBL1774461;CHEMBL1908919,FLORBETAPIR;FLORBETAPIR F 18,1,0.8432718873023987,True,True,True,1,False,C;F;N;O,,,False,False,26,12,False,0,0,360.429,52.61,3.675200000000003,1,5,2,False,,True,ligands_pdbqt/CHEMBL1908919.pdbqt,-6.344,completed,vina_screening_full/poses/CHEMBL1908919_out.pdbqt,vina_screening_full/logs/CHEMBL1908919.log,404
CHEMBL51,KETANSERIN,Small molecule,4.0,,0,O=C(c1ccc(F)cc1)C1CCN(CCn2c(=O)[nH]c3ccccc3c2=O)CC1,"InChI=1S/C22H22FN3O3/c23-17-7-5-15(6-8-17)20(27)16-9-11-25(12-10-16)13-14-26-21(28)18-3-1-2-4-19(18)24-22(26)29/h1-8,16H,9-14H2,(H,24,29)",FPCCSQOGAWCVBH-UHFFFAOYSA-N,395.43,395.43,2.42,75.17,1.0,5.0,0.0,1,CHEMBL51,KETANSERIN,1,0.973391878604889,True,True,True,1,False,C;F;N;O,,,False,False,29,5,False,0,0,395.43400000000014,75.17,2.423800000000001,1,4,4,False,,True,ligands_pdbqt/CHEMBL51.pdbqt,-6.342,completed,vina_screening_full/poses/CHEMBL51_out.pdbqt,vina_screening_full/logs/CHEMBL51.log,405
CHEMBL1043,DAPSONE,Small molecule,4.0,1979.0,0,Nc1ccc(S(=O)(=O)c2ccc(N)cc2)cc1,"InChI=1S/C12H12N2O2S/c13-9-1-5-11(6-2-9)17(15,16)12-7-3-10(14)4-8-12/h1-8H,13-14H2",MQJKPEGWNLWLTK-UHFFFAOYSA-N,248.31,248.31,1.68,86.18,2.0,4.0,0.0,1,CHEMBL1043,DAPSONE,1,0.6232954144477845,True,False,True,1,False,C;N;O;S,,,False,False,17,2,False,0,0,248.307,86.18,1.6838000000000002,2,4,2,False,,True,ligands_pdbqt/CHEMBL1043.pdbqt,-6.342,completed,vina_screening_full/poses/CHEMBL1043_out.pdbqt,vina_screening_full/logs/CHEMBL1043.log,406
CHEMBL16,PHENYTOIN,Small molecule,4.0,1953.0,0,O=C1NC(=O)C(c2ccccc2)(c2ccccc2)N1,"InChI=1S/C15H12N2O2/c18-13-15(17-14(19)16-13,11-7-3-1-4-8-11)12-9-5-2-6-10-12/h1-10H,(H2,16,17,18,19)",CXOFVDLJLONNDW-UHFFFAOYSA-N,252.27,252.27,1.77,58.2,2.0,2.0,0.0,2,CHEMBL16;CHEMBL1611,PHENYTOIN;PHENYTOIN SODIUM,1,0.9773035526275636,True,True,True,1,False,C;N;O,,,False,False,19,2,False,0,0,252.273,58.2,1.7696,2,2,3,False,,True,ligands_pdbqt/CHEMBL16.pdbqt,-6.341,completed,vina_screening_full/poses/CHEMBL16_out.pdbqt,vina_screening_full/logs/CHEMBL16.log,407
CHEMBL1201345,TETRADECYL SULFURIC ACID,Small molecule,4.0,1946.0,0,CCCCC(CC)CCC(CC(C)C)OS(=O)(=O)O,"InChI=1S/C14H30O4S/c1-5-7-8-13(6-2)9-10-14(11-12(3)4)18-19(15,16)17/h12-14H,5-11H2,1-4H3,(H,15,16,17)",GROJOWHVXQYQGN-UHFFFAOYSA-N,294.46,294.46,4.22,63.6,1.0,3.0,0.0,2,CHEMBL1200354;CHEMBL1201345,SODIUM TETRADECYL SULFATE;TETRADECYL SULFURIC ACID,1,0.9658618569374084,True,True,True,1,False,C;O;S,,,False,False,19,11,False,0,0,294.45700000000005,63.60000000000001,4.217100000000003,1,3,0,False,,True,ligands_pdbqt/CHEMBL1201345.pdbqt,-6.333,completed,vina_screening_full/poses/CHEMBL1201345_out.pdbqt,vina_screening_full/logs/CHEMBL1201345.log,408
CHEMBL28218,BROMPERIDOL,Small molecule,4.0,,0,O=C(CCCN1CCC(O)(c2ccc(Br)cc2)CC1)c1ccc(F)cc1,"InChI=1S/C21H23BrFNO2/c22-18-7-5-17(6-8-18)21(26)11-14-24(15-12-21)13-1-2-20(25)16-3-9-19(23)10-4-16/h3-10,26H,1-2,11-15H2",RKLNONIVDFXQRX-UHFFFAOYSA-N,420.32,420.32,4.53,40.54,1.0,3.0,0.0,1,CHEMBL28218,BROMPERIDOL,1,0.9818479776382446,True,True,True,1,False,Br;C;F;N;O,,,False,False,26,6,False,0,0,420.3220000000002,40.540000000000006,4.534700000000004,1,3,3,False,,True,ligands_pdbqt/CHEMBL28218.pdbqt,-6.328,completed,vina_screening_full/poses/CHEMBL28218_out.pdbqt,vina_screening_full/logs/CHEMBL28218.log,409
CHEMBL185,FLUOROURACIL,Small molecule,4.0,1962.0,0,O=c1[nH]cc(F)c(=O)[nH]1,"InChI=1S/C4H3FN2O2/c5-2-1-6-4(9)7-3(2)8/h1H,(H2,6,7,8,9)",GHASVSINZRGABV-UHFFFAOYSA-N,130.08,130.08,-0.8,65.72,2.0,2.0,0.0,1,CHEMBL185,FLUOROURACIL,1,0.5497950062155723,True,False,True,1,False,C;F;N;O,,,False,False,9,0,False,0,0,130.078,65.72,-0.7977000000000001,2,2,1,False,,True,ligands_pdbqt/CHEMBL185.pdbqt,-6.324,completed,vina_screening_full/poses/CHEMBL185_out.pdbqt,vina_screening_full/logs/CHEMBL185.log,410
CHEMBL1115,PYRIDOSTIGMINE,Small molecule,4.0,1955.0,0,CN(C)C(=O)Oc1ccc[n+](C)c1,"InChI=1S/C9H13N2O2/c1-10(2)9(12)13-8-5-4-6-11(3)7-8/h4-7H,1-3H3/q+1",RVOLLAQWKVFTGE-UHFFFAOYSA-N,181.22,181.22,0.57,33.42,0.0,2.0,0.0,2,CHEMBL1115;CHEMBL812,PYRIDOSTIGMINE;PYRIDOSTIGMINE BROMIDE,1,0.8522629618644715,True,True,True,1,False,C;N;O,,,False,False,13,1,False,1,1,181.215,33.42,0.5714999999999999,0,2,1,False,,True,ligands_pdbqt/CHEMBL1115.pdbqt,-6.324,completed,vina_screening_full/poses/CHEMBL1115_out.pdbqt,vina_screening_full/logs/CHEMBL1115.log,411
CHEMBL22,TRIMETHOPRIM,Small molecule,4.0,1973.0,0,COc1cc(Cc2cnc(N)nc2N)cc(OC)c1OC,"InChI=1S/C14H18N4O3/c1-19-10-5-8(6-11(20-2)12(10)21-3)4-9-7-17-14(16)18-13(9)15/h5-7H,4H2,1-3H3,(H4,15,16,17,18)",IEDVJHCEMCRBQM-UHFFFAOYSA-N,290.32,290.32,1.26,105.51,2.0,7.0,0.0,3,CHEMBL1201080;CHEMBL2110367;CHEMBL22,TRIMETHOPRIM;TRIMETHOPRIM HYDROCHLORIDE;TRIMETHOPRIM SULFATE,1,0.9068819046020508,True,True,True,1,False,C;N;O,,,False,False,21,5,False,0,0,290.32300000000004,105.51,1.2575999999999998,2,7,2,False,,True,ligands_pdbqt/CHEMBL22.pdbqt,-6.324,completed,vina_screening_full/poses/CHEMBL22_out.pdbqt,vina_screening_full/logs/CHEMBL22.log,412
CHEMBL1200799,TRAVOPROST,Small molecule,4.0,2001.0,0,CC(C)OC(=O)CCC/C=C\C[C@@H]1[C@@H](/C=C/[C@@H](O)COc2cccc(C(F)(F)F)c2)[C@H](O)C[C@@H]1O,"InChI=1S/C26H35F3O6/c1-17(2)35-25(33)11-6-4-3-5-10-21-22(24(32)15-23(21)31)13-12-19(30)16-34-20-9-7-8-18(14-20)26(27,28)29/h3,5,7-9,12-14,17,19,21-24,30-32H,4,6,10-11,15-16H2,1-2H3/b5-3-,13-12+/t19-,21-,22-,23+,24-/m1/s1",MKPLKVHSHYCHOC-AHTXBMBWSA-N,500.55,500.55,4.43,96.22,3.0,6.0,1.0,1,CHEMBL1200799,TRAVOPROST,1,0.8623851060867309,True,True,True,1,False,C;F;O,,,False,False,35,12,False,0,0,500.5540000000002,96.22,4.427400000000005,3,6,2,False,,True,ligands_pdbqt/CHEMBL1200799.pdbqt,-6.32,completed,vina_screening_full/poses/CHEMBL1200799_out.pdbqt,vina_screening_full/logs/CHEMBL1200799.log,413
CHEMBL939,GEFITINIB,Small molecule,4.0,2003.0,0,COc1cc2ncnc(Nc3ccc(F)c(Cl)c3)c2cc1OCCCN1CCOCC1,"InChI=1S/C22H24ClFN4O3/c1-29-20-13-19-16(12-21(20)31-8-2-5-28-6-9-30-10-7-28)22(26-14-25-19)27-15-3-4-18(24)17(23)11-15/h3-4,11-14H,2,5-10H2,1H3,(H,25,26,27)",XGALLCVXEZPNRQ-UHFFFAOYSA-N,446.91,446.91,4.28,68.74,1.0,7.0,0.0,1,CHEMBL939,GEFITINIB,1,0.894558846950531,True,True,True,1,False,C;Cl;F;N;O,,,False,False,31,8,False,0,0,446.9100000000004,68.74000000000001,4.275600000000003,1,7,4,False,,True,ligands_pdbqt/CHEMBL939.pdbqt,-6.314,completed,vina_screening_full/poses/CHEMBL939_out.pdbqt,vina_screening_full/logs/CHEMBL939.log,414
CHEMBL1762,TOCAINIDE,Small molecule,4.0,1984.0,0,Cc1cccc(C)c1NC(=O)C(C)N,"InChI=1S/C11H16N2O/c1-7-5-4-6-8(2)10(7)13-11(14)9(3)12/h4-6,9H,12H2,1-3H3,(H,13,14)",BUJAGSGYPOAWEI-UHFFFAOYSA-N,192.26,192.26,1.59,55.12,2.0,2.0,0.0,2,CHEMBL1200773;CHEMBL1762,TOCAINIDE;TOCAINIDE HYDROCHLORIDE,1,0.9807106614112854,True,True,True,1,False,C;N;O,,,False,False,14,2,False,0,0,192.262,55.120000000000005,1.58914,2,2,1,False,,True,ligands_pdbqt/CHEMBL1762.pdbqt,-6.314,completed,vina_screening_full/poses/CHEMBL1762_out.pdbqt,vina_screening_full/logs/CHEMBL1762.log,415
CHEMBL416,METHOXSALEN,Small molecule,4.0,1954.0,0,COc1c2occc2cc2ccc(=O)oc12,"InChI=1S/C12H8O4/c1-14-12-10-8(4-5-15-10)6-7-2-3-9(13)16-11(7)12/h2-6H,1H3",QXKHYNVANLEOEG-UHFFFAOYSA-N,216.19,216.19,2.55,52.58,0.0,4.0,0.0,1,CHEMBL416,METHOXSALEN,1,0.9113115787506104,True,True,True,1,False,C;O,,,False,False,16,1,False,0,0,216.19199999999995,52.58,2.5478000000000005,0,4,3,False,,True,ligands_pdbqt/CHEMBL416.pdbqt,-6.31,completed,vina_screening_full/poses/CHEMBL416_out.pdbqt,vina_screening_full/logs/CHEMBL416.log,416
CHEMBL1108,DROPERIDOL,Small molecule,4.0,1970.0,1,O=C(CCCN1CC=C(n2c(=O)[nH]c3ccccc32)CC1)c1ccc(F)cc1,"InChI=1S/C22H22FN3O2/c23-17-9-7-16(8-10-17)21(27)6-3-13-25-14-11-18(12-15-25)26-20-5-2-1-4-19(20)24-22(26)28/h1-2,4-5,7-11H,3,6,12-15H2,(H,24,28)",RMEDXOLNCUSCGS-UHFFFAOYSA-N,379.44,379.44,3.68,58.1,1.0,4.0,0.0,1,CHEMBL1108,DROPERIDOL,1,0.9663281679153444,True,True,True,1,False,C;F;N;O,,,False,False,28,6,False,0,0,379.4350000000002,58.1,3.6784000000000026,1,3,4,False,,True,ligands_pdbqt/CHEMBL1108.pdbqt,-6.308,completed,vina_screening_full/poses/CHEMBL1108_out.pdbqt,vina_screening_full/logs/CHEMBL1108.log,417
CHEMBL3989908,ENASIDENIB,Small molecule,4.0,2017.0,0,CC(C)(O)CNc1nc(Nc2ccnc(C(F)(F)F)c2)nc(-c2cccc(C(F)(F)F)n2)n1,"InChI=1S/C19H17F6N7O/c1-17(2,33)9-27-15-30-14(11-4-3-5-12(29-11)18(20,21)22)31-16(32-15)28-10-6-7-26-13(8-10)19(23,24)25/h3-8,33H,9H2,1-2H3,(H2,26,27,28,30,31,32)",DYLUUSLLRIQKOE-UHFFFAOYSA-N,473.38,473.38,4.29,108.74,3.0,8.0,0.0,2,CHEMBL3989908;CHEMBL3989931,ENASIDENIB;ENASIDENIB MESYLATE,1,0.7337371706962585,True,False,True,1,False,C;F;N;O,,,False,False,33,6,False,0,0,473.3810000000001,108.74,4.292600000000002,3,8,3,False,,True,ligands_pdbqt/CHEMBL3989908.pdbqt,-6.305,completed,vina_screening_full/poses/CHEMBL3989908_out.pdbqt,vina_screening_full/logs/CHEMBL3989908.log,418
CHEMBL1201746,PRALATREXATE,Small molecule,4.0,2009.0,0,C#CCC(Cc1cnc2nc(N)nc(N)c2n1)c1ccc(C(=O)N[C@@H](CCC(=O)O)C(=O)O)cc1,"InChI=1S/C23H23N7O5/c1-2-3-14(10-15-11-26-20-18(27-15)19(24)29-23(25)30-20)12-4-6-13(7-5-12)21(33)28-16(22(34)35)8-9-17(31)32/h1,4-7,11,14,16H,3,8-10H2,(H,28,33)(H,31,32)(H,34,35)(H4,24,25,26,29,30)/t14?,16-/m0/s1",OGSBUKJUDHAQEA-WMCAAGNKSA-N,477.48,477.48,0.98,207.3,5.0,9.0,0.0,1,CHEMBL1201746,PRALATREXATE,1,0.6466299414634704,True,False,True,1,False,C;N;O,,,False,False,35,10,False,0,0,477.4810000000002,207.29999999999995,0.9816000000000004,5,9,3,False,,True,ligands_pdbqt/CHEMBL1201746.pdbqt,-6.305,completed,vina_screening_full/poses/CHEMBL1201746_out.pdbqt,vina_screening_full/logs/CHEMBL1201746.log,419
CHEMBL453,SULFISOXAZOLE,Small molecule,4.0,1971.0,0,Cc1noc(NS(=O)(=O)c2ccc(N)cc2)c1C,"InChI=1S/C11H13N3O3S/c1-7-8(2)13-17-11(7)14-18(15,16)10-5-3-9(12)4-6-10/h3-6,14H,12H2,1-2H3",NHUHCSRWZMLRLA-UHFFFAOYSA-N,267.31,267.31,1.67,98.22,2.0,5.0,0.0,2,CHEMBL1200321;CHEMBL453,SULFISOXAZOLE;SULFISOXAZOLE DIOLAMINE,1,0.7221637010574341,True,False,True,1,False,C;N;O;S,,,False,False,18,3,False,0,0,267.31,98.22,1.67444,2,5,2,False,,True,ligands_pdbqt/CHEMBL453.pdbqt,-6.304,completed,vina_screening_full/poses/CHEMBL453_out.pdbqt,vina_screening_full/logs/CHEMBL453.log,420
CHEMBL760,ANAGRELIDE,Small molecule,4.0,1997.0,0,O=C1CN2Cc3c(ccc(Cl)c3Cl)N=C2N1,"InChI=1S/C10H7Cl2N3O/c11-6-1-2-7-5(9(6)12)3-15-4-8(16)14-10(15)13-7/h1-2H,3-4H2,(H,13,14,16)",OTBXOEAOVRKTNQ-UHFFFAOYSA-N,256.09,256.09,1.93,44.7,1.0,3.0,0.0,2,CHEMBL1200759;CHEMBL760,ANAGRELIDE;ANAGRELIDE HYDROCHLORIDE,1,0.9777813911437988,True,True,True,1,False,C;Cl;N;O,,,False,False,16,0,False,0,0,256.092,44.7,1.9263,1,3,3,False,,True,ligands_pdbqt/CHEMBL760.pdbqt,-6.302,completed,vina_screening_full/poses/CHEMBL760_out.pdbqt,vina_screening_full/logs/CHEMBL760.log,421
CHEMBL1201134,LUBIPROSTONE,Small molecule,4.0,2006.0,0,CCCCC(F)(F)[C@@]1(O)CC[C@H]2[C@@H](CC(=O)[C@@H]2CCCCCCC(=O)O)O1,"InChI=1S/C20H32F2O5/c1-2-3-11-19(21,22)20(26)12-10-15-14(16(23)13-17(15)27-20)8-6-4-5-7-9-18(24)25/h14-15,17,26H,2-13H2,1H3,(H,24,25)/t14-,15-,17-,20-/m1/s1",WGFOBBZOWHGYQH-MXHNKVEKSA-N,390.47,390.47,4.31,83.83,2.0,4.0,0.0,1,CHEMBL1201134,LUBIPROSTONE,1,0.9774985909461976,True,True,True,1,False,C;F;O,,,False,False,27,11,False,0,0,390.4670000000003,83.83,4.309900000000003,2,4,2,False,,True,ligands_pdbqt/CHEMBL1201134.pdbqt,-6.294,completed,vina_screening_full/poses/CHEMBL1201134_out.pdbqt,vina_screening_full/logs/CHEMBL1201134.log,422
CHEMBL1454,LEVAMISOLE,Small molecule,4.0,1990.0,1,c1ccc([C@H]2CN3CCSC3=N2)cc1,"InChI=1S/C11H12N2S/c1-2-4-9(5-3-1)10-8-13-6-7-14-11(13)12-10/h1-5,10H,6-8H2/t10-/m1/s1",HLFSDGLLUJUHTE-SNVBAGLBSA-N,204.3,204.3,2.15,15.6,0.0,3.0,0.0,2,CHEMBL1454;CHEMBL1770,LEVAMISOLE;LEVAMISOLE HYDROCHLORIDE,1,0.9945725321769714,True,True,True,1,False,C;N;S,,,False,False,14,1,False,0,0,204.298,15.6,2.1461,0,3,3,False,,True,ligands_pdbqt/CHEMBL1454.pdbqt,-6.291,completed,vina_screening_full/poses/CHEMBL1454_out.pdbqt,vina_screening_full/logs/CHEMBL1454.log,423
CHEMBL1200604,TROPICAMIDE,Small molecule,4.0,1960.0,0,CCN(Cc1ccncc1)C(=O)C(CO)c1ccccc1,"InChI=1S/C17H20N2O2/c1-2-19(12-14-8-10-18-11-9-14)17(21)16(13-20)15-6-4-3-5-7-15/h3-11,16,20H,2,12-13H2,1H3",BGDKAVGWHJFAGW-UHFFFAOYSA-N,284.36,284.36,2.21,53.43,1.0,3.0,0.0,1,CHEMBL1200604,TROPICAMIDE,1,0.7507664799690247,True,False,True,1,False,C;N;O,,,False,False,21,6,False,0,0,284.359,53.43000000000001,2.2062,1,3,2,False,,True,ligands_pdbqt/CHEMBL1200604.pdbqt,-6.273,completed,vina_screening_full/poses/CHEMBL1200604_out.pdbqt,vina_screening_full/logs/CHEMBL1200604.log,424
CHEMBL894,BUPROPION,Small molecule,4.0,1985.0,0,CC(NC(C)(C)C)C(=O)c1cccc(Cl)c1,"InChI=1S/C13H18ClNO/c1-9(15-13(2,3)4)12(16)10-6-5-7-11(14)8-10/h5-9,15H,1-4H3",SNPPWIUOZRMYNY-UHFFFAOYSA-N,239.75,239.75,3.3,29.1,1.0,2.0,0.0,3,CHEMBL1201735;CHEMBL1698;CHEMBL894,BUPROPION;BUPROPION HYDROBROMIDE;BUPROPION HYDROCHLORIDE,1,0.9555067896842956,True,True,True,1,False,C;Cl;N;O,,,False,False,16,3,False,0,0,239.746,29.1,3.2993000000000023,1,2,1,False,,True,ligands_pdbqt/CHEMBL894.pdbqt,-6.271,completed,vina_screening_full/poses/CHEMBL894_out.pdbqt,vina_screening_full/logs/CHEMBL894.log,425
CHEMBL3608680,FEZOLINETANT,Small molecule,4.0,2023.0,0,Cc1nsc(-c2nnc3n2CCN(C(=O)c2ccc(F)cc2)[C@@H]3C)n1,"InChI=1S/C16H15FN6OS/c1-9-13-19-20-14(15-18-10(2)21-25-15)23(13)8-7-22(9)16(24)11-3-5-12(17)6-4-11/h3-6,9H,7-8H2,1-2H3/t9-/m1/s1",PPSNFPASKFYPMN-SECBINFHSA-N,358.4,358.4,2.46,76.8,0.0,7.0,0.0,1,CHEMBL3608680,FEZOLINETANT,1,0.9677663803100586,True,True,True,1,False,C;F;N;O;S,,,False,False,25,2,False,0,0,358.40200000000004,76.80000000000001,2.46112,0,6,4,False,,True,ligands_pdbqt/CHEMBL3608680.pdbqt,-6.269,completed,vina_screening_full/poses/CHEMBL3608680_out.pdbqt,vina_screening_full/logs/CHEMBL3608680.log,426
CHEMBL61006,PHENYLPROPANOLAMINE,Small molecule,4.0,1958.0,1,CC(N)C(O)c1ccccc1,"InChI=1S/C9H13NO/c1-7(10)9(11)8-5-3-2-4-6-8/h2-7,9,11H,10H2,1H3",DLNKOYKMWOXYQA-UHFFFAOYSA-N,151.21,151.21,1.07,46.25,2.0,2.0,0.0,3,CHEMBL1200695;CHEMBL1201535;CHEMBL61006,PHENYLPROPANOLAMINE;PHENYLPROPANOLAMINE HYDROCHLORIDE;PHENYLPROPANOLAMINE POLISTIREX,1,0.7575926899909973,True,False,True,1,False,C;N;O,,,False,False,11,2,False,0,0,151.20899999999995,46.25,1.0672,2,2,1,False,,True,ligands_pdbqt/CHEMBL61006.pdbqt,-6.259,completed,vina_screening_full/poses/CHEMBL61006_out.pdbqt,vina_screening_full/logs/CHEMBL61006.log,427
CHEMBL1238,AZELAIC ACID,Small molecule,4.0,1995.0,0,O=C(O)CCCCCCCC(=O)O,"InChI=1S/C9H16O4/c10-8(11)6-4-2-1-3-5-7-9(12)13/h1-7H2,(H,10,11)(H,12,13)",BDJRBEYXGGNYIS-UHFFFAOYSA-N,188.22,188.22,1.89,74.6,2.0,2.0,0.0,1,CHEMBL1238,AZELAIC ACID,1,0.7032251238822937,True,False,True,1,False,C;O,,,False,False,13,8,False,0,0,188.223,74.6,1.8863,2,2,0,False,,True,ligands_pdbqt/CHEMBL1238.pdbqt,-6.259,completed,vina_screening_full/poses/CHEMBL1238_out.pdbqt,vina_screening_full/logs/CHEMBL1238.log,428
CHEMBL1463,FLUCYTOSINE,Small molecule,4.0,1971.0,0,Nc1nc(=O)[nH]cc1F,"InChI=1S/C4H4FN3O/c5-2-1-7-4(9)8-3(2)6/h1H,(H3,6,7,8,9)",XRECTZIEBJDKEO-UHFFFAOYSA-N,129.09,129.09,-0.51,71.77,2.0,3.0,0.0,1,CHEMBL1463,FLUCYTOSINE,1,0.7568664908409118,True,False,True,1,False,C;F;N;O,,,False,False,9,0,False,0,0,129.09399999999997,71.77,-0.5088000000000001,2,3,1,False,,True,ligands_pdbqt/CHEMBL1463.pdbqt,-6.258,completed,vina_screening_full/poses/CHEMBL1463_out.pdbqt,vina_screening_full/logs/CHEMBL1463.log,429
CHEMBL709,ALFUZOSIN,Small molecule,4.0,2003.0,0,COc1cc2nc(N(C)CCCNC(=O)C3CCCO3)nc(N)c2cc1OC,"InChI=1S/C19H27N5O4/c1-24(8-5-7-21-18(25)14-6-4-9-28-14)19-22-13-11-16(27-3)15(26-2)10-12(13)17(20)23-19/h10-11,14H,4-9H2,1-3H3,(H,21,25)(H2,20,22,23)",WNMJYKCGWZFFKR-UHFFFAOYSA-N,389.46,389.46,1.35,111.83,2.0,8.0,0.0,2,CHEMBL1723;CHEMBL709,ALFUZOSIN;ALFUZOSIN HYDROCHLORIDE,1,0.934828758239746,True,True,True,1,False,C;N;O,,,False,False,28,8,False,0,0,389.4560000000002,111.83,1.3507000000000002,2,8,3,False,,True,ligands_pdbqt/CHEMBL709.pdbqt,-6.258,completed,vina_screening_full/poses/CHEMBL709_out.pdbqt,vina_screening_full/logs/CHEMBL709.log,430
CHEMBL900,ORPHENADRINE,Small molecule,4.0,1957.0,0,Cc1ccccc1C(OCCN(C)C)c1ccccc1,"InChI=1S/C18H23NO/c1-15-9-7-8-12-17(15)18(20-14-13-19(2)3)16-10-5-4-6-11-16/h4-12,18H,13-14H2,1-3H3",QVYRGXJJSLMXQH-UHFFFAOYSA-N,269.39,269.39,3.66,12.47,0.0,2.0,0.0,3,CHEMBL1200395;CHEMBL1201023;CHEMBL900,ORPHENADRINE;ORPHENADRINE CITRATE;ORPHENADRINE HYDROCHLORIDE,1,0.974732232093811,True,True,True,1,False,C;N;O,,,False,False,20,6,False,0,0,269.388,12.47,3.662620000000003,0,2,2,False,,True,ligands_pdbqt/CHEMBL900.pdbqt,-6.249,completed,vina_screening_full/poses/CHEMBL900_out.pdbqt,vina_screening_full/logs/CHEMBL900.log,431
CHEMBL1788403,BIOALLETHRIN,Small molecule,4.0,,1,C=CCC1=C(C)C(OC(=O)[C@@H]2[C@@H](C=C(C)C)C2(C)C)CC1=O,"InChI=1S/C19H26O3/c1-7-8-13-12(4)16(10-15(13)20)22-18(21)17-14(9-11(2)3)19(17,5)6/h7,9,14,16-17H,1,8,10H2,2-6H3/t14-,16?,17+/m1/s1",ZCVAOQKBXKSDMS-AQYZNVCMSA-N,302.41,302.41,4.0,43.37,0.0,3.0,0.0,1,CHEMBL1788403,BIOALLETHRIN,1,0.979369604587555,True,True,True,1,False,C;O,,,False,False,22,5,False,0,0,302.41400000000004,43.370000000000005,4.002000000000003,0,3,2,False,,True,ligands_pdbqt/CHEMBL1788403.pdbqt,-6.247,completed,vina_screening_full/poses/CHEMBL1788403_out.pdbqt,vina_screening_full/logs/CHEMBL1788403.log,432
CHEMBL461522,METAMIZOLE,Small molecule,4.0,,1,Cc1c(N(C)CS(=O)(=O)O)c(=O)n(-c2ccccc2)n1C,"InChI=1S/C13H17N3O4S/c1-10-12(14(2)9-21(18,19)20)13(17)16(15(10)3)11-7-5-4-6-8-11/h4-8H,9H2,1-3H3,(H,18,19,20)",LVWZTYCIRDMTEY-UHFFFAOYSA-N,311.36,311.36,0.77,84.54,1.0,6.0,0.0,2,CHEMBL3989803;CHEMBL461522,DIPYRONE;METAMIZOLE,1,0.9218662500381468,True,True,True,1,False,C;N;O;S,,,False,False,21,4,False,0,0,311.36300000000006,84.54000000000002,0.7659199999999997,1,4,2,False,,True,ligands_pdbqt/CHEMBL461522.pdbqt,-6.242,completed,vina_screening_full/poses/CHEMBL461522_out.pdbqt,vina_screening_full/logs/CHEMBL461522.log,433
CHEMBL1663,PERFLUTREN,Small molecule,4.0,1998.0,0,FC(F)(F)C(F)(F)C(F)(F)F,"InChI=1S/C3F8/c4-1(5,2(6,7)8)3(9,10)11",QYSGYZVSCZSLHT-UHFFFAOYSA-N,188.02,188.02,2.75,0.0,0.0,0.0,0.0,1,CHEMBL1663,PERFLUTREN,1,0.9990540027618408,True,True,True,1,False,C;F,,,False,False,11,0,False,0,0,188.017,0.0,2.7463,0,0,0,False,,True,ligands_pdbqt/CHEMBL1663.pdbqt,-6.241,completed,vina_screening_full/poses/CHEMBL1663_out.pdbqt,vina_screening_full/logs/CHEMBL1663.log,434
CHEMBL188921,BUFLOMEDIL,Small molecule,4.0,,1,COc1cc(OC)c(C(=O)CCCN2CCCC2)c(OC)c1,"InChI=1S/C17H25NO4/c1-20-13-11-15(21-2)17(16(12-13)22-3)14(19)7-6-10-18-8-4-5-9-18/h11-12H,4-10H2,1-3H3",OWYLAEYXIQKAOL-UHFFFAOYSA-N,307.39,307.39,2.77,48.0,0.0,5.0,0.0,1,CHEMBL188921,BUFLOMEDIL,1,0.9589871406555176,True,True,True,1,False,C;N;O,,,False,False,22,8,False,0,0,307.39,48.0,2.771100000000001,0,5,2,False,,True,ligands_pdbqt/CHEMBL188921.pdbqt,-6.235,completed,vina_screening_full/poses/CHEMBL188921_out.pdbqt,vina_screening_full/logs/CHEMBL188921.log,435
CHEMBL282121,MEBEVERINE,Small molecule,4.0,,0,CCN(CCCCOC(=O)c1ccc(OC)c(OC)c1)C(C)Cc1ccc(OC)cc1,"InChI=1S/C25H35NO5/c1-6-26(19(2)17-20-9-12-22(28-3)13-10-20)15-7-8-16-31-25(27)21-11-14-23(29-4)24(18-21)30-5/h9-14,18-19H,6-8,15-17H2,1-5H3",VYVKHNNGDFVQGA-UHFFFAOYSA-N,429.56,429.56,4.6,57.23,0.0,6.0,0.0,2,CHEMBL1446650;CHEMBL282121,MEBEVERINE;MEBEVERINE HYDROCHLORIDE,1,0.7922157883644104,True,False,True,1,False,C;N;O,,,False,False,31,13,False,0,0,429.5570000000002,57.23,4.6025000000000045,0,6,2,False,,True,ligands_pdbqt/CHEMBL282121.pdbqt,-6.234,completed,vina_screening_full/poses/CHEMBL282121_out.pdbqt,vina_screening_full/logs/CHEMBL282121.log,436
CHEMBL289480,RILMENIDINE,Small molecule,4.0,1987.0,0,C1COC(NC(C2CC2)C2CC2)=N1,"InChI=1S/C10H16N2O/c1-2-7(1)9(8-3-4-8)12-10-11-5-6-13-10/h7-9H,1-6H2,(H,11,12)",CQXADFVORZEARL-UHFFFAOYSA-N,180.25,180.25,1.15,33.62,1.0,3.0,0.0,1,CHEMBL289480,RILMENIDINE,1,0.955219280719757,True,True,True,1,False,C;N;O,,,False,False,13,3,False,0,0,180.251,33.62,1.1507999999999994,1,3,3,False,,True,ligands_pdbqt/CHEMBL289480.pdbqt,-6.234,completed,vina_screening_full/poses/CHEMBL289480_out.pdbqt,vina_screening_full/logs/CHEMBL289480.log,437
CHEMBL471,SOTALOL,Small molecule,4.0,1992.0,0,CC(C)NCC(O)c1ccc(NS(C)(=O)=O)cc1,"InChI=1S/C12H20N2O3S/c1-9(2)13-8-12(15)10-4-6-11(7-5-10)14-18(3,16)17/h4-7,9,12-15H,8H2,1-3H3",ZBMZVLHSJCTVON-UHFFFAOYSA-N,272.37,272.37,1.09,78.43,3.0,4.0,0.0,2,CHEMBL1700;CHEMBL471,SOTALOL;SOTALOL HYDROCHLORIDE,1,0.5522962868213653,True,False,True,1,False,C;N;O;S,,,False,False,18,6,False,0,0,272.37,78.43,1.0895,3,4,1,False,,True,ligands_pdbqt/CHEMBL471.pdbqt,-6.23,completed,vina_screening_full/poses/CHEMBL471_out.pdbqt,vina_screening_full/logs/CHEMBL471.log,438
CHEMBL2103870,LUMACAFTOR,Small molecule,4.0,2015.0,0,Cc1ccc(NC(=O)C2(c3ccc4c(c3)OC(F)(F)O4)CC2)nc1-c1cccc(C(=O)O)c1,"InChI=1S/C24H18F2N2O5/c1-13-5-8-19(27-20(13)14-3-2-4-15(11-14)21(29)30)28-22(31)23(9-10-23)16-6-7-17-18(12-16)33-24(25,26)32-17/h2-8,11-12H,9-10H2,1H3,(H,29,30)(H,27,28,31)",UFSKUSARDNFIRC-UHFFFAOYSA-N,452.41,452.41,4.75,97.75,2.0,5.0,0.0,1,CHEMBL2103870,LUMACAFTOR,1,0.6277738749980927,True,False,True,1,False,C;F;N;O,,,False,False,33,5,False,0,0,452.4130000000002,97.75,4.747020000000004,2,5,5,False,,True,ligands_pdbqt/CHEMBL2103870.pdbqt,-6.23,completed,vina_screening_full/poses/CHEMBL2103870_out.pdbqt,vina_screening_full/logs/CHEMBL2103870.log,439
CHEMBL866,MYCOPHENOLIC ACID,Small molecule,4.0,2004.0,0,COc1c(C)c2c(c(O)c1C/C=C(\C)CCC(=O)O)C(=O)OC2,"InChI=1S/C17H20O6/c1-9(5-7-13(18)19)4-6-11-15(20)14-12(8-23-17(14)21)10(2)16(11)22-3/h4,20H,5-8H2,1-3H3,(H,18,19)/b9-4+",HPNSFSBZBAHARI-RUDMXATFSA-N,320.34,320.34,2.73,93.06,2.0,5.0,0.0,2,CHEMBL2106643;CHEMBL866,MYCOPHENOLATE SODIUM;MYCOPHENOLIC ACID,1,0.620628833770752,True,False,True,1,False,C;O,,,False,False,23,6,False,0,0,320.341,93.06000000000002,2.73322,2,5,2,False,,True,ligands_pdbqt/CHEMBL866.pdbqt,-6.228,completed,vina_screening_full/poses/CHEMBL866_out.pdbqt,vina_screening_full/logs/CHEMBL866.log,440
CHEMBL73234,CARBETAPENTANE,Small molecule,4.0,,1,CCN(CC)CCOCCOC(=O)C1(c2ccccc2)CCCC1,"InChI=1S/C20H31NO3/c1-3-21(4-2)14-15-23-16-17-24-19(22)20(12-8-9-13-20)18-10-6-5-7-11-18/h5-7,10-11H,3-4,8-9,12-17H2,1-2H3",CFJMRBQWBDQYMK-UHFFFAOYSA-N,333.47,333.47,3.4,38.77,0.0,4.0,0.0,2,CHEMBL1256696;CHEMBL73234,CARBETAPENTANE;CARBETAPENTANE CITRATE,1,0.942571806907654,True,True,True,1,False,C;N;O,,,False,False,24,10,False,0,0,333.4720000000001,38.77,3.400000000000002,0,4,2,False,,True,ligands_pdbqt/CHEMBL73234.pdbqt,-6.227,completed,vina_screening_full/poses/CHEMBL73234_out.pdbqt,vina_screening_full/logs/CHEMBL73234.log,441
CHEMBL2110774,CHLORPHENOXAMINE,Small molecule,4.0,,0,CN(C)CCOC(C)(c1ccccc1)c1ccc(Cl)cc1,"InChI=1S/C18H22ClNO/c1-18(21-14-13-20(2)3,15-7-5-4-6-8-15)16-9-11-17(19)12-10-16/h4-12H,13-14H2,1-3H3",KKHPNPMTPORSQE-UHFFFAOYSA-N,303.83,303.83,4.18,12.47,0.0,2.0,0.0,2,CHEMBL2105980;CHEMBL2110774,CHLORPHENOXAMINE;CHLORPHENOXAMINE HYDROCHLORIDE,1,0.9484082341194152,True,True,True,1,False,C;Cl;N;O,,,False,False,21,6,False,0,0,303.833,12.47,4.181700000000004,0,2,2,False,,True,ligands_pdbqt/CHEMBL2110774.pdbqt,-6.226,completed,vina_screening_full/poses/CHEMBL2110774_out.pdbqt,vina_screening_full/logs/CHEMBL2110774.log,442
CHEMBL397420,ACENOCOUMAROL,Small molecule,4.0,,0,CC(=O)CC(c1ccc([N+](=O)[O-])cc1)c1c(O)c2ccccc2oc1=O,"InChI=1S/C19H15NO6/c1-11(21)10-15(12-6-8-13(9-7-12)20(24)25)17-18(22)14-4-2-3-5-16(14)26-19(17)23/h2-9,15,22H,10H2,1H3",VABCILAOYCMVPS-UHFFFAOYSA-N,353.33,353.33,3.52,110.65,1.0,6.0,0.0,1,CHEMBL397420,ACENOCOUMAROL,1,0.6421592593193054,True,False,True,1,False,C;N;O,,,False,False,26,5,False,0,0,353.33000000000004,110.65,3.517800000000003,1,6,3,False,,True,ligands_pdbqt/CHEMBL397420.pdbqt,-6.221,completed,vina_screening_full/poses/CHEMBL397420_out.pdbqt,vina_screening_full/logs/CHEMBL397420.log,443
CHEMBL1004,DOXYLAMINE,Small molecule,4.0,1948.0,0,CN(C)CCOC(C)(c1ccccc1)c1ccccn1,"InChI=1S/C17H22N2O/c1-17(20-14-13-19(2)3,15-9-5-4-6-10-15)16-11-7-8-12-18-16/h4-12H,13-14H2,1-3H3",HCFDWZZGGLSKEP-UHFFFAOYSA-N,270.38,270.38,2.92,25.36,0.0,3.0,0.0,2,CHEMBL1004;CHEMBL1200392,DOXYLAMINE;DOXYLAMINE SUCCINATE,1,0.9573478460311888,True,True,True,1,False,C;N;O,,,False,False,20,6,False,0,0,270.37600000000003,25.36,2.923300000000001,0,3,2,False,,True,ligands_pdbqt/CHEMBL1004.pdbqt,-6.216,completed,vina_screening_full/poses/CHEMBL1004_out.pdbqt,vina_screening_full/logs/CHEMBL1004.log,444
CHEMBL455,SULFACETAMIDE,Small molecule,4.0,1945.0,0,CC(=O)NS(=O)(=O)c1ccc(N)cc1,"InChI=1S/C8H10N2O3S/c1-6(11)10-14(12,13)8-4-2-7(9)3-5-8/h2-5H,9H2,1H3,(H,10,11)",SKIVFJLNDNKQPD-UHFFFAOYSA-N,214.25,214.25,0.09,89.26,2.0,4.0,0.0,2,CHEMBL1723241;CHEMBL455,SULFACETAMIDE;SULFACETAMIDE SODIUM,1,0.7014045238494873,True,False,True,1,False,C;N;O;S,,,False,False,14,2,False,0,0,214.246,89.26,0.0935999999999998,2,4,1,False,,True,ligands_pdbqt/CHEMBL455.pdbqt,-6.208,completed,vina_screening_full/poses/CHEMBL455_out.pdbqt,vina_screening_full/logs/CHEMBL455.log,445
CHEMBL3643413,LENIOLISIB,Small molecule,4.0,2023.0,0,CCC(=O)N1CC[C@H](Nc2ncnc3c2CN(c2cnc(OC)c(C(F)(F)F)c2)CC3)C1,"InChI=1S/C21H25F3N6O2/c1-3-18(31)30-6-4-13(10-30)28-19-15-11-29(7-5-17(15)26-12-27-19)14-8-16(21(22,23)24)20(32-2)25-9-14/h8-9,12-13H,3-7,10-11H2,1-2H3,(H,26,27,28)/t13-/m0/s1",MWKYMZXCGYXLPL-ZDUSSCGKSA-N,450.47,450.47,2.88,83.48,1.0,7.0,0.0,2,CHEMBL3643413;CHEMBL3989909,LENIOLISIB;LENIOLISIB PHOSPHATE,1,0.867157256603241,True,True,True,1,False,C;F;N;O,,,False,False,32,5,False,0,0,450.4650000000002,83.48,2.884500000000002,1,7,4,False,,True,ligands_pdbqt/CHEMBL3643413.pdbqt,-6.204,completed,vina_screening_full/poses/CHEMBL3643413_out.pdbqt,vina_screening_full/logs/CHEMBL3643413.log,446
CHEMBL797,PHENSUXIMIDE,Small molecule,4.0,1982.0,0,CN1C(=O)CC(c2ccccc2)C1=O,"InChI=1S/C11H11NO2/c1-12-10(13)7-9(11(12)14)8-5-3-2-4-6-8/h2-6,9H,7H2,1H3",WLWFNJKHKGIJNW-UHFFFAOYSA-N,189.21,189.21,1.16,37.38,0.0,2.0,0.0,1,CHEMBL797,PHENSUXIMIDE,1,0.9970095992088318,True,True,True,1,False,C;N;O,,,False,False,14,1,False,0,0,189.214,37.38,1.1588999999999998,0,2,2,False,,True,ligands_pdbqt/CHEMBL797.pdbqt,-6.2,completed,vina_screening_full/poses/CHEMBL797_out.pdbqt,vina_screening_full/logs/CHEMBL797.log,447
CHEMBL1148,TORSEMIDE,Small molecule,4.0,1993.0,0,Cc1cccc(Nc2ccncc2S(=O)(=O)NC(=O)NC(C)C)c1,"InChI=1S/C16H20N4O3S/c1-11(2)18-16(21)20-24(22,23)15-10-17-8-7-14(15)19-13-6-4-5-12(3)9-13/h4-11H,1-3H3,(H,17,19)(H2,18,20,21)",NGBFQHCMQULJNZ-UHFFFAOYSA-N,348.43,348.43,2.53,100.19,3.0,5.0,0.0,1,CHEMBL1148,TORSEMIDE,1,0.565772408246994,True,False,True,1,False,C;N;O;S,,,False,False,24,5,False,0,0,348.4280000000001,100.19,2.52992,3,5,2,False,,True,ligands_pdbqt/CHEMBL1148.pdbqt,-6.196,completed,vina_screening_full/poses/CHEMBL1148_out.pdbqt,vina_screening_full/logs/CHEMBL1148.log,448
CHEMBL1615439,PHENDIMETRAZINE,Small molecule,4.0,1976.0,1,C[C@H]1[C@H](c2ccccc2)OCCN1C,"InChI=1S/C12H17NO/c1-10-12(14-9-8-13(10)2)11-6-4-3-5-7-11/h3-7,10,12H,8-9H2,1-2H3/t10-,12+/m0/s1",MFOCDFTXLCYLKU-CMPLNLGQSA-N,191.27,191.27,2.08,12.47,0.0,2.0,0.0,2,CHEMBL1615439;CHEMBL2062163,PHENDIMETRAZINE;PHENDIMETRAZINE TARTRATE,1,0.9836459279060364,True,True,True,1,False,C;N;O,,,False,False,14,1,False,0,0,191.274,12.47,2.0782,0,2,2,False,,True,ligands_pdbqt/CHEMBL1615439.pdbqt,-6.195,completed,vina_screening_full/poses/CHEMBL1615439_out.pdbqt,vina_screening_full/logs/CHEMBL1615439.log,449
CHEMBL438,SULFAMERAZINE,Small molecule,4.0,1982.0,1,Cc1ccnc(NS(=O)(=O)c2ccc(N)cc2)n1,"InChI=1S/C11H12N4O2S/c1-8-6-7-13-11(14-8)15-18(16,17)10-4-2-9(12)3-5-10/h2-7H,12H2,1H3,(H,13,14,15)",QPPBRPIAZZHUNT-UHFFFAOYSA-N,264.31,264.31,1.17,97.97,2.0,5.0,0.0,2,CHEMBL2107260;CHEMBL438,SULFAMERAZINE;SULFAMERAZINE SODIUM,1,0.7021013021469116,True,False,True,1,False,C;N;O;S,,,False,False,18,3,False,0,0,264.31,97.97,1.16802,2,5,2,False,,True,ligands_pdbqt/CHEMBL438.pdbqt,-6.193,completed,vina_screening_full/poses/CHEMBL438_out.pdbqt,vina_screening_full/logs/CHEMBL438.log,450
CHEMBL2110805,EMEPRONIUM,Small molecule,4.0,,0,CC[N+](C)(C)C(C)CC(c1ccccc1)c1ccccc1,"InChI=1S/C20H28N/c1-5-21(3,4)17(2)16-20(18-12-8-6-9-13-18)19-14-10-7-11-15-19/h6-15,17,20H,5,16H2,1-4H3/q+1",JEJBJBKVPOWOQK-UHFFFAOYSA-N,282.45,282.45,4.69,0.0,0.0,0.0,0.0,2,CHEMBL2106122;CHEMBL2110805,EMEPRONIUM;EMEPRONIUM BROMIDE,1,0.6598013281822205,True,False,True,1,False,C;N,,,False,False,21,6,False,1,1,282.451,0.0,4.693400000000004,0,0,2,False,,True,ligands_pdbqt/CHEMBL2110805.pdbqt,-6.192,completed,vina_screening_full/poses/CHEMBL2110805_out.pdbqt,vina_screening_full/logs/CHEMBL2110805.log,451
CHEMBL1201776,TAPENTADOL,Small molecule,4.0,2008.0,0,CC[C@@H](c1cccc(O)c1)[C@@H](C)CN(C)C,"InChI=1S/C14H23NO/c1-5-14(11(2)10-15(3)4)12-7-6-8-13(16)9-12/h6-9,11,14,16H,5,10H2,1-4H3/t11-,14+/m0/s1",KWTWDQCKEHXFFR-SMDDNHRTSA-N,221.34,221.34,3.08,23.47,1.0,2.0,0.0,2,CHEMBL1201776;CHEMBL1201777,TAPENTADOL;TAPENTADOL HYDROCHLORIDE,1,0.9080363154411316,True,True,True,1,False,C;N;O,,,False,False,16,5,False,0,0,221.344,23.47,3.0835000000000017,1,2,1,False,,True,ligands_pdbqt/CHEMBL1201776.pdbqt,-6.19,completed,vina_screening_full/poses/CHEMBL1201776_out.pdbqt,vina_screening_full/logs/CHEMBL1201776.log,452
CHEMBL4303060,MELPHALAN FLUFENAMIDE,Small molecule,4.0,2021.0,1,CCOC(=O)[C@H](Cc1ccc(F)cc1)NC(=O)[C@@H](N)Cc1ccc(N(CCCl)CCCl)cc1,"InChI=1S/C24H30Cl2FN3O3/c1-2-33-24(32)22(16-18-3-7-19(27)8-4-18)29-23(31)21(28)15-17-5-9-20(10-6-17)30(13-11-25)14-12-26/h3-10,21-22H,2,11-16,28H2,1H3,(H,29,31)/t21-,22-/m0/s1",YQZNKYXGZSVEHI-VXKWHMMOSA-N,498.43,498.43,3.27,84.66,2.0,5.0,0.0,2,CHEMBL4297403;CHEMBL4303060,MELPHALAN FLUFENAMIDE;MELPHALAN FLUFENAMIDE HYDROCHLORIDE,1,0.6851107001304626,True,False,True,1,False,C;Cl;F;N;O,,,False,False,33,13,False,0,0,498.4260000000003,84.66,3.270100000000002,2,5,2,False,,True,ligands_pdbqt/CHEMBL4303060.pdbqt,-6.189,completed,vina_screening_full/poses/CHEMBL4303060_out.pdbqt,vina_screening_full/logs/CHEMBL4303060.log,453
CHEMBL1571863,ISOCONAZOLE,Small molecule,4.0,,0,Clc1ccc(C(Cn2ccnc2)OCc2c(Cl)cccc2Cl)c(Cl)c1,"InChI=1S/C18H14Cl4N2O/c19-12-4-5-13(17(22)8-12)18(9-24-7-6-23-11-24)25-10-14-15(20)2-1-3-16(14)21/h1-8,11,18H,9-10H2",MPIPASJGOJYODL-UHFFFAOYSA-N,416.13,416.13,6.45,27.05,0.0,3.0,1.0,1,CHEMBL1571863,ISOCONAZOLE,1,0.6795997142791748,True,False,True,1,False,C;Cl;N;O,,,False,False,25,6,False,0,0,416.1350000000001,27.05,6.454800000000002,0,2,3,False,,True,ligands_pdbqt/CHEMBL1571863.pdbqt,-6.189,completed,vina_screening_full/poses/CHEMBL1571863_out.pdbqt,vina_screening_full/logs/CHEMBL1571863.log,454
CHEMBL64,ISONIAZID,Small molecule,4.0,1952.0,0,NNC(=O)c1ccncc1,"InChI=1S/C6H7N3O/c7-9-6(10)5-1-3-8-4-2-5/h1-4H,7H2,(H,9,10)",QRXWMOHMRWLFEY-UHFFFAOYSA-N,137.14,137.14,-0.31,68.01,2.0,3.0,0.0,1,CHEMBL64,ISONIAZID,1,0.5984861135482789,True,False,True,1,False,C;N;O,,,False,False,10,1,False,0,0,137.142,68.00999999999999,-0.3149000000000006,2,3,1,False,,True,ligands_pdbqt/CHEMBL64.pdbqt,-6.186,completed,vina_screening_full/poses/CHEMBL64_out.pdbqt,vina_screening_full/logs/CHEMBL64.log,455
CHEMBL152,CIDOFOVIR ANHYDROUS,Small molecule,4.0,1996.0,0,Nc1ccn(C[C@@H](CO)OCP(=O)(O)O)c(=O)n1,"InChI=1S/C8H14N3O6P/c9-7-1-2-11(8(13)10-7)3-6(4-12)17-5-18(14,15)16/h1-2,6,12H,3-5H2,(H2,9,10,13)(H2,14,15,16)/t6-/m0/s1",VWFCHDSQECPREK-LURJTMIESA-N,279.19,279.19,-1.66,147.9,4.0,7.0,0.0,2,CHEMBL152;CHEMBL5314375,CIDOFOVIR;CIDOFOVIR ANHYDROUS,1,0.6815624952316284,True,False,True,1,False,C;N;O;P,,,False,False,18,6,False,0,0,279.189,147.89999999999998,-1.6618000000000002,4,6,1,False,,True,ligands_pdbqt/CHEMBL152.pdbqt,-6.186,completed,vina_screening_full/poses/CHEMBL152_out.pdbqt,vina_screening_full/logs/CHEMBL152.log,456
CHEMBL1441,ETHIONAMIDE,Small molecule,4.0,1965.0,0,CCc1cc(C(N)=S)ccn1,"InChI=1S/C8H10N2S/c1-2-7-5-6(8(9)11)3-4-10-7/h3-5H,2H2,1H3,(H2,9,11)",AEOCXXJPGCBFJA-UHFFFAOYSA-N,166.25,166.25,1.28,38.91,1.0,2.0,0.0,1,CHEMBL1441,ETHIONAMIDE,1,0.8401908278465271,True,True,True,1,False,C;N;S,,,False,False,11,2,False,0,0,166.24900000000002,38.91,1.2782,1,2,1,False,,True,ligands_pdbqt/CHEMBL1441.pdbqt,-6.186,completed,vina_screening_full/poses/CHEMBL1441_out.pdbqt,vina_screening_full/logs/CHEMBL1441.log,457
CHEMBL19393,LEVAMFETAMINE,Small molecule,4.0,,1,C[C@@H](N)Cc1ccccc1,"InChI=1S/C9H13N/c1-8(10)7-9-5-3-2-4-6-9/h2-6,8H,7,10H2,1H3/t8-/m1/s1",KWTSXDURSIMDCE-MRVPVSSYSA-N,135.21,135.21,1.58,26.02,1.0,1.0,0.0,1,CHEMBL19393,LEVAMFETAMINE,1,0.9591912746429444,True,True,True,1,False,C;N,,,False,False,10,2,False,0,0,135.20999999999998,26.02,1.5763,1,1,1,False,,True,ligands_pdbqt/CHEMBL19393.pdbqt,-6.184,completed,vina_screening_full/poses/CHEMBL19393_out.pdbqt,vina_screening_full/logs/CHEMBL19393.log,458
CHEMBL468,THALIDOMIDE,Small molecule,4.0,1956.0,1,O=C1CCC(N2C(=O)c3ccccc3C2=O)C(=O)N1,"InChI=1S/C13H10N2O4/c16-10-6-5-9(11(17)14-10)15-12(18)7-3-1-2-4-8(7)13(15)19/h1-4,9H,5-6H2,(H,14,16,17)",UEJJHQNACJXSKW-UHFFFAOYSA-N,258.23,258.23,0.09,83.55,1.0,4.0,0.0,1,CHEMBL468,THALIDOMIDE,1,0.9548149347305298,True,True,True,1,False,C;N;O,,,False,False,19,1,False,0,0,258.23299999999995,83.55000000000001,0.0877999999999999,1,4,3,False,,True,ligands_pdbqt/CHEMBL468.pdbqt,-6.179,completed,vina_screening_full/poses/CHEMBL468_out.pdbqt,vina_screening_full/logs/CHEMBL468.log,459
CHEMBL744,RILUZOLE,Small molecule,4.0,1995.0,0,Nc1nc2ccc(OC(F)(F)F)cc2s1,"InChI=1S/C8H5F3N2OS/c9-8(10,11)14-4-1-2-5-6(3-4)15-7(12)13-5/h1-3H,(H2,12,13)",FTALBRSUTCGOEG-UHFFFAOYSA-N,234.2,234.2,2.78,48.14,1.0,4.0,0.0,1,CHEMBL744,RILUZOLE,1,0.9747276067733764,True,True,True,1,False,C;F;N;O;S,,,False,False,15,1,False,0,0,234.202,48.14,2.7771,1,4,2,False,,True,ligands_pdbqt/CHEMBL744.pdbqt,-6.178,completed,vina_screening_full/poses/CHEMBL744_out.pdbqt,vina_screening_full/logs/CHEMBL744.log,460
CHEMBL46516,FLUSPIRILENE,Small molecule,4.0,,0,O=C1NCN(c2ccccc2)C12CCN(CCCC(c1ccc(F)cc1)c1ccc(F)cc1)CC2,"InChI=1S/C29H31F2N3O/c30-24-12-8-22(9-13-24)27(23-10-14-25(31)15-11-23)7-4-18-33-19-16-29(17-20-33)28(35)32-21-34(29)26-5-2-1-3-6-26/h1-3,5-6,8-15,27H,4,7,16-21H2,(H,32,35)",QOYHHIBFXOOADH-UHFFFAOYSA-N,475.58,475.58,5.31,35.58,1.0,3.0,1.0,1,CHEMBL46516,FLUSPIRILENE,1,0.9096879839897156,True,True,True,1,False,C;F;N;O,,,False,False,35,7,False,0,0,475.58300000000014,35.580000000000005,5.305400000000005,1,3,5,False,,True,ligands_pdbqt/CHEMBL46516.pdbqt,-6.176,completed,vina_screening_full/poses/CHEMBL46516_out.pdbqt,vina_screening_full/logs/CHEMBL46516.log,461
CHEMBL405,AMPHETAMINE,Small molecule,4.0,1955.0,0,CC(N)Cc1ccccc1,"InChI=1S/C9H13N/c1-8(10)7-9-5-3-2-4-6-9/h2-6,8H,7,10H2,1H3",KWTSXDURSIMDCE-UHFFFAOYSA-N,135.21,135.21,1.58,26.02,1.0,1.0,0.0,4,CHEMBL1200377;CHEMBL1200387;CHEMBL405;CHEMBL501,AMPHETAMINE;AMPHETAMINE ADIPATE;AMPHETAMINE ASPARTATE;AMPHETAMINE SULFATE,1,0.970693612098694,True,True,True,1,False,C;N,,,False,False,10,2,False,0,0,135.20999999999998,26.02,1.5763,1,1,1,False,,True,ligands_pdbqt/CHEMBL405.pdbqt,-6.17,completed,vina_screening_full/poses/CHEMBL405_out.pdbqt,vina_screening_full/logs/CHEMBL405.log,462
CHEMBL419,MAFENIDE,Small molecule,4.0,1969.0,0,NCc1ccc(S(N)(=O)=O)cc1,"InChI=1S/C7H10N2O2S/c8-5-6-1-3-7(4-2-6)12(9,10)11/h1-4H,5,8H2,(H2,9,10,11)",TYMRLRRVMHJFTF-UHFFFAOYSA-N,186.24,186.24,-0.21,86.18,2.0,3.0,0.0,2,CHEMBL1201161;CHEMBL419,MAFENIDE;MAFENIDE ACETATE,1,0.5681622862815857,True,False,True,1,False,C;N;O;S,,,False,False,12,2,False,0,0,186.236,86.18,-0.2072999999999999,2,3,1,False,,True,ligands_pdbqt/CHEMBL419.pdbqt,-6.167,completed,vina_screening_full/poses/CHEMBL419_out.pdbqt,vina_screening_full/logs/CHEMBL419.log,463
CHEMBL1201780,CARGLUMIC ACID,Small molecule,4.0,2003.0,0,NC(=O)N[C@@H](CCC(=O)O)C(=O)O,"InChI=1S/C6H10N2O5/c7-6(13)8-3(5(11)12)1-2-4(9)10/h3H,1-2H2,(H,9,10)(H,11,12)(H3,7,8,13)/t3-/m0/s1",LCQLHJZYVOQKHU-VKHMYHEASA-N,190.16,190.16,-1.03,129.72,4.0,3.0,0.0,1,CHEMBL1201780,CARGLUMIC ACID,1,0.9030305504798888,True,True,True,1,False,C;N;O,,,False,False,13,5,False,0,0,190.155,129.72,-1.0273000000000003,4,3,0,False,,True,ligands_pdbqt/CHEMBL1201780.pdbqt,-6.166,completed,vina_screening_full/poses/CHEMBL1201780_out.pdbqt,vina_screening_full/logs/CHEMBL1201780.log,464
CHEMBL125,MILTEFOSINE,Small molecule,4.0,2014.0,0,CCCCCCCCCCCCCCCCOP(=O)([O-])OCC[N+](C)(C)C,"InChI=1S/C21H46NO4P/c1-5-6-7-8-9-10-11-12-13-14-15-16-17-18-20-25-27(23,24)26-21-19-22(2,3)4/h5-21H2,1-4H3",PQLXHQMOHUQAKB-UHFFFAOYSA-N,407.58,407.58,5.68,58.59,0.0,4.0,1.0,1,CHEMBL125,MILTEFOSINE,1,0.6023760437965393,True,False,True,1,False,C;N;O;P,,,False,False,27,20,False,0,0,407.57600000000014,58.59,5.675500000000006,0,4,0,False,,True,ligands_pdbqt/CHEMBL125.pdbqt,-6.165,completed,vina_screening_full/poses/CHEMBL125_out.pdbqt,vina_screening_full/logs/CHEMBL125.log,465
CHEMBL511,PYRILAMINE,Small molecule,4.0,1973.0,0,COc1ccc(CN(CCN(C)C)c2ccccn2)cc1,"InChI=1S/C17H23N3O/c1-19(2)12-13-20(17-6-4-5-11-18-17)14-15-7-9-16(21-3)10-8-15/h4-11H,12-14H2,1-3H3",YECBIJXISLIIDS-UHFFFAOYSA-N,285.39,285.39,2.66,28.6,0.0,4.0,0.0,2,CHEMBL1201006;CHEMBL511,PYRILAMINE;PYRILAMINE MALEATE,1,0.955730962753296,True,True,True,1,False,C;N;O,,,False,False,21,7,False,0,0,285.391,28.6,2.658400000000001,0,4,2,False,,True,ligands_pdbqt/CHEMBL511.pdbqt,-6.164,completed,vina_screening_full/poses/CHEMBL511_out.pdbqt,vina_screening_full/logs/CHEMBL511.log,466
CHEMBL1475,TRIOXSALEN,Small molecule,4.0,1964.0,0,Cc1cc2cc3c(C)cc(=O)oc3c(C)c2o1,"InChI=1S/C14H12O3/c1-7-4-12(15)17-14-9(3)13-10(6-11(7)14)5-8(2)16-13/h4-6H,1-3H3",FMHHVULEAZTJMA-UHFFFAOYSA-N,228.25,228.25,3.46,43.35,0.0,3.0,0.0,1,CHEMBL1475,TRIOXSALEN,1,0.9158392310142516,True,True,True,1,False,C;O,,,False,False,17,0,False,0,0,228.247,43.35,3.4644600000000025,0,3,3,False,,True,ligands_pdbqt/CHEMBL1475.pdbqt,-6.16,completed,vina_screening_full/poses/CHEMBL1475_out.pdbqt,vina_screening_full/logs/CHEMBL1475.log,467
CHEMBL1200607,PERFLEXANE,Small molecule,4.0,2002.0,0,FC(F)(F)C(F)(F)C(F)(F)C(F)(F)C(F)(F)C(F)(F)F,"InChI=1S/C6F14/c7-1(8,3(11,12)5(15,16)17)2(9,10)4(13,14)6(18,19)20",ZJIJAJXFLBMLCK-UHFFFAOYSA-N,338.04,338.04,4.65,0.0,0.0,0.0,0.0,1,CHEMBL1200607,PERFLEXANE,1,0.9946077823638916,True,True,True,1,False,C;F,,,False,False,20,3,False,0,0,338.03799999999995,0.0,4.652200000000001,0,0,0,False,,True,ligands_pdbqt/CHEMBL1200607.pdbqt,-6.16,completed,vina_screening_full/poses/CHEMBL1200607_out.pdbqt,vina_screening_full/logs/CHEMBL1200607.log,468
CHEMBL4650485,PIRTOBRUTINIB,Small molecule,4.0,2023.0,0,COc1ccc(F)cc1C(=O)NCc1ccc(-c2nn([C@@H](C)C(F)(F)F)c(N)c2C(N)=O)cc1,"InChI=1S/C22H21F4N5O3/c1-11(22(24,25)26)31-19(27)17(20(28)32)18(30-31)13-5-3-12(4-6-13)10-29-21(33)15-9-14(23)7-8-16(15)34-2/h3-9,11H,10,27H2,1-2H3,(H2,28,32)(H,29,33)/t11-/m0/s1",FWZAWAUZXYCBKZ-NSHDSACASA-N,479.43,479.43,3.43,125.26,3.0,6.0,0.0,1,CHEMBL4650485,PIRTOBRUTINIB,1,0.7681715488433838,True,False,True,1,False,C;F;N;O,,,False,False,34,7,False,0,0,479.43400000000014,125.26,3.432200000000001,3,5,3,False,,True,ligands_pdbqt/CHEMBL4650485.pdbqt,-6.156,completed,vina_screening_full/poses/CHEMBL4650485_out.pdbqt,vina_screening_full/logs/CHEMBL4650485.log,469
CHEMBL159226,MOXISYLYTE,Small molecule,4.0,,1,CC(=O)Oc1cc(C(C)C)c(OCCN(C)C)cc1C,"InChI=1S/C16H25NO3/c1-11(2)14-10-15(20-13(4)18)12(3)9-16(14)19-8-7-17(5)6/h9-11H,7-8H2,1-6H3",VRYMTAVOXVTQEF-UHFFFAOYSA-N,279.38,279.38,2.98,38.77,0.0,4.0,0.0,1,CHEMBL159226,MOXISYLYTE,1,0.9286436438560486,True,True,True,1,False,C;N;O,,,False,False,20,6,False,0,0,279.38,38.77,2.9841200000000017,0,4,1,False,,True,ligands_pdbqt/CHEMBL159226.pdbqt,-6.146,completed,vina_screening_full/poses/CHEMBL159226_out.pdbqt,vina_screening_full/logs/CHEMBL159226.log,470
CHEMBL535,SUNITINIB,Small molecule,4.0,2006.0,0,CCN(CC)CCNC(=O)c1c(C)[nH]c(/C=C2\C(=O)Nc3ccc(F)cc32)c1C,"InChI=1S/C22H27FN4O2/c1-5-27(6-2)10-9-24-22(29)20-13(3)19(25-14(20)4)12-17-16-11-15(23)7-8-18(16)26-21(17)28/h7-8,11-12,25H,5-6,9-10H2,1-4H3,(H,24,29)(H,26,28)/b17-12-",WINHZLLDWRZWRT-ATVHPVEESA-N,398.48,398.48,3.33,77.23,3.0,3.0,0.0,2,CHEMBL1567;CHEMBL535,SUNITINIB;SUNITINIB MALATE,1,0.9477871656417848,True,True,True,1,False,C;F;N;O,,,False,False,29,7,False,0,0,398.48200000000014,77.23,3.3349400000000013,3,3,3,False,,True,ligands_pdbqt/CHEMBL535.pdbqt,-6.144,completed,vina_screening_full/poses/CHEMBL535_out.pdbqt,vina_screening_full/logs/CHEMBL535.log,471
CHEMBL637,VENLAFAXINE,Small molecule,4.0,1993.0,0,COc1ccc(C(CN(C)C)C2(O)CCCCC2)cc1,"InChI=1S/C17H27NO2/c1-18(2)13-16(17(19)11-5-4-6-12-17)14-7-9-15(20-3)10-8-14/h7-10,16,19H,4-6,11-13H2,1-3H3",PNVNVHUZROJLTJ-UHFFFAOYSA-N,277.41,277.41,3.04,32.7,1.0,3.0,0.0,3,CHEMBL1201066;CHEMBL5095051;CHEMBL637,VENLAFAXINE;VENLAFAXINE BESYLATE;VENLAFAXINE HYDROCHLORIDE,1,0.9626149773597718,True,True,True,1,False,C;N;O,,,False,False,20,5,False,0,0,277.4079999999999,32.7,3.0356000000000014,1,3,2,False,,True,ligands_pdbqt/CHEMBL637.pdbqt,-6.143,completed,vina_screening_full/poses/CHEMBL637_out.pdbqt,vina_screening_full/logs/CHEMBL637.log,472
CHEMBL1788385,TILBROQUINOL,Small molecule,4.0,,1,Cc1cc(Br)c(O)c2ncccc12,"InChI=1S/C10H8BrNO/c1-6-5-8(11)10(13)9-7(6)3-2-4-12-9/h2-5,13H,1H3",JMOVFFLYGIQXMM-UHFFFAOYSA-N,238.08,238.08,3.01,33.12,1.0,2.0,0.0,1,CHEMBL1788385,TILBROQUINOL,1,0.7439984679222107,True,False,True,1,False,Br;C;N;O,,,False,False,13,0,False,0,0,238.08400000000003,33.120000000000005,3.0113200000000004,1,2,2,False,,True,ligands_pdbqt/CHEMBL1788385.pdbqt,-6.138,completed,vina_screening_full/poses/CHEMBL1788385_out.pdbqt,vina_screening_full/logs/CHEMBL1788385.log,473
CHEMBL673,PARGYLINE,Small molecule,4.0,1982.0,0,C#CCN(C)Cc1ccccc1,"InChI=1S/C11H13N/c1-3-9-12(2)10-11-7-5-4-6-8-11/h1,4-8H,9-10H2,2H3",DPWPWRLQFGFJFI-UHFFFAOYSA-N,159.23,159.23,1.75,3.24,0.0,1.0,0.0,2,CHEMBL1200425;CHEMBL673,PARGYLINE;PARGYLINE HYDROCHLORIDE,1,0.9639431357383728,True,True,True,1,False,C;N,,,False,False,12,3,False,0,0,159.232,3.24,1.7516,0,1,1,False,,True,ligands_pdbqt/CHEMBL673.pdbqt,-6.132,completed,vina_screening_full/poses/CHEMBL673_out.pdbqt,vina_screening_full/logs/CHEMBL673.log,474
CHEMBL614,PYRAZINAMIDE,Small molecule,4.0,1971.0,0,NC(=O)c1cnccn1,"InChI=1S/C5H5N3O/c6-5(9)4-3-7-1-2-8-4/h1-3H,(H2,6,9)",IPEHBUMCGVEMRF-UHFFFAOYSA-N,123.11,123.11,-0.42,68.87,1.0,3.0,0.0,1,CHEMBL614,PYRAZINAMIDE,1,0.9442266821861268,True,True,True,1,False,C;N;O,,,False,False,9,1,False,0,0,123.11499999999998,68.87,-0.4245000000000001,1,3,1,False,,True,ligands_pdbqt/CHEMBL614.pdbqt,-6.132,completed,vina_screening_full/poses/CHEMBL614_out.pdbqt,vina_screening_full/logs/CHEMBL614.log,475
CHEMBL888,GEMCITABINE,Small molecule,4.0,1996.0,0,Nc1ccn([C@@H]2O[C@H](CO)[C@@H](O)C2(F)F)c(=O)n1,"InChI=1S/C9H11F2N3O4/c10-9(11)6(16)4(3-15)18-7(9)14-2-1-5(12)13-8(14)17/h1-2,4,6-7,15-16H,3H2,(H2,12,13,17)/t4-,6-,7-/m1/s1",SDUQYLNIPVEERB-QPPQHZFASA-N,263.2,263.2,-1.29,110.6,3.0,7.0,0.0,2,CHEMBL1637;CHEMBL888,GEMCITABINE;GEMCITABINE HYDROCHLORIDE,1,0.9261220216751098,True,True,True,1,False,C;F;N;O,,,False,False,18,2,False,0,0,263.2,110.6,-1.2886,3,6,2,False,,True,ligands_pdbqt/CHEMBL888.pdbqt,-6.131,completed,vina_screening_full/poses/CHEMBL888_out.pdbqt,vina_screening_full/logs/CHEMBL888.log,476
CHEMBL565,CLOFIBRATE,Small molecule,4.0,1967.0,1,CCOC(=O)C(C)(C)Oc1ccc(Cl)cc1,"InChI=1S/C12H15ClO3/c1-4-15-11(14)12(2,3)16-10-7-5-9(13)6-8-10/h5-8H,4H2,1-3H3",KNHUKKLJHYUCFP-UHFFFAOYSA-N,242.7,242.7,3.06,35.53,0.0,3.0,0.0,1,CHEMBL565,CLOFIBRATE,1,0.8058255076408386,True,True,True,1,False,C;Cl;O,,,False,False,16,4,False,0,0,242.702,35.53,3.060500000000001,0,3,1,False,,True,ligands_pdbqt/CHEMBL565.pdbqt,-6.128,completed,vina_screening_full/poses/CHEMBL565_out.pdbqt,vina_screening_full/logs/CHEMBL565.log,477
CHEMBL1697841,ISOMETHEPTENE,Small molecule,4.0,,0,CNC(C)CCC=C(C)C,"InChI=1S/C9H19N/c1-8(2)6-5-7-9(3)10-4/h6,9-10H,5,7H2,1-4H3",XVQUOJBERHHONY-UHFFFAOYSA-N,141.26,141.26,2.34,12.03,1.0,1.0,0.0,2,CHEMBL1697841;CHEMBL2355839,ISOMETHEPTENE;ISOMETHEPTENE MUCATE,1,0.9490696668624878,True,True,True,1,False,C;N,,,False,False,10,4,False,0,0,141.25799999999998,12.03,2.3407,1,1,0,False,,True,ligands_pdbqt/CHEMBL1697841.pdbqt,-6.121,completed,vina_screening_full/poses/CHEMBL1697841_out.pdbqt,vina_screening_full/logs/CHEMBL1697841.log,478
CHEMBL1219,RABEPRAZOLE,Small molecule,4.0,1999.0,0,COCCCOc1ccnc(C[S+]([O-])c2nc3ccccc3[nH]2)c1C,"InChI=1S/C18H21N3O3S/c1-13-16(19-9-8-17(13)24-11-5-10-23-2)12-25(22)18-20-14-6-3-4-7-15(14)21-18/h3-4,6-9H,5,10-12H2,1-2H3,(H,20,21)",YREYEVIYCVEVJK-UHFFFAOYSA-N,359.45,359.45,2.99,83.09,1.0,5.0,0.0,2,CHEMBL1200930;CHEMBL1219,RABEPRAZOLE;RABEPRAZOLE SODIUM,1,0.8013062477111816,True,True,True,1,False,C;N;O;S,,,False,False,25,8,False,0,0,359.451,83.09,2.989420000000001,1,5,3,False,,True,ligands_pdbqt/CHEMBL1219.pdbqt,-6.119,completed,vina_screening_full/poses/CHEMBL1219_out.pdbqt,vina_screening_full/logs/CHEMBL1219.log,479
CHEMBL1574,PHENTERMINE,Small molecule,4.0,1959.0,1,CC(C)(N)Cc1ccccc1,"InChI=1S/C10H15N/c1-10(2,11)8-9-6-4-3-5-7-9/h3-7H,8,11H2,1-2H3",DHHVAGZRUROJKS-UHFFFAOYSA-N,149.24,149.24,1.97,26.02,1.0,1.0,0.0,2,CHEMBL1200912;CHEMBL1574,PHENTERMINE;PHENTERMINE HYDROCHLORIDE,1,0.9813791632652282,True,True,True,1,False,C;N,,,False,False,11,2,False,0,0,149.237,26.02,1.9664,1,1,1,False,,True,ligands_pdbqt/CHEMBL1574.pdbqt,-6.106,completed,vina_screening_full/poses/CHEMBL1574_out.pdbqt,vina_screening_full/logs/CHEMBL1574.log,480
CHEMBL1329455,MOLSIDOMINE,Small molecule,4.0,,0,CCOC(=O)[N-]c1c[n+](N2CCOCC2)no1,"InChI=1S/C9H14N4O4/c1-2-16-9(14)10-8-7-13(11-17-8)12-3-5-15-6-4-12/h7H,2-6H2,1H3",XLFWDASMENKTKL-UHFFFAOYSA-N,242.24,242.24,0.09,82.78,0.0,6.0,0.0,1,CHEMBL1329455,MOLSIDOMINE,1,0.9809583187103272,True,True,True,1,False,C;N;O,,,False,False,17,3,False,0,0,242.235,82.78000000000002,0.092,0,6,2,False,,True,ligands_pdbqt/CHEMBL1329455.pdbqt,-6.106,completed,vina_screening_full/poses/CHEMBL1329455_out.pdbqt,vina_screening_full/logs/CHEMBL1329455.log,481
CHEMBL38,TRETINOIN,Small molecule,4.0,1971.0,0,CC1=C(/C=C/C(C)=C/C=C/C(C)=C/C(=O)O)C(C)(C)CCC1,"InChI=1S/C20H28O2/c1-15(8-6-9-16(2)14-19(21)22)11-12-18-17(3)10-7-13-20(18,4)5/h6,8-9,11-12,14H,7,10,13H2,1-5H3,(H,21,22)/b9-6+,12-11+,15-8+,16-14+",SHGAZHPCJJPHSC-YCNIQYBTSA-N,300.44,300.44,5.6,37.3,1.0,1.0,1.0,1,CHEMBL38,TRETINOIN,1,0.7783573865890503,True,False,True,1,False,C;O,,,False,False,22,5,False,0,0,300.44200000000006,37.3,5.602600000000005,1,1,1,False,,True,ligands_pdbqt/CHEMBL38.pdbqt,-6.097,completed,vina_screening_full/poses/CHEMBL38_out.pdbqt,vina_screening_full/logs/CHEMBL38.log,482
CHEMBL607400,BRIVARACETAM,Small molecule,4.0,2016.0,0,CCC[C@@H]1CC(=O)N([C@@H](CC)C(N)=O)C1,"InChI=1S/C11H20N2O2/c1-3-5-8-6-10(14)13(7-8)9(4-2)11(12)15/h8-9H,3-7H2,1-2H3,(H2,12,15)/t8-,9+/m1/s1",MSYKRHVOOPPJKU-BDAKNGLRSA-N,212.29,212.29,0.9,63.4,1.0,2.0,0.0,1,CHEMBL607400,BRIVARACETAM,1,0.9914645552635192,True,True,True,1,False,C;N;O,,,False,False,15,5,False,0,0,212.29299999999995,63.4,0.8988999999999999,1,2,1,False,,True,ligands_pdbqt/CHEMBL607400.pdbqt,-6.091,completed,vina_screening_full/poses/CHEMBL607400_out.pdbqt,vina_screening_full/logs/CHEMBL607400.log,483
CHEMBL4071161,TIRABRUTINIB,Small molecule,4.0,2020.0,0,CC#CC(=O)N1CC[C@@H](n2c(=O)n(-c3ccc(Oc4ccccc4)cc3)c3c(N)ncnc32)C1,"InChI=1S/C25H22N6O3/c1-2-6-21(32)29-14-13-18(15-29)31-24-22(23(26)27-16-28-24)30(25(31)33)17-9-11-20(12-10-17)34-19-7-4-3-5-8-19/h3-5,7-12,16,18H,13-15H2,1H3,(H2,26,27,28)/t18-/m1/s1",SEJLPXCPMNSRAM-GOSISDBHSA-N,454.49,454.49,2.75,108.27,1.0,8.0,0.0,2,CHEMBL4071161;CHEMBL5314600,TIRABRUTINIB;TIRABRUTINIB HYDROCHLORIDE,1,0.7967081785202026,True,False,True,1,False,C;N;O,,,False,False,34,4,False,0,0,454.4900000000002,108.27,2.7534,1,6,5,False,,True,ligands_pdbqt/CHEMBL4071161.pdbqt,-6.088,completed,vina_screening_full/poses/CHEMBL4071161_out.pdbqt,vina_screening_full/logs/CHEMBL4071161.log,484
CHEMBL446,SULFAMETHAZINE,Small molecule,4.0,1949.0,1,Cc1cc(C)nc(NS(=O)(=O)c2ccc(N)cc2)n1,"InChI=1S/C12H14N4O2S/c1-8-7-9(2)15-12(14-8)16-19(17,18)11-5-3-10(13)4-6-11/h3-7H,13H2,1-2H3,(H,14,15,16)",ASWVTGNCAZCNNR-UHFFFAOYSA-N,278.34,278.34,1.48,97.97,2.0,5.0,0.0,1,CHEMBL446,SULFAMETHAZINE,1,0.7641666293144226,True,False,True,1,False,C;N;O;S,,,False,False,19,3,False,0,0,278.337,97.97,1.4764399999999998,2,5,2,False,,True,ligands_pdbqt/CHEMBL446.pdbqt,-6.087,completed,vina_screening_full/poses/CHEMBL446_out.pdbqt,vina_screening_full/logs/CHEMBL446.log,485
CHEMBL2111112,VERNAKALANT,Small molecule,4.0,2010.0,0,COc1ccc(CCO[C@@H]2CCCC[C@H]2N2CC[C@@H](O)C2)cc1OC,"InChI=1S/C20H31NO4/c1-23-19-8-7-15(13-20(19)24-2)10-12-25-18-6-4-3-5-17(18)21-11-9-16(22)14-21/h7-8,13,16-18,22H,3-6,9-12,14H2,1-2H3/t16-,17-,18-/m1/s1",VBHQKCBVWWUUKN-KZNAEPCWSA-N,349.47,349.47,2.64,51.16,1.0,5.0,0.0,2,CHEMBL2107383;CHEMBL2111112,VERNAKALANT;VERNAKALANT HYDROCHLORIDE,1,0.8239552855491639,True,True,True,1,False,C;N;O,,,False,False,25,7,False,0,0,349.47100000000006,51.16000000000001,2.6407000000000007,1,5,3,False,,True,ligands_pdbqt/CHEMBL2111112.pdbqt,-6.087,completed,vina_screening_full/poses/CHEMBL2111112_out.pdbqt,vina_screening_full/logs/CHEMBL2111112.log,486
CHEMBL1140,NIACINAMIDE,Small molecule,4.0,1982.0,0,NC(=O)c1cccnc1,"InChI=1S/C6H6N2O/c7-6(9)5-2-1-3-8-4-5/h1-4H,(H2,7,9)",DFPAKSUCGFBDDF-UHFFFAOYSA-N,122.13,122.13,0.18,55.98,1.0,2.0,0.0,1,CHEMBL1140,NIACINAMIDE,1,0.9222935676574708,True,True,True,1,False,C;N;O,,,False,False,9,1,False,0,0,122.12699999999997,55.98,0.1805000000000001,1,2,1,False,,True,ligands_pdbqt/CHEMBL1140.pdbqt,-6.087,completed,vina_screening_full/poses/CHEMBL1140_out.pdbqt,vina_screening_full/logs/CHEMBL1140.log,487
CHEMBL21,SULFANILAMIDE,Small molecule,4.0,1985.0,0,Nc1ccc(S(N)(=O)=O)cc1,"InChI=1S/C6H8N2O2S/c7-5-1-3-6(4-2-5)11(8,9)10/h1-4H,7H2,(H2,8,9,10)",FDDDEECHVMSUSB-UHFFFAOYSA-N,172.21,172.21,-0.08,86.18,2.0,3.0,0.0,1,CHEMBL21,SULFANILAMIDE,1,0.7396660089492798,True,False,True,1,False,C;N;O;S,,,False,False,11,1,False,0,0,172.20900000000003,86.18,-0.0838,2,3,1,False,,True,ligands_pdbqt/CHEMBL21.pdbqt,-6.083,completed,vina_screening_full/poses/CHEMBL21_out.pdbqt,vina_screening_full/logs/CHEMBL21.log,488
CHEMBL476,DACARBAZINE,Small molecule,4.0,1975.0,0,CN(C)/N=N/c1[nH]cnc1C(N)=O,"InChI=1S/C6H10N6O/c1-12(2)11-10-6-4(5(7)13)8-3-9-6/h3H,1-2H3,(H2,7,13)(H,8,9)/b11-10+",FDKXTQMXEQVLRF-ZHACJKMWSA-N,182.19,182.19,0.07,99.73,2.0,4.0,0.0,1,CHEMBL476,DACARBAZINE,1,0.9457796573638916,True,True,True,1,False,C;N;O,,,False,False,13,3,False,0,0,182.187,99.73,0.0688999999999999,2,4,1,False,,True,ligands_pdbqt/CHEMBL476.pdbqt,-6.08,completed,vina_screening_full/poses/CHEMBL476_out.pdbqt,vina_screening_full/logs/CHEMBL476.log,489
CHEMBL1500276,OXELADIN,Small molecule,4.0,,1,CCN(CC)CCOCCOC(=O)C(CC)(CC)c1ccccc1,"InChI=1S/C20H33NO3/c1-5-20(6-2,18-12-10-9-11-13-18)19(22)24-17-16-23-15-14-21(7-3)8-4/h9-13H,5-8,14-17H2,1-4H3",IQADUMSPOQKAAO-UHFFFAOYSA-N,335.49,335.49,3.65,38.77,0.0,4.0,0.0,1,CHEMBL1500276,OXELADIN,1,0.8505853176116943,True,True,True,1,False,C;N;O,,,False,False,24,12,False,0,0,335.48799999999994,38.77,3.6460000000000026,0,4,1,False,,True,ligands_pdbqt/CHEMBL1500276.pdbqt,-6.077,completed,vina_screening_full/poses/CHEMBL1500276_out.pdbqt,vina_screening_full/logs/CHEMBL1500276.log,490
CHEMBL696,ETHOSUXIMIDE,Small molecule,4.0,1960.0,0,CCC1(C)CC(=O)NC1=O,"InChI=1S/C7H11NO2/c1-3-7(2)4-5(9)8-6(7)10/h3-4H2,1-2H3,(H,8,9,10)",HAPOVYFOVVWLRS-UHFFFAOYSA-N,141.17,141.17,0.45,46.17,1.0,2.0,0.0,1,CHEMBL696,ETHOSUXIMIDE,1,0.9904897928237916,True,True,True,1,False,C;N;O,,,False,False,10,1,False,0,0,141.17,46.17,0.4491999999999999,1,2,1,False,,True,ligands_pdbqt/CHEMBL696.pdbqt,-6.076,completed,vina_screening_full/poses/CHEMBL696_out.pdbqt,vina_screening_full/logs/CHEMBL696.log,491
CHEMBL1305,ANTAZOLINE,Small molecule,4.0,1994.0,0,c1ccc(CN(CC2=NCCN2)c2ccccc2)cc1,"InChI=1S/C17H19N3/c1-3-7-15(8-4-1)13-20(14-17-18-11-12-19-17)16-9-5-2-6-10-16/h1-10H,11-14H2,(H,18,19)",REYFJDPCWQRWAA-UHFFFAOYSA-N,265.36,265.36,2.69,27.63,1.0,3.0,0.0,2,CHEMBL1200550;CHEMBL1305,ANTAZOLINE;ANTAZOLINE PHOSPHATE,1,0.9780515551567076,True,True,True,1,False,C;N,,,False,False,20,5,False,0,0,265.36,27.63,2.6949000000000014,1,3,3,False,,True,ligands_pdbqt/CHEMBL1305.pdbqt,-6.074,completed,vina_screening_full/poses/CHEMBL1305_out.pdbqt,vina_screening_full/logs/CHEMBL1305.log,492
CHEMBL465026,NEFOPAM,Small molecule,4.0,,0,CN1CCOC(c2ccccc2)c2ccccc2C1,"InChI=1S/C17H19NO/c1-18-11-12-19-17(14-7-3-2-4-8-14)16-10-6-5-9-15(16)13-18/h2-10,17H,11-13H2,1H3",RGPDEAGGEXEMMM-UHFFFAOYSA-N,253.35,253.35,3.24,12.47,0.0,2.0,0.0,2,CHEMBL1407915;CHEMBL465026,NEFOPAM;NEFOPAM HYDROCHLORIDE,1,0.9948008418083192,True,True,True,1,False,C;N;O,,,False,False,19,1,False,0,0,253.345,12.47,3.238000000000002,0,2,3,False,,True,ligands_pdbqt/CHEMBL465026.pdbqt,-6.072,completed,vina_screening_full/poses/CHEMBL465026_out.pdbqt,vina_screening_full/logs/CHEMBL465026.log,493
CHEMBL85231,MEDIFOXAMINE,Small molecule,4.0,,1,CN(C)CC(Oc1ccccc1)Oc1ccccc1,"InChI=1S/C16H19NO2/c1-17(2)13-16(18-14-9-5-3-6-10-14)19-15-11-7-4-8-12-15/h3-12,16H,13H2,1-2H3",QNMGHBMGNRQPNL-UHFFFAOYSA-N,257.33,257.33,3.03,21.7,0.0,3.0,0.0,1,CHEMBL85231,MEDIFOXAMINE,1,0.9627915859222412,True,True,True,1,False,C;N;O,,,False,False,19,6,False,0,0,257.333,21.700000000000003,3.0321000000000016,0,3,2,False,,True,ligands_pdbqt/CHEMBL85231.pdbqt,-6.068,completed,vina_screening_full/poses/CHEMBL85231_out.pdbqt,vina_screening_full/logs/CHEMBL85231.log,494
CHEMBL278020,NEOSTIGMINE,Small molecule,4.0,2013.0,0,CN(C)C(=O)Oc1cccc([N+](C)(C)C)c1,"InChI=1S/C12H19N2O2/c1-13(2)12(15)16-11-8-6-7-10(9-11)14(3,4)5/h6-9H,1-5H3/q+1",ALWKGYPQUAPLQC-UHFFFAOYSA-N,223.3,223.3,1.94,29.54,0.0,2.0,0.0,2,CHEMBL211471;CHEMBL278020,NEOSTIGMINE;NEOSTIGMINE METHYLSULFATE,1,0.8402147054672241,True,True,True,1,False,C;N;O,,,False,False,16,2,False,1,1,223.296,29.540000000000003,1.9437,0,2,1,False,,True,ligands_pdbqt/CHEMBL278020.pdbqt,-6.066,completed,vina_screening_full/poses/CHEMBL278020_out.pdbqt,vina_screening_full/logs/CHEMBL278020.log,495
CHEMBL21536,XANOMELINE,Small molecule,4.0,2024.0,0,CCCCCCOc1nsnc1C1=CCCN(C)C1,"InChI=1S/C14H23N3OS/c1-3-4-5-6-10-18-14-13(15-19-16-14)12-8-7-9-17(2)11-12/h8H,3-7,9-11H2,1-2H3",JOLJIIDDOBNFHW-UHFFFAOYSA-N,281.42,281.42,3.22,38.25,0.0,5.0,0.0,2,CHEMBL21536;CHEMBL2336050,XANOMELINE;XANOMELINE TARTRATE,1,0.988913941383362,True,True,True,1,False,C;N;O;S,,,False,False,19,7,False,0,0,281.425,38.25000000000001,3.2161000000000017,0,5,2,False,,True,ligands_pdbqt/CHEMBL21536.pdbqt,-6.065,completed,vina_screening_full/poses/CHEMBL21536_out.pdbqt,vina_screening_full/logs/CHEMBL21536.log,496
CHEMBL820,BUSULFAN,Small molecule,4.0,1954.0,0,CS(=O)(=O)OCCCCOS(C)(=O)=O,"InChI=1S/C6H14O6S2/c1-13(7,8)11-5-3-4-6-12-14(2,9)10/h3-6H2,1-2H3",COVZYZSDYWQREU-UHFFFAOYSA-N,246.31,246.31,-0.28,86.74,0.0,6.0,0.0,1,CHEMBL820,BUSULFAN,1,0.9943011045455932,True,True,True,1,False,C;O;S,,,False,False,14,7,False,0,0,246.306,86.74000000000001,-0.2809999999999997,0,6,0,False,,True,ligands_pdbqt/CHEMBL820.pdbqt,-6.064,completed,vina_screening_full/poses/CHEMBL820_out.pdbqt,vina_screening_full/logs/CHEMBL820.log,497
CHEMBL288470,AMINOPYRINE,Small molecule,4.0,,1,Cc1c(N(C)C)c(=O)n(-c2ccccc2)n1C,"InChI=1S/C13H17N3O/c1-10-12(14(2)3)13(17)16(15(10)4)11-8-6-5-7-9-11/h5-9H,1-4H3",RMMXTBMQSGEXHJ-UHFFFAOYSA-N,231.3,231.3,1.55,30.17,0.0,4.0,0.0,1,CHEMBL288470,AMINOPYRINE,1,0.988588809967041,True,True,True,1,False,C;N;O,,,False,False,17,2,False,0,0,231.29900000000004,30.17,1.55042,0,2,2,False,,True,ligands_pdbqt/CHEMBL288470.pdbqt,-6.06,completed,vina_screening_full/poses/CHEMBL288470_out.pdbqt,vina_screening_full/logs/CHEMBL288470.log,498
CHEMBL1200438,TIOCONAZOLE,Small molecule,4.0,1983.0,0,Clc1ccc(C(Cn2ccnc2)OCc2ccsc2Cl)c(Cl)c1,"InChI=1S/C16H13Cl3N2OS/c17-12-1-2-13(14(18)7-12)15(8-21-5-4-20-10-21)22-9-11-3-6-23-16(11)19/h1-7,10,15H,8-9H2",QXHHHPZILQDDPS-UHFFFAOYSA-N,387.72,387.72,5.86,27.05,0.0,4.0,1.0,1,CHEMBL1200438,TIOCONAZOLE,1,0.704313439130783,True,False,True,1,False,C;Cl;N;O;S,,,False,False,23,6,False,0,0,387.7190000000001,27.05,5.8629000000000016,0,3,3,False,,True,ligands_pdbqt/CHEMBL1200438.pdbqt,-6.042,completed,vina_screening_full/poses/CHEMBL1200438_out.pdbqt,vina_screening_full/logs/CHEMBL1200438.log,499
CHEMBL547,ISOTRETINOIN,Small molecule,4.0,1982.0,0,CC1=C(/C=C/C(C)=C/C=C/C(C)=C\C(=O)O)C(C)(C)CCC1,"InChI=1S/C20H28O2/c1-15(8-6-9-16(2)14-19(21)22)11-12-18-17(3)10-7-13-20(18,4)5/h6,8-9,11-12,14H,7,10,13H2,1-5H3,(H,21,22)/b9-6+,12-11+,15-8+,16-14-",SHGAZHPCJJPHSC-XFYACQKRSA-N,300.44,300.44,5.6,37.3,1.0,1.0,1.0,1,CHEMBL547,ISOTRETINOIN,1,0.8156781196594238,True,True,True,1,False,C;O,,,False,False,22,5,False,0,0,300.44200000000006,37.3,5.602600000000005,1,1,1,False,,True,ligands_pdbqt/CHEMBL547.pdbqt,-6.041,completed,vina_screening_full/poses/CHEMBL547_out.pdbqt,vina_screening_full/logs/CHEMBL547.log,500
CHEMBL188952,PIRPROFEN,Small molecule,4.0,1987.0,1,CC(C(=O)O)c1ccc(N2CC=CC2)c(Cl)c1,"InChI=1S/C13H14ClNO2/c1-9(13(16)17)10-4-5-12(11(14)8-10)15-6-2-3-7-15/h2-5,8-9H,6-7H2,1H3,(H,16,17)",PIDSZXPFGCURGN-UHFFFAOYSA-N,251.71,251.71,2.9,40.54,1.0,2.0,0.0,1,CHEMBL188952,PIRPROFEN,1,0.7624446988105774,True,False,True,1,False,C;Cl;N;O,,,False,False,17,3,False,0,0,251.713,40.54,2.904300000000001,1,2,2,False,,True,ligands_pdbqt/CHEMBL188952.pdbqt,-6.038,completed,vina_screening_full/poses/CHEMBL188952_out.pdbqt,vina_screening_full/logs/CHEMBL188952.log,501
CHEMBL3099695,OSILODROSTAT,Small molecule,4.0,2020.0,0,N#Cc1ccc([C@H]2CCc3cncn32)c(F)c1,"InChI=1S/C13H10FN3/c14-12-5-9(6-15)1-3-11(12)13-4-2-10-7-16-8-17(10)13/h1,3,5,7-8,13H,2,4H2/t13-/m1/s1",USUZGMWDZDXMDG-CYBMUJFWSA-N,227.24,227.24,2.43,41.61,0.0,3.0,0.0,2,CHEMBL3099695;CHEMBL3707393,OSILODROSTAT;OSILODROSTAT PHOSPHATE,1,0.9353729724884032,True,True,True,1,False,C;F;N,,,False,False,17,1,False,0,0,227.242,41.61,2.42948,0,2,3,False,,True,ligands_pdbqt/CHEMBL3099695.pdbqt,-6.037,completed,vina_screening_full/poses/CHEMBL3099695_out.pdbqt,vina_screening_full/logs/CHEMBL3099695.log,502
CHEMBL301265,PRAMIPEXOLE,Small molecule,4.0,1997.0,0,CCCN[C@H]1CCc2nc(N)sc2C1,"InChI=1S/C10H17N3S/c1-2-5-12-7-3-4-8-9(6-7)14-10(11)13-8/h7,12H,2-6H2,1H3,(H2,11,13)/t7-/m0/s1",FASDKYOPVNHBLU-ZETCQYMHSA-N,211.33,211.33,1.58,50.94,2.0,4.0,0.0,2,CHEMBL301265;CHEMBL3182733,PRAMIPEXOLE;PRAMIPEXOLE DIHYDROCHLORIDE,1,0.9665587663650512,True,True,True,1,False,C;N;S,,,False,False,14,3,False,0,0,211.334,50.94,1.5822,2,4,2,False,,True,ligands_pdbqt/CHEMBL301265.pdbqt,-6.032,completed,vina_screening_full/poses/CHEMBL301265_out.pdbqt,vina_screening_full/logs/CHEMBL301265.log,503
CHEMBL682,AMODIAQUINE,Small molecule,4.0,1982.0,0,CCN(CC)Cc1cc(Nc2ccnc3cc(Cl)ccc23)ccc1O,"InChI=1S/C20H22ClN3O/c1-3-24(4-2)13-14-11-16(6-8-20(14)25)23-18-9-10-22-19-12-15(21)5-7-17(18)19/h5-12,25H,3-4,13H2,1-2H3,(H,22,23)",OVCDSSHSILBFBN-UHFFFAOYSA-N,355.87,355.87,5.18,48.39,2.0,4.0,1.0,2,CHEMBL1357648;CHEMBL682,AMODIAQUINE;AMODIAQUINE HYDROCHLORIDE,1,0.908840024471283,True,True,True,1,False,C;Cl;N;O,,,False,False,25,6,False,0,0,355.8690000000001,48.39,5.179200000000004,2,4,3,False,,True,ligands_pdbqt/CHEMBL682.pdbqt,-6.029,completed,vina_screening_full/poses/CHEMBL682_out.pdbqt,vina_screening_full/logs/CHEMBL682.log,504
CHEMBL720,BENZYL ALCOHOL,Small molecule,4.0,2009.0,0,OCc1ccccc1,"InChI=1S/C7H8O/c8-6-7-4-2-1-3-5-7/h1-5,8H,6H2",WVDDGKGOMKODPV-UHFFFAOYSA-N,108.14,108.14,1.18,20.23,1.0,1.0,0.0,1,CHEMBL720,BENZYL ALCOHOL,1,0.8318928241729736,True,True,True,1,False,C;O,,,False,False,8,1,False,0,0,108.13999999999996,20.23,1.1789,1,1,1,False,,True,ligands_pdbqt/CHEMBL720.pdbqt,-6.024,completed,vina_screening_full/poses/CHEMBL720_out.pdbqt,vina_screening_full/logs/CHEMBL720.log,505
CHEMBL628,PENTOXIFYLLINE,Small molecule,4.0,1984.0,0,CC(=O)CCCCn1c(=O)c2c(ncn2C)n(C)c1=O,"InChI=1S/C13H18N4O3/c1-9(18)6-4-5-7-17-12(19)10-11(14-8-15(10)2)16(3)13(17)20/h8H,4-7H2,1-3H3",BYPFEZZEUUWMEJ-UHFFFAOYSA-N,278.31,278.31,0.19,78.89,0.0,7.0,0.0,1,CHEMBL628,PENTOXIFYLLINE,1,0.970988154411316,True,True,True,1,False,C;N;O,,,False,False,20,5,False,0,0,278.31200000000007,78.89,0.193,0,4,2,False,,True,ligands_pdbqt/CHEMBL628.pdbqt,-6.021,completed,vina_screening_full/poses/CHEMBL628_out.pdbqt,vina_screening_full/logs/CHEMBL628.log,506
CHEMBL1697686,CLOFOREX,Small molecule,4.0,,1,CCOC(=O)NC(C)(C)Cc1ccc(Cl)cc1,"InChI=1S/C13H18ClNO2/c1-4-17-12(16)15-13(2,3)9-10-5-7-11(14)8-6-10/h5-8H,4,9H2,1-3H3,(H,15,16)",TZWKUQDQKPYNLL-UHFFFAOYSA-N,255.75,255.75,3.41,38.33,1.0,2.0,0.0,1,CHEMBL1697686,CLOFOREX,1,0.9712541580200196,True,True,True,1,False,C;Cl;N;O,,,False,False,17,4,False,0,0,255.745,38.33,3.4072000000000022,1,2,1,False,,True,ligands_pdbqt/CHEMBL1697686.pdbqt,-6.017,completed,vina_screening_full/poses/CHEMBL1697686_out.pdbqt,vina_screening_full/logs/CHEMBL1697686.log,507
CHEMBL139877,SULFACARBAMIDE,Small molecule,4.0,,1,NC(=O)NS(=O)(=O)c1ccc(N)cc1,"InChI=1S/C7H9N3O3S/c8-5-1-3-6(4-2-5)14(12,13)10-7(9)11/h1-4H,8H2,(H3,9,10,11)",WVAKABMNNSMCDK-UHFFFAOYSA-N,215.23,215.23,-0.37,115.28,3.0,4.0,0.0,1,CHEMBL139877,SULFACARBAMIDE,1,0.7379624009132385,True,False,True,1,False,C;N;O;S,,,False,False,14,2,False,0,0,215.234,115.28,-0.3742000000000003,3,4,1,False,,True,ligands_pdbqt/CHEMBL139877.pdbqt,-6.014,completed,vina_screening_full/poses/CHEMBL139877_out.pdbqt,vina_screening_full/logs/CHEMBL139877.log,508
CHEMBL1112,ARIPIPRAZOLE,Small molecule,4.0,2002.0,0,O=C1CCc2ccc(OCCCCN3CCN(c4cccc(Cl)c4Cl)CC3)cc2N1,"InChI=1S/C23H27Cl2N3O2/c24-19-4-3-5-21(23(19)25)28-13-11-27(12-14-28)10-1-2-15-30-18-8-6-17-7-9-22(29)26-20(17)16-18/h3-6,8,16H,1-2,7,9-15H2,(H,26,29)",CEUORZQYGODEFX-UHFFFAOYSA-N,448.39,448.39,4.86,44.81,1.0,4.0,0.0,1,CHEMBL1112,ARIPIPRAZOLE,1,0.919357407093048,True,True,True,1,False,C;Cl;N;O,,,False,False,30,7,False,0,0,448.39400000000006,44.81,4.859300000000005,1,4,4,False,,True,ligands_pdbqt/CHEMBL1112.pdbqt,-6.013,completed,vina_screening_full/poses/CHEMBL1112_out.pdbqt,vina_screening_full/logs/CHEMBL1112.log,509
CHEMBL1118,DESVENLAFAXINE,Small molecule,4.0,2008.0,0,CN(C)CC(c1ccc(O)cc1)C1(O)CCCCC1,"InChI=1S/C16H25NO2/c1-17(2)12-15(13-6-8-14(18)9-7-13)16(19)10-4-3-5-11-16/h6-9,15,18-19H,3-5,10-12H2,1-2H3",KYYIDSXMWOZKMP-UHFFFAOYSA-N,263.38,263.38,2.73,43.7,2.0,3.0,0.0,3,CHEMBL1118;CHEMBL1201728;CHEMBL3989861,DESVENLAFAXINE;DESVENLAFAXINE FUMARATE;DESVENLAFAXINE SUCCINATE,1,0.8285399556159974,True,True,True,1,False,C;N;O,,,False,False,19,4,False,0,0,263.381,43.7,2.7326000000000006,2,3,2,False,,True,ligands_pdbqt/CHEMBL1118.pdbqt,-6.01,completed,vina_screening_full/poses/CHEMBL1118_out.pdbqt,vina_screening_full/logs/CHEMBL1118.log,510
CHEMBL1200694,SEVOFLURANE,Small molecule,4.0,1995.0,0,FCOC(C(F)(F)F)C(F)(F)F,"InChI=1S/C4H3F7O/c5-1-12-2(3(6,7)8)4(9,10)11/h2H,1H2",DFEYYRMXOJXZRJ-UHFFFAOYSA-N,200.05,200.05,2.42,9.23,0.0,1.0,0.0,1,CHEMBL1200694,SEVOFLURANE,1,0.9995184898376464,True,True,True,1,False,C;F;O,,,False,False,12,2,False,0,0,200.053,9.23,2.4232000000000005,0,1,0,False,,True,ligands_pdbqt/CHEMBL1200694.pdbqt,-6.008,completed,vina_screening_full/poses/CHEMBL1200694_out.pdbqt,vina_screening_full/logs/CHEMBL1200694.log,511
CHEMBL256087,MENTHOL,Small molecule,4.0,2008.0,0,CC1CCC(C(C)C)C(O)C1,"InChI=1S/C10H20O/c1-7(2)9-5-4-8(3)6-10(9)11/h7-11H,4-6H2,1-3H3",NOOLISFMXDJSKH-UHFFFAOYSA-N,156.27,156.27,2.44,20.23,1.0,1.0,0.0,1,CHEMBL256087,MENTHOL,1,0.9891302943229676,True,True,True,1,False,C;O,,,False,False,11,1,False,0,0,156.26899999999998,20.23,2.4395000000000007,1,1,1,False,,True,ligands_pdbqt/CHEMBL256087.pdbqt,-6.007,completed,vina_screening_full/poses/CHEMBL256087_out.pdbqt,vina_screening_full/logs/CHEMBL256087.log,512
CHEMBL2338329,ROXADUSTAT,Small molecule,4.0,2021.0,0,Cc1nc(C(=O)NCC(=O)O)c(O)c2ccc(Oc3ccccc3)cc12,"InChI=1S/C19H16N2O5/c1-11-15-9-13(26-12-5-3-2-4-6-12)7-8-14(15)18(24)17(21-11)19(25)20-10-16(22)23/h2-9,24H,10H2,1H3,(H,20,25)(H,22,23)",YOZBGTLTNGAVFU-UHFFFAOYSA-N,352.35,352.35,2.86,108.75,3.0,5.0,0.0,1,CHEMBL2338329,ROXADUSTAT,1,0.5573800921440124,True,False,True,1,False,C;N;O,,,False,False,26,5,False,0,0,352.34600000000006,108.75,2.8555200000000003,3,5,3,False,,True,ligands_pdbqt/CHEMBL2338329.pdbqt,-6.005,completed,vina_screening_full/poses/CHEMBL2338329_out.pdbqt,vina_screening_full/logs/CHEMBL2338329.log,513
CHEMBL1505,ALMOTRIPTAN,Small molecule,4.0,2001.0,0,CN(C)CCc1c[nH]c2ccc(CS(=O)(=O)N3CCCC3)cc12,"InChI=1S/C17H25N3O2S/c1-19(2)10-7-15-12-18-17-6-5-14(11-16(15)17)13-23(21,22)20-8-3-4-9-20/h5-6,11-12,18H,3-4,7-10,13H2,1-2H3",WKEMJKQOLOHJLZ-UHFFFAOYSA-N,335.47,335.47,2.2,56.41,1.0,3.0,0.0,2,CHEMBL1200521;CHEMBL1505,ALMOTRIPTAN;ALMOTRIPTAN MALATE,1,0.9666246056556702,True,True,True,1,False,C;N;O;S,,,False,False,23,6,False,0,0,335.4730000000002,56.41,2.1976,1,3,3,False,,True,ligands_pdbqt/CHEMBL1505.pdbqt,-6.004,completed,vina_screening_full/poses/CHEMBL1505_out.pdbqt,vina_screening_full/logs/CHEMBL1505.log,514
CHEMBL24441,BETAHISTINE,Small molecule,4.0,,0,CNCCc1ccccn1,"InChI=1S/C8H12N2/c1-9-7-5-8-4-2-3-6-10-8/h2-4,6,9H,5,7H2,1H3",UUQMNUMQCIQDMZ-UHFFFAOYSA-N,136.2,136.2,0.84,24.92,1.0,2.0,0.0,2,CHEMBL1446813;CHEMBL24441,BETAHISTINE;BETAHISTINE HYDROCHLORIDE,1,0.8397626280784607,True,True,True,1,False,C;N,,,False,False,10,3,False,0,0,136.19799999999995,24.92,0.8434999999999999,1,2,1,False,,True,ligands_pdbqt/CHEMBL24441.pdbqt,-5.999,completed,vina_screening_full/poses/CHEMBL24441_out.pdbqt,vina_screening_full/logs/CHEMBL24441.log,515
CHEMBL885,EMTRICITABINE,Small molecule,4.0,2003.0,0,Nc1nc(=O)n([C@@H]2CS[C@H](CO)O2)cc1F,"InChI=1S/C8H10FN3O3S/c9-4-1-12(8(14)11-7(4)10)5-3-16-6(2-13)15-5/h1,5-6,13H,2-3H2,(H2,10,11,14)/t5-,6+/m0/s1",XQSPYNMVSIKCOC-NTSWFWBYSA-N,247.25,247.25,-0.46,90.37,2.0,7.0,0.0,1,CHEMBL885,EMTRICITABINE,1,0.929750108718872,True,True,True,1,False,C;F;N;O;S,,,False,False,16,2,False,0,0,247.251,90.37,-0.4550000000000003,2,6,2,False,,True,ligands_pdbqt/CHEMBL885.pdbqt,-5.997,completed,vina_screening_full/poses/CHEMBL885_out.pdbqt,vina_screening_full/logs/CHEMBL885.log,516
CHEMBL130,CHLORAMPHENICOL,Small molecule,4.0,1950.0,1,O=C(N[C@H](CO)[C@H](O)c1ccc([N+](=O)[O-])cc1)C(Cl)Cl,"InChI=1S/C11H12Cl2N2O5/c12-10(13)11(18)14-8(5-16)9(17)6-1-3-7(4-2-6)15(19)20/h1-4,8-10,16-17H,5H2,(H,14,18)/t8-,9-/m1/s1",WIIZWVCIJKGZOK-RKDXNWHRSA-N,323.13,323.13,0.91,112.7,3.0,5.0,0.0,1,CHEMBL130,CHLORAMPHENICOL,1,0.6811615228652954,True,False,True,1,False,C;Cl;N;O,,,False,False,20,6,False,0,0,323.13199999999995,112.70000000000002,0.9089999999999998,3,5,1,False,,True,ligands_pdbqt/CHEMBL130.pdbqt,-5.993,completed,vina_screening_full/poses/CHEMBL130_out.pdbqt,vina_screening_full/logs/CHEMBL130.log,517
CHEMBL4297610,OLUTASIDENIB,Small molecule,4.0,2022.0,0,C[C@H](Nc1ccc(C#N)n(C)c1=O)c1cc2cc(Cl)ccc2[nH]c1=O,"InChI=1S/C18H15ClN4O2/c1-10(21-16-6-4-13(9-20)23(2)18(16)25)14-8-11-7-12(19)3-5-15(11)22-17(14)24/h3-8,10,21H,1-2H3,(H,22,24)/t10-/m0/s1",NEQYWYXGTJDAKR-JTQLQIEISA-N,354.8,354.8,2.92,90.68,2.0,5.0,0.0,1,CHEMBL4297610,OLUTASIDENIB,1,0.6271530389785767,True,False,True,1,False,C;Cl;N;O,,,False,False,25,3,False,0,0,354.797,90.68,2.9249800000000006,2,4,3,False,,True,ligands_pdbqt/CHEMBL4297610.pdbqt,-5.991,completed,vina_screening_full/poses/CHEMBL4297610_out.pdbqt,vina_screening_full/logs/CHEMBL4297610.log,518
CHEMBL14376,ILOPERIDONE,Small molecule,4.0,2009.0,0,COc1cc(C(C)=O)ccc1OCCCN1CCC(c2noc3cc(F)ccc23)CC1,"InChI=1S/C24H27FN2O4/c1-16(28)18-4-7-21(23(14-18)29-2)30-13-3-10-27-11-8-17(9-12-27)24-20-6-5-19(25)15-22(20)31-26-24/h4-7,14-15,17H,3,8-13H2,1-2H3",XMXHEBAFVSFQEX-UHFFFAOYSA-N,426.49,426.49,4.83,64.8,0.0,6.0,0.0,1,CHEMBL14376,ILOPERIDONE,1,0.9893176794052124,True,True,True,1,False,C;F;N;O,,,False,False,31,8,False,0,0,426.4880000000001,64.80000000000001,4.826600000000004,0,6,4,False,,True,ligands_pdbqt/CHEMBL14376.pdbqt,-5.984,completed,vina_screening_full/poses/CHEMBL14376_out.pdbqt,vina_screening_full/logs/CHEMBL14376.log,519
CHEMBL591,ETHCHLORVYNOL,Small molecule,4.0,1961.0,0,C#CC(O)(/C=C/Cl)CC,"InChI=1S/C7H9ClO/c1-3-7(9,4-2)5-6-8/h1,5-6,9H,4H2,2H3/b6-5+",ZEHYJZXQEQOSON-AATRIKPKSA-N,144.6,144.6,1.51,20.23,1.0,1.0,0.0,1,CHEMBL591,ETHCHLORVYNOL,1,0.9699103474617004,True,True,True,1,False,C;Cl;O,,,False,False,9,2,False,0,0,144.60099999999997,20.23,1.5132,1,1,0,False,,True,ligands_pdbqt/CHEMBL591.pdbqt,-5.984,completed,vina_screening_full/poses/CHEMBL591_out.pdbqt,vina_screening_full/logs/CHEMBL591.log,520
CHEMBL1622,FOLIC ACID,Small molecule,4.0,1982.0,0,Nc1nc(=O)c2nc(CNc3ccc(C(=O)N[C@@H](CCC(=O)O)C(=O)O)cc3)cnc2[nH]1,"InChI=1S/C19H19N7O6/c20-19-25-15-14(17(30)26-19)23-11(8-22-15)7-21-10-3-1-9(2-4-10)16(29)24-12(18(31)32)5-6-13(27)28/h1-4,8,12,21H,5-7H2,(H,24,29)(H,27,28)(H,31,32)(H3,20,22,25,26,30)/t12-/m0/s1",OVBPIULPVIDEAO-LBPRGKRZSA-N,441.4,441.4,-0.04,213.28,6.0,9.0,1.0,1,CHEMBL1622,FOLIC ACID,1,0.5772749602794647,True,False,True,1,False,C;N;O,,,False,False,32,9,False,0,0,441.40400000000017,213.28,-0.0447999999999994,6,9,3,False,,True,ligands_pdbqt/CHEMBL1622.pdbqt,-5.974,completed,vina_screening_full/poses/CHEMBL1622_out.pdbqt,vina_screening_full/logs/CHEMBL1622.log,521
CHEMBL1489,AZACITIDINE,Small molecule,4.0,2004.0,0,Nc1ncn([C@@H]2O[C@H](CO)[C@@H](O)[C@H]2O)c(=O)n1,"InChI=1S/C8H12N4O5/c9-7-10-2-12(8(16)11-7)6-5(15)4(14)3(1-13)17-6/h2-6,13-15H,1H2,(H2,9,11,16)/t3-,4-,5-,6-/m1/s1",NMUSYJAQQFHJEW-KVTDHHQDSA-N,244.21,244.21,-3.17,143.72,4.0,9.0,0.0,1,CHEMBL1489,AZACITIDINE,1,0.757962989807129,True,False,True,1,False,C;N;O,,,False,False,17,2,False,0,0,244.207,143.72000000000003,-3.168,4,8,2,False,,True,ligands_pdbqt/CHEMBL1489.pdbqt,-5.974,completed,vina_screening_full/poses/CHEMBL1489_out.pdbqt,vina_screening_full/logs/CHEMBL1489.log,522
CHEMBL1201208,PHENMETRAZINE,Small molecule,4.0,1982.0,0,CC1NCCOC1c1ccccc1,"InChI=1S/C11H15NO/c1-9-11(13-8-7-12-9)10-5-3-2-4-6-10/h2-6,9,11-12H,7-8H2,1H3",OOBHFESNSZDWIU-UHFFFAOYSA-N,177.25,177.25,1.74,21.26,1.0,2.0,0.0,2,CHEMBL1200483;CHEMBL1201208,PHENMETRAZINE;PHENMETRAZINE HYDROCHLORIDE,1,0.988202738761902,True,True,True,1,False,C;N;O,,,False,False,13,1,False,0,0,177.247,21.26,1.736,1,2,2,False,,True,ligands_pdbqt/CHEMBL1201208.pdbqt,-5.97,completed,vina_screening_full/poses/CHEMBL1201208_out.pdbqt,vina_screening_full/logs/CHEMBL1201208.log,523
CHEMBL201960,PYROVALERONE,Small molecule,4.0,,1,CCCC(C(=O)c1ccc(C)cc1)N1CCCC1,"InChI=1S/C16H23NO/c1-3-6-15(17-11-4-5-12-17)16(18)14-9-7-13(2)8-10-14/h7-10,15H,3-6,11-12H2,1-2H3",SWUVZKWCOBGPTH-UHFFFAOYSA-N,245.37,245.37,3.44,20.31,0.0,2.0,0.0,2,CHEMBL201960;CHEMBL2104793,PYROVALERONE;PYROVALERONE HYDROCHLORIDE,1,0.9938300728797912,True,True,True,1,False,C;N;O,,,False,False,18,5,False,0,0,245.366,20.31,3.4422200000000025,0,2,2,False,,True,ligands_pdbqt/CHEMBL201960.pdbqt,-5.969,completed,vina_screening_full/poses/CHEMBL201960_out.pdbqt,vina_screening_full/logs/CHEMBL201960.log,524
CHEMBL1201313,CHLOPHEDIANOL,Small molecule,4.0,1982.0,0,CN(C)CCC(O)(c1ccccc1)c1ccccc1Cl,"InChI=1S/C17H20ClNO/c1-19(2)13-12-17(20,14-8-4-3-5-9-14)15-10-6-7-11-16(15)18/h3-11,20H,12-13H2,1-2H3",WRCHFMBCVFFYEQ-UHFFFAOYSA-N,289.81,289.81,3.53,23.47,1.0,2.0,0.0,2,CHEMBL1200972;CHEMBL1201313,CHLOPHEDIANOL;CHLOPHEDIANOL HYDROCHLORIDE,1,0.8608581900596619,True,True,True,1,False,C;Cl;N;O,,,False,False,20,5,False,0,0,289.80600000000004,23.47,3.5276000000000023,1,2,2,False,,True,ligands_pdbqt/CHEMBL1201313.pdbqt,-5.965,completed,vina_screening_full/poses/CHEMBL1201313_out.pdbqt,vina_screening_full/logs/CHEMBL1201313.log,525
CHEMBL1697760,MUZOLIMINE,Small molecule,4.0,,1,CC(c1ccc(Cl)c(Cl)c1)N1N=C(N)CC1=O,"InChI=1S/C11H11Cl2N3O/c1-6(16-11(17)5-10(14)15-16)7-2-3-8(12)9(13)4-7/h2-4,6H,5H2,1H3,(H2,14,15)",RLWRMIYXDPXIEX-UHFFFAOYSA-N,272.14,272.14,2.56,58.69,1.0,3.0,0.0,1,CHEMBL1697760,MUZOLIMINE,1,0.9348228812217712,True,True,True,1,False,C;Cl;N;O,,,False,False,17,2,False,0,0,272.13500000000005,58.69,2.5589000000000013,1,3,2,False,,True,ligands_pdbqt/CHEMBL1697760.pdbqt,-5.964,completed,vina_screening_full/poses/CHEMBL1697760_out.pdbqt,vina_screening_full/logs/CHEMBL1697760.log,526
CHEMBL1790041,RANITIDINE,Small molecule,4.0,1983.0,0,CNC(=C[N+](=O)[O-])NCCSCc1ccc(CN(C)C)o1,"InChI=1S/C13H22N4O3S/c1-14-13(9-17(18)19)15-6-7-21-10-12-5-4-11(20-12)8-16(2)3/h4-5,9,14-15H,6-8,10H2,1-3H3",VMXUWOKSQNHOCA-UHFFFAOYSA-N,314.41,314.41,1.46,83.58,2.0,7.0,0.0,3,CHEMBL1790041;CHEMBL2110372;CHEMBL2111286,RANITIDINE;RANITIDINE BISMUTH CITRATE;RANITIDINE HYDROCHLORIDE,1,0.6698215007781982,True,False,True,1,False,C;N;O;S,,,False,False,21,10,False,0,0,314.411,83.58,1.459,2,7,1,False,,True,ligands_pdbqt/CHEMBL1790041.pdbqt,-5.964,completed,vina_screening_full/poses/CHEMBL1790041_out.pdbqt,vina_screening_full/logs/CHEMBL1790041.log,527
CHEMBL6622,ISOSORBIDE DINITRATE,Small molecule,4.0,1986.0,0,O=[N+]([O-])O[C@H]1CO[C@H]2[C@@H]1OC[C@H]2O[N+](=O)[O-],"InChI=1S/C6H8N2O8/c9-7(10)15-3-1-13-6-4(16-8(11)12)2-14-5(3)6/h3-6H,1-2H2/t3-,4+,5-,6-/m1/s1",MOYKHGMNXAOIAT-JGWLITMVSA-N,236.14,236.14,-1.06,123.2,0.0,8.0,0.0,1,CHEMBL6622,ISOSORBIDE DINITRATE,1,0.9717799544334412,True,True,True,1,False,C;N;O,,,False,False,16,4,False,0,0,236.136,123.20000000000002,-1.0622000000000005,0,8,2,False,,True,ligands_pdbqt/CHEMBL6622.pdbqt,-5.963,completed,vina_screening_full/poses/CHEMBL6622_out.pdbqt,vina_screening_full/logs/CHEMBL6622.log,528
CHEMBL19236,MOXONIDINE,Small molecule,4.0,1991.0,0,COc1nc(C)nc(Cl)c1NC1=NCCN1,"InChI=1S/C9H12ClN5O/c1-5-13-7(10)6(8(14-5)16-2)15-9-11-3-4-12-9/h3-4H2,1-2H3,(H2,11,12,15)",WPNJAUFVNXKLIM-UHFFFAOYSA-N,241.68,241.68,0.82,71.43,2.0,6.0,0.0,1,CHEMBL19236,MOXONIDINE,1,0.8334195375442505,True,True,True,1,False,C;Cl;N;O,,,False,False,16,2,False,0,0,241.682,71.43,0.8181199999999997,2,6,2,False,,True,ligands_pdbqt/CHEMBL19236.pdbqt,-5.962,completed,vina_screening_full/poses/CHEMBL19236_out.pdbqt,vina_screening_full/logs/CHEMBL19236.log,529
CHEMBL20,ACETAZOLAMIDE,Small molecule,4.0,1953.0,0,CC(=O)Nc1nnc(S(N)(=O)=O)s1,"InChI=1S/C4H6N4O3S2/c1-2(9)6-3-7-8-4(12-3)13(5,10)11/h1H3,(H2,5,10,11)(H,6,7,9)",BZKPWHYZMXOIDC-UHFFFAOYSA-N,222.25,222.25,-0.86,115.04,2.0,6.0,0.0,2,CHEMBL1200814;CHEMBL20,ACETAZOLAMIDE;ACETAZOLAMIDE SODIUM,1,0.9081027388572692,True,True,True,1,False,C;N;O;S,,,False,False,13,2,False,0,0,222.251,115.04,-0.8561000000000003,2,6,1,False,,True,ligands_pdbqt/CHEMBL20.pdbqt,-5.958,completed,vina_screening_full/poses/CHEMBL20_out.pdbqt,vina_screening_full/logs/CHEMBL20.log,530
CHEMBL106,FLUCONAZOLE,Small molecule,4.0,1990.0,0,OC(Cn1cncn1)(Cn1cncn1)c1ccc(F)cc1F,"InChI=1S/C13H12F2N6O/c14-10-1-2-11(12(15)3-10)13(22,4-20-8-16-6-18-20)5-21-9-17-7-19-21/h1-3,6-9,22H,4-5H2",RFHAOTPXVQNOHP-UHFFFAOYSA-N,306.28,306.28,0.74,81.65,1.0,7.0,0.0,1,CHEMBL106,FLUCONAZOLE,1,0.6673838317394256,True,False,True,1,False,C;F;N;O,,,False,False,22,5,False,0,0,306.276,81.64999999999999,0.7357999999999993,1,5,3,False,,True,ligands_pdbqt/CHEMBL106.pdbqt,-5.957,completed,vina_screening_full/poses/CHEMBL106_out.pdbqt,vina_screening_full/logs/CHEMBL106.log,531
CHEMBL56021,LEVACETYLLEUCINE,Small molecule,4.0,2024.0,0,CC(=O)N[C@@H](CC(C)C)C(=O)O,"InChI=1S/C8H15NO3/c1-5(2)4-7(8(11)12)9-6(3)10/h5,7H,4H2,1-3H3,(H,9,10)(H,11,12)/t7-/m0/s1",WXNXCEHXYPACJF-ZETCQYMHSA-N,173.21,173.21,0.62,66.4,2.0,2.0,0.0,1,CHEMBL56021,LEVACETYLLEUCINE,1,0.839047908782959,True,True,True,1,False,C;N;O,,,False,False,12,4,False,0,0,173.21199999999996,66.4,0.6218000000000001,2,2,0,False,,True,ligands_pdbqt/CHEMBL56021.pdbqt,-5.948,completed,vina_screening_full/poses/CHEMBL56021_out.pdbqt,vina_screening_full/logs/CHEMBL56021.log,532
CHEMBL1201269,CHLORPHENTERMINE,Small molecule,4.0,,1,CC(C)(N)Cc1ccc(Cl)cc1,"InChI=1S/C10H14ClN/c1-10(2,12)7-8-3-5-9(11)6-4-8/h3-6H,7,12H2,1-2H3",ZCKAMNXUHHNZLN-UHFFFAOYSA-N,183.68,183.68,2.62,26.02,1.0,1.0,0.0,2,CHEMBL1200595;CHEMBL1201269,CHLORPHENTERMINE;CHLORPHENTERMINE HYDROCHLORIDE,1,0.9821892142295836,True,True,True,1,False,C;Cl;N,,,False,False,12,2,False,0,0,183.682,26.02,2.619800000000001,1,1,1,False,,True,ligands_pdbqt/CHEMBL1201269.pdbqt,-5.938,completed,vina_screening_full/poses/CHEMBL1201269_out.pdbqt,vina_screening_full/logs/CHEMBL1201269.log,533
CHEMBL1873475,IBRUTINIB,Small molecule,4.0,2013.0,0,C=CC(=O)N1CCC[C@@H](n2nc(-c3ccc(Oc4ccccc4)cc3)c3c(N)ncnc32)C1,"InChI=1S/C25H24N6O2/c1-2-21(32)30-14-6-7-18(15-30)31-25-22(24(26)27-16-28-25)23(29-31)17-10-12-20(13-11-17)33-19-8-4-3-5-9-19/h2-5,8-13,16,18H,1,6-7,14-15H2,(H2,26,27,28)/t18-/m1/s1",XYFPWWZEPKGCCK-GOSISDBHSA-N,440.51,440.51,4.22,99.16,1.0,7.0,0.0,1,CHEMBL1873475,IBRUTINIB,1,0.8811671614646912,True,True,True,1,False,C;N;O,,,False,False,33,5,False,0,0,440.5070000000002,99.16,4.2173000000000025,1,6,5,False,,True,ligands_pdbqt/CHEMBL1873475.pdbqt,-5.937,completed,vina_screening_full/poses/CHEMBL1873475_out.pdbqt,vina_screening_full/logs/CHEMBL1873475.log,534
CHEMBL231068,FLIBANSERIN,Small molecule,4.0,2015.0,0,O=c1[nH]c2ccccc2n1CCN1CCN(c2cccc(C(F)(F)F)c2)CC1,"InChI=1S/C20H21F3N4O/c21-20(22,23)15-4-3-5-16(14-15)26-11-8-25(9-12-26)10-13-27-18-7-2-1-6-17(18)24-19(27)28/h1-7,14H,8-13H2,(H,24,28)",PPRRDFIXUUSXRA-UHFFFAOYSA-N,390.41,390.41,3.17,44.27,1.0,4.0,0.0,1,CHEMBL231068,FLIBANSERIN,1,0.9653358221054076,True,True,True,1,False,C;F;N;O,,,False,False,28,4,False,0,0,390.4090000000001,44.27,3.170600000000002,1,3,4,False,,True,ligands_pdbqt/CHEMBL231068.pdbqt,-5.936,completed,vina_screening_full/poses/CHEMBL231068_out.pdbqt,vina_screening_full/logs/CHEMBL231068.log,535
CHEMBL1518,PROPYLTHIOURACIL,Small molecule,4.0,1947.0,0,CCCc1cc(=O)[nH]c(=S)[nH]1,"InChI=1S/C7H10N2OS/c1-2-3-5-4-6(10)9-7(11)8-5/h4H,2-3H2,1H3,(H2,8,9,10,11)",KNAHARQHSZJURB-UHFFFAOYSA-N,170.24,170.24,1.38,48.65,2.0,2.0,0.0,1,CHEMBL1518,PROPYLTHIOURACIL,1,0.5760144174098969,True,False,True,1,False,C;N;O;S,,,False,False,11,2,False,0,0,170.237,48.65,1.38499,2,2,1,False,,True,ligands_pdbqt/CHEMBL1518.pdbqt,-5.931,completed,vina_screening_full/poses/CHEMBL1518_out.pdbqt,vina_screening_full/logs/CHEMBL1518.log,536
CHEMBL1643,RIBAVIRIN,Small molecule,4.0,1985.0,0,NC(=O)c1ncn([C@@H]2O[C@H](CO)[C@@H](O)[C@H]2O)n1,"InChI=1S/C8H12N4O5/c9-6(16)7-10-2-12(11-7)8-5(15)4(14)3(1-13)17-8/h2-5,8,13-15H,1H2,(H2,9,16)/t3-,4-,5-,8-/m1/s1",IWUCXVSUMQZMFG-AFCXAGJDSA-N,244.21,244.21,-3.01,143.72,4.0,8.0,0.0,1,CHEMBL1643,RIBAVIRIN,1,0.5714642345905304,True,False,True,1,False,C;N;O,,,False,False,17,3,False,0,0,244.207,143.72000000000003,-3.0114999999999994,4,7,2,False,,True,ligands_pdbqt/CHEMBL1643.pdbqt,-5.928,completed,vina_screening_full/poses/CHEMBL1643_out.pdbqt,vina_screening_full/logs/CHEMBL1643.log,537
CHEMBL2104993,VORTIOXETINE,Small molecule,4.0,2013.0,0,Cc1ccc(Sc2ccccc2N2CCNCC2)c(C)c1,"InChI=1S/C18H22N2S/c1-14-7-8-17(15(2)13-14)21-18-6-4-3-5-16(18)20-11-9-19-10-12-20/h3-8,13,19H,9-12H2,1-2H3",YQNWZWMKLDQSAC-UHFFFAOYSA-N,298.46,298.46,3.86,15.27,1.0,3.0,0.0,2,CHEMBL2104993;CHEMBL2107387,VORTIOXETINE;VORTIOXETINE HYDROBROMIDE,1,0.9904917001724244,True,True,True,1,False,C;N;S,,,False,False,21,3,False,0,0,298.4550000000001,15.27,3.8642400000000015,1,3,3,False,,True,ligands_pdbqt/CHEMBL2104993.pdbqt,-5.928,completed,vina_screening_full/poses/CHEMBL2104993_out.pdbqt,vina_screening_full/logs/CHEMBL2104993.log,538
CHEMBL502,DONEPEZIL,Small molecule,4.0,1996.0,0,COc1cc2c(cc1OC)C(=O)C(CC1CCN(Cc3ccccc3)CC1)C2,"InChI=1S/C24H29NO3/c1-27-22-14-19-13-20(24(26)21(19)15-23(22)28-2)12-17-8-10-25(11-9-17)16-18-6-4-3-5-7-18/h3-7,14-15,17,20H,8-13,16H2,1-2H3",ADEBPBSSDYVVLD-UHFFFAOYSA-N,379.5,379.5,4.36,38.77,0.0,4.0,0.0,2,CHEMBL1678;CHEMBL502,DONEPEZIL;DONEPEZIL HYDROCHLORIDE,1,0.991193664073944,True,True,True,1,False,C;N;O,,,False,False,28,6,False,0,0,379.50000000000017,38.77,4.361100000000004,0,4,4,False,,True,ligands_pdbqt/CHEMBL502.pdbqt,-5.927,completed,vina_screening_full/poses/CHEMBL502_out.pdbqt,vina_screening_full/logs/CHEMBL502.log,539
CHEMBL986,RETINOL,Small molecule,4.0,1982.0,0,CC1=C(/C=C/C(C)=C/C=C/C(C)=C/CO)C(C)(C)CCC1,"InChI=1S/C20H30O/c1-16(8-6-9-17(2)13-15-21)11-12-19-18(3)10-7-14-20(19,4)5/h6,8-9,11-13,21H,7,10,14-15H2,1-5H3/b9-6+,12-11+,16-8+,17-13+",FPIPGXGPPPQFEQ-OVSJKPMPSA-N,286.46,286.46,5.51,20.23,1.0,1.0,1.0,1,CHEMBL986,RETINOL,1,0.911884343624115,True,True,True,1,False,C;O,,,False,False,21,5,False,0,0,286.45900000000006,20.23,5.510300000000006,1,1,1,False,,True,ligands_pdbqt/CHEMBL986.pdbqt,-5.926,completed,vina_screening_full/poses/CHEMBL986_out.pdbqt,vina_screening_full/logs/CHEMBL986.log,540
CHEMBL1200733,DESFLURANE,Small molecule,4.0,1992.0,0,FC(F)OC(F)C(F)(F)F,"InChI=1S/C3H2F6O/c4-1(3(7,8)9)10-2(5)6/h1-2H",DPYMFVXJLLWWEU-UHFFFAOYSA-N,168.04,168.04,2.08,9.23,0.0,1.0,0.0,1,CHEMBL1200733,DESFLURANE,1,0.9996688842773438,True,True,True,1,False,C;F;O,,,False,False,10,2,False,0,0,168.03599999999997,9.23,2.0835,0,1,0,False,,True,ligands_pdbqt/CHEMBL1200733.pdbqt,-5.923,completed,vina_screening_full/poses/CHEMBL1200733_out.pdbqt,vina_screening_full/logs/CHEMBL1200733.log,541
CHEMBL513,CARMUSTINE,Small molecule,4.0,1977.0,0,O=NN(CCCl)C(=O)NCCCl,"InChI=1S/C5H9Cl2N3O2/c6-1-3-8-5(11)10(9-12)4-2-7/h1-4H2,(H,8,11)",DLGOEMSEDOSKAD-UHFFFAOYSA-N,214.05,214.05,1.16,61.77,1.0,3.0,0.0,1,CHEMBL513,CARMUSTINE,1,0.982338273525238,True,True,True,1,False,C;Cl;N;O,,,False,False,12,5,False,0,0,214.052,61.77,1.157,1,3,0,False,,True,ligands_pdbqt/CHEMBL513.pdbqt,-5.921,completed,vina_screening_full/poses/CHEMBL513_out.pdbqt,vina_screening_full/logs/CHEMBL513.log,542
CHEMBL95,TACRINE,Small molecule,4.0,1993.0,0,Nc1c2c(nc3ccccc13)CCCC2,"InChI=1S/C13H14N2/c14-13-9-5-1-3-7-11(9)15-12-8-4-2-6-10(12)13/h1,3,5,7H,2,4,6,8H2,(H2,14,15)",YLJREFDVOIBQDA-UHFFFAOYSA-N,198.27,198.27,2.7,38.91,1.0,2.0,0.0,2,CHEMBL1677;CHEMBL95,TACRINE;TACRINE HYDROCHLORIDE,1,0.9932854175567628,True,True,True,1,False,C;N,,,False,False,15,0,False,0,0,198.26899999999992,38.91,2.695800000000001,1,2,3,False,,True,ligands_pdbqt/CHEMBL95.pdbqt,-5.914,completed,vina_screening_full/poses/CHEMBL95_out.pdbqt,vina_screening_full/logs/CHEMBL95.log,543
CHEMBL1200660,ISOSORBIDE,Small molecule,4.0,1974.0,0,O[C@@H]1CO[C@H]2[C@@H]1OC[C@@H]2O,"InChI=1S/C6H10O4/c7-3-1-9-6-4(8)2-10-5(3)6/h3-8H,1-2H2/t3-,4+,5-,6-/m1/s1",KLDXJTOLSGUMSJ-JGWLITMVSA-N,146.14,146.14,-1.49,58.92,2.0,4.0,0.0,1,CHEMBL1200660,ISOSORBIDE,1,0.8385591387748719,True,True,True,1,False,C;O,,,False,False,10,0,False,0,0,146.142,58.92,-1.4942000000000004,2,4,2,False,,True,ligands_pdbqt/CHEMBL1200660.pdbqt,-5.914,completed,vina_screening_full/poses/CHEMBL1200660_out.pdbqt,vina_screening_full/logs/CHEMBL1200660.log,544
CHEMBL1109,SULFAPHENAZOLE,Small molecule,4.0,1982.0,0,Nc1ccc(S(=O)(=O)Nc2ccnn2-c2ccccc2)cc1,"InChI=1S/C15H14N4O2S/c16-12-6-8-14(9-7-12)22(20,21)18-15-10-11-17-19(15)13-4-2-1-3-5-13/h1-11,18H,16H2",QWCJHSGMANYXCW-UHFFFAOYSA-N,314.37,314.37,2.26,90.01,2.0,5.0,0.0,1,CHEMBL1109,SULFAPHENAZOLE,1,0.6494406580924987,True,False,True,1,False,C;N;O;S,,,False,False,22,4,False,0,0,314.37000000000006,90.00999999999999,2.2553,2,4,3,False,,True,ligands_pdbqt/CHEMBL1109.pdbqt,-5.907,completed,vina_screening_full/poses/CHEMBL1109_out.pdbqt,vina_screening_full/logs/CHEMBL1109.log,545
CHEMBL623,NEFAZODONE,Small molecule,4.0,1994.0,1,CCc1nn(CCCN2CCN(c3cccc(Cl)c3)CC2)c(=O)n1CCOc1ccccc1,"InChI=1S/C25H32ClN5O2/c1-2-24-27-31(25(32)30(24)18-19-33-23-10-4-3-5-11-23)13-7-12-28-14-16-29(17-15-28)22-9-6-8-21(26)20-22/h3-6,8-11,20H,2,7,12-19H2,1H3",VRBKIVRKKCLPHA-UHFFFAOYSA-N,470.02,470.02,3.55,55.53,0.0,7.0,0.0,2,CHEMBL1200492;CHEMBL623,NEFAZODONE;NEFAZODONE HYDROCHLORIDE,1,0.8500419616699219,True,True,True,1,False,C;Cl;N;O,,,False,False,33,10,False,0,0,470.01700000000034,55.53,3.5519000000000025,0,5,4,False,,True,ligands_pdbqt/CHEMBL623.pdbqt,-5.905,completed,vina_screening_full/poses/CHEMBL623_out.pdbqt,vina_screening_full/logs/CHEMBL623.log,546
CHEMBL1098,BUPIVACAINE,Small molecule,4.0,1972.0,0,CCCCN1CCCCC1C(=O)Nc1c(C)cccc1C,"InChI=1S/C18H28N2O/c1-4-5-12-20-13-7-6-11-16(20)18(21)19-17-14(2)9-8-10-15(17)3/h8-10,16H,4-7,11-13H2,1-3H3,(H,19,21)",LEBVLXFERQHONN-UHFFFAOYSA-N,288.44,288.44,3.9,32.34,1.0,2.0,0.0,2,CHEMBL1098;CHEMBL1200396,BUPIVACAINE;BUPIVACAINE HYDROCHLORIDE,1,0.9985517501831056,True,True,True,1,False,C;N;O,,,False,False,21,5,False,0,0,288.43500000000006,32.34,3.8965400000000026,1,2,2,False,,True,ligands_pdbqt/CHEMBL1098.pdbqt,-5.9,completed,vina_screening_full/poses/CHEMBL1098_out.pdbqt,vina_screening_full/logs/CHEMBL1098.log,547
CHEMBL2111101,PIMAVANSERIN,Small molecule,4.0,2016.0,0,CC(C)COc1ccc(CNC(=O)N(Cc2ccc(F)cc2)C2CCN(C)CC2)cc1,"InChI=1S/C25H34FN3O2/c1-19(2)18-31-24-10-6-20(7-11-24)16-27-25(30)29(23-12-14-28(3)15-13-23)17-21-4-8-22(26)9-5-21/h4-11,19,23H,12-18H2,1-3H3,(H,27,30)",RKEWSXXUOLRFBX-UHFFFAOYSA-N,427.56,427.56,4.67,44.81,1.0,3.0,0.0,2,CHEMBL2111101;CHEMBL2448613,PIMAVANSERIN;PIMAVANSERIN TARTRATE,1,0.8983702540397644,True,True,True,1,False,C;F;N;O,,,False,False,31,8,False,0,0,427.5640000000002,44.81,4.6665000000000045,1,3,3,False,,True,ligands_pdbqt/CHEMBL2111101.pdbqt,-5.897,completed,vina_screening_full/poses/CHEMBL2111101_out.pdbqt,vina_screening_full/logs/CHEMBL2111101.log,548
CHEMBL223448,BROXYQUINOLINE,Small molecule,4.0,,1,Oc1c(Br)cc(Br)c2cccnc12,"InChI=1S/C9H5Br2NO/c10-6-4-7(11)9(13)8-5(6)2-1-3-12-8/h1-4,13H",ZDASUJMDVPTNTF-UHFFFAOYSA-N,302.95,302.95,3.47,33.12,1.0,2.0,0.0,1,CHEMBL223448,BROXYQUINOLINE,1,0.7655492663383484,True,False,True,1,False,Br;C;N;O,,,False,False,13,0,False,0,0,302.95300000000003,33.120000000000005,3.4654000000000007,1,2,2,False,,True,ligands_pdbqt/CHEMBL223448.pdbqt,-5.894,completed,vina_screening_full/poses/CHEMBL223448_out.pdbqt,vina_screening_full/logs/CHEMBL223448.log,549
CHEMBL934,METYRAPONE,Small molecule,4.0,1961.0,0,CC(C)(C(=O)c1cccnc1)c1cccnc1,"InChI=1S/C14H14N2O/c1-14(2,12-6-4-8-16-10-12)13(17)11-5-3-7-15-9-11/h3-10H,1-2H3",FJLBFSROUSIWMA-UHFFFAOYSA-N,226.28,226.28,2.64,42.85,0.0,3.0,0.0,1,CHEMBL934,METYRAPONE,1,0.839152204990387,True,True,True,1,False,C;N;O,,,False,False,17,3,False,0,0,226.279,42.85,2.637100000000001,0,3,2,False,,True,ligands_pdbqt/CHEMBL934.pdbqt,-5.885,completed,vina_screening_full/poses/CHEMBL934_out.pdbqt,vina_screening_full/logs/CHEMBL934.log,550
CHEMBL485696,SULFISOMIDINE,Small molecule,4.0,,1,Cc1cc(NS(=O)(=O)c2ccc(N)cc2)nc(C)n1,"InChI=1S/C12H14N4O2S/c1-8-7-12(15-9(2)14-8)16-19(17,18)11-5-3-10(13)4-6-11/h3-7H,13H2,1-2H3,(H,14,15,16)",YZMCKZRAOLZXAZ-UHFFFAOYSA-N,278.34,278.34,1.48,97.97,2.0,5.0,0.0,1,CHEMBL485696,SULFISOMIDINE,1,0.8169079065322876,True,True,True,1,False,C;N;O;S,,,False,False,19,3,False,0,0,278.33700000000005,97.97,1.47644,2,5,2,False,,True,ligands_pdbqt/CHEMBL485696.pdbqt,-5.881,completed,vina_screening_full/poses/CHEMBL485696_out.pdbqt,vina_screening_full/logs/CHEMBL485696.log,551
CHEMBL1201308,IOFETAMINE,Small molecule,4.0,1987.0,0,CC(C)NC(C)Cc1ccc(I)cc1,"InChI=1S/C12H18IN/c1-9(2)14-10(3)8-11-4-6-12(13)7-5-11/h4-7,9-10,14H,8H2,1-3H3",ISEHJSHTIVKELA-UHFFFAOYSA-N,303.19,303.19,3.22,12.03,1.0,1.0,0.0,2,CHEMBL1200360;CHEMBL1201308,IOFETAMINE;IOFETAMINE HYDROCHLORIDE I 123,1,0.9687798142433166,True,True,True,1,False,C;I;N,,,False,False,14,4,False,0,0,303.187,12.03,3.220200000000002,1,1,1,False,,True,ligands_pdbqt/CHEMBL1201308.pdbqt,-5.871,completed,vina_screening_full/poses/CHEMBL1201308_out.pdbqt,vina_screening_full/logs/CHEMBL1201308.log,552
CHEMBL1257,ENFLURANE,Small molecule,4.0,1972.0,0,FC(F)OC(F)(F)C(F)Cl,"InChI=1S/C3H2ClF5O/c4-1(5)3(8,9)10-2(6)7/h1-2H",JPGQOUSTVILISH-UHFFFAOYSA-N,184.49,184.49,2.35,9.23,0.0,1.0,0.0,1,CHEMBL1257,ENFLURANE,1,0.9995413422584534,True,True,True,1,False,C;Cl;F;O,,,False,False,10,3,False,0,0,184.491,9.23,2.3528,0,1,0,False,,True,ligands_pdbqt/CHEMBL1257.pdbqt,-5.87,completed,vina_screening_full/poses/CHEMBL1257_out.pdbqt,vina_screening_full/logs/CHEMBL1257.log,553
CHEMBL1411979,METHAPYRILENE,Small molecule,4.0,,1,CN(C)CCN(Cc1cccs1)c1ccccn1,"InChI=1S/C14H19N3S/c1-16(2)9-10-17(12-13-6-5-11-18-13)14-7-3-4-8-15-14/h3-8,11H,9-10,12H2,1-2H3",HNJJXZKZRAWDPF-UHFFFAOYSA-N,261.39,261.39,2.71,19.37,0.0,4.0,0.0,3,CHEMBL1255739;CHEMBL1411979;CHEMBL3187246,METHAPYRILENE;METHAPYRILENE FUMARATE;METHAPYRILENE HYDROCHLORIDE,1,0.986321771144867,True,True,True,1,False,C;N;S,,,False,False,18,6,False,0,0,261.394,19.37,2.7113000000000005,0,4,2,False,,True,ligands_pdbqt/CHEMBL1411979.pdbqt,-5.867,completed,vina_screening_full/poses/CHEMBL1411979_out.pdbqt,vina_screening_full/logs/CHEMBL1411979.log,554
CHEMBL17157,TERFENADINE,Small molecule,4.0,1985.0,1,CC(C)(C)c1ccc(C(O)CCCN2CCC(C(O)(c3ccccc3)c3ccccc3)CC2)cc1,"InChI=1S/C32H41NO2/c1-31(2,3)26-18-16-25(17-19-26)30(34)15-10-22-33-23-20-29(21-24-33)32(35,27-11-6-4-7-12-27)28-13-8-5-9-14-28/h4-9,11-14,16-19,29-30,34-35H,10,15,20-24H2,1-3H3",GUGOEEXESWIERI-UHFFFAOYSA-N,471.69,471.69,6.45,43.7,2.0,3.0,1.0,1,CHEMBL17157,TERFENADINE,1,0.6382229804992676,True,False,True,1,False,C;N;O,,,False,False,35,8,False,0,0,471.6850000000001,43.7,6.445800000000008,2,3,4,False,,True,ligands_pdbqt/CHEMBL17157.pdbqt,-5.863,completed,vina_screening_full/poses/CHEMBL17157_out.pdbqt,vina_screening_full/logs/CHEMBL17157.log,555
CHEMBL36,PYRIMETHAMINE,Small molecule,4.0,1953.0,0,CCc1nc(N)nc(N)c1-c1ccc(Cl)cc1,"InChI=1S/C12H13ClN4/c1-2-9-10(11(14)17-12(15)16-9)7-3-5-8(13)6-4-7/h3-6H,2H2,1H3,(H4,14,15,16,17)",WKSAUQYGYAYLPV-UHFFFAOYSA-N,248.72,248.72,2.52,77.82,2.0,4.0,0.0,1,CHEMBL36,PYRIMETHAMINE,1,0.8735103487968445,True,True,True,1,False,C;Cl;N,,,False,False,17,2,False,0,0,248.71700000000004,77.82,2.5238000000000005,2,4,2,False,,True,ligands_pdbqt/CHEMBL36.pdbqt,-5.862,completed,vina_screening_full/poses/CHEMBL36_out.pdbqt,vina_screening_full/logs/CHEMBL36.log,556
CHEMBL477772,PAZOPANIB,Small molecule,4.0,2009.0,0,Cc1ccc(Nc2nccc(N(C)c3ccc4c(C)n(C)nc4c3)n2)cc1S(N)(=O)=O,"InChI=1S/C21H23N7O2S/c1-13-5-6-15(11-19(13)31(22,29)30)24-21-23-10-9-20(25-21)27(3)16-7-8-17-14(2)28(4)26-18(17)12-16/h5-12H,1-4H3,(H2,22,29,30)(H,23,24,25)",CUIHSIWYWATEQL-UHFFFAOYSA-N,437.53,437.53,3.14,119.03,2.0,8.0,0.0,2,CHEMBL1201733;CHEMBL477772,PAZOPANIB;PAZOPANIB HYDROCHLORIDE,1,0.7125302791595459,True,False,True,1,False,C;N;O;S,,,False,False,31,5,False,0,0,437.52900000000017,119.03,3.1390400000000005,2,7,4,False,,True,ligands_pdbqt/CHEMBL477772.pdbqt,-5.86,completed,vina_screening_full/poses/CHEMBL477772_out.pdbqt,vina_screening_full/logs/CHEMBL477772.log,557
CHEMBL1201256,TRIMETHOBENZAMIDE,Small molecule,4.0,1974.0,0,COc1cc(C(=O)NCc2ccc(OCCN(C)C)cc2)cc(OC)c1OC,"InChI=1S/C21H28N2O5/c1-23(2)10-11-28-17-8-6-15(7-9-17)14-22-21(24)16-12-18(25-3)20(27-5)19(13-16)26-4/h6-9,12-13H,10-11,14H2,1-5H3,(H,22,24)",FEZBIKUBAYAZIU-UHFFFAOYSA-N,388.46,388.46,2.58,69.26,1.0,6.0,0.0,2,CHEMBL1200887;CHEMBL1201256,TRIMETHOBENZAMIDE;TRIMETHOBENZAMIDE HYDROCHLORIDE,1,0.6657511949539184,True,False,True,1,False,C;N;O,,,False,False,28,10,False,0,0,388.46400000000017,69.26,2.5828000000000007,1,6,2,False,,True,ligands_pdbqt/CHEMBL1201256.pdbqt,-5.855,completed,vina_screening_full/poses/CHEMBL1201256_out.pdbqt,vina_screening_full/logs/CHEMBL1201256.log,558
CHEMBL1229,OSELTAMIVIR,Small molecule,4.0,1999.0,0,CCOC(=O)C1=C[C@@H](OC(CC)CC)[C@H](NC(C)=O)[C@@H](N)C1,"InChI=1S/C16H28N2O4/c1-5-12(6-2)22-14-9-11(16(20)21-7-3)8-13(17)15(14)18-10(4)19/h9,12-15H,5-8,17H2,1-4H3,(H,18,19)/t13-,14+,15+/m0/s1",VSZGPKBBMSAYNT-RRFJBIMHSA-N,312.41,312.41,1.29,90.65,2.0,5.0,0.0,2,CHEMBL1200340;CHEMBL1229,OSELTAMIVIR;OSELTAMIVIR PHOSPHATE,1,0.8604836583137512,True,True,True,1,False,C;N;O,,,False,False,22,7,False,0,0,312.41,90.65,1.2853999999999997,2,5,1,False,,True,ligands_pdbqt/CHEMBL1229.pdbqt,-5.852,completed,vina_screening_full/poses/CHEMBL1229_out.pdbqt,vina_screening_full/logs/CHEMBL1229.log,559
CHEMBL499,TIMOLOL,Small molecule,4.0,1978.0,0,CC(C)(C)NC[C@H](O)COc1nsnc1N1CCOCC1,"InChI=1S/C13H24N4O3S/c1-13(2,3)14-8-10(18)9-20-12-11(15-21-16-12)17-4-6-19-7-5-17/h10,14,18H,4-9H2,1-3H3/t10-/m0/s1",BLJRIMJGRPQVNF-JTQLQIEISA-N,316.43,316.43,0.5,79.74,2.0,8.0,0.0,2,CHEMBL1200870;CHEMBL499,TIMOLOL;TIMOLOL MALEATE,1,0.7550707459449768,True,False,True,1,False,C;N;O;S,,,False,False,21,6,False,0,0,316.4270000000002,79.74,0.5024999999999997,2,8,2,False,,True,ligands_pdbqt/CHEMBL499.pdbqt,-5.847,completed,vina_screening_full/poses/CHEMBL499_out.pdbqt,vina_screening_full/logs/CHEMBL499.log,560
CHEMBL865,VALDECOXIB,Small molecule,4.0,2001.0,1,Cc1onc(-c2ccccc2)c1-c1ccc(S(N)(=O)=O)cc1,"InChI=1S/C16H14N2O3S/c1-11-15(12-7-9-14(10-8-12)22(17,19)20)16(18-21-11)13-5-3-2-4-6-13/h2-10H,1H3,(H2,17,19,20)",LNPDTQAFDNKSHK-UHFFFAOYSA-N,314.37,314.37,2.96,86.19,1.0,4.0,0.0,1,CHEMBL865,VALDECOXIB,1,0.765860116481781,True,False,True,1,False,C;N;O;S,,,False,False,22,3,False,0,0,314.36600000000004,86.19,2.9644200000000005,1,4,3,False,,True,ligands_pdbqt/CHEMBL865.pdbqt,-5.847,completed,vina_screening_full/poses/CHEMBL865_out.pdbqt,vina_screening_full/logs/CHEMBL865.log,561
CHEMBL117287,PRUCALOPRIDE,Small molecule,4.0,2009.0,0,COCCCN1CCC(NC(=O)c2cc(Cl)c(N)c3c2OCC3)CC1,"InChI=1S/C18H26ClN3O3/c1-24-9-2-6-22-7-3-12(4-8-22)21-18(23)14-11-15(19)16(20)13-5-10-25-17(13)14/h11-12H,2-10,20H2,1H3,(H,21,23)",ZPMNHBXQOOVQJL-UHFFFAOYSA-N,367.88,367.88,2.09,76.82,2.0,5.0,0.0,2,CHEMBL117287;CHEMBL2105748,PRUCALOPRIDE;PRUCALOPRIDE SUCCINATE,1,0.9898585319519044,True,True,True,1,False,C;Cl;N;O,,,False,False,25,6,False,0,0,367.8770000000003,76.82000000000001,2.0878,2,5,3,False,,True,ligands_pdbqt/CHEMBL117287.pdbqt,-5.845,completed,vina_screening_full/poses/CHEMBL117287_out.pdbqt,vina_screening_full/logs/CHEMBL117287.log,562
CHEMBL1538,TENOFOVIR DISOPROXIL,Small molecule,4.0,2001.0,0,CC(C)OC(=O)OCOP(=O)(CO[C@H](C)Cn1cnc2c(N)ncnc21)OCOC(=O)OC(C)C,"InChI=1S/C19H30N5O10P/c1-12(2)33-18(25)28-9-31-35(27,32-10-29-19(26)34-13(3)4)11-30-14(5)6-24-8-23-15-16(20)21-7-22-17(15)24/h7-8,12-14H,6,9-11H2,1-5H3,(H2,20,21,22)/t14-/m1/s1",JFVZFKDSXNQEJW-CQSZACIVSA-N,519.45,519.45,3.04,185.44,1.0,15.0,2.0,4,CHEMBL1486;CHEMBL1538;CHEMBL6068332;CHEMBL6068341,TENOFOVIR DISOPROXIL;TENOFOVIR DISOPROXIL FUMARATE;TENOFOVIR DISOPROXIL MALEATE;TENOFOVIR DISOPROXIL PHOSPHATE,1,0.913126528263092,True,True,True,1,False,C;N;O;P,,,False,False,35,13,False,0,0,519.4480000000002,185.44,3.0356000000000014,1,14,2,False,,True,ligands_pdbqt/CHEMBL1538.pdbqt,-5.842,completed,vina_screening_full/poses/CHEMBL1538_out.pdbqt,vina_screening_full/logs/CHEMBL1538.log,563
CHEMBL573,NIACIN,Small molecule,4.0,1982.0,0,O=C(O)c1cccnc1,"InChI=1S/C6H5NO2/c8-6(9)5-2-1-3-7-4-5/h1-4H,(H,8,9)",PVNIIMVLHYAWGP-UHFFFAOYSA-N,123.11,123.11,0.78,50.19,1.0,2.0,0.0,1,CHEMBL573,NIACIN,1,0.5815303206443787,True,False,True,1,False,C;N;O,,,False,False,9,1,False,0,0,123.11099999999998,50.19,0.7797999999999999,1,2,1,False,,True,ligands_pdbqt/CHEMBL573.pdbqt,-5.841,completed,vina_screening_full/poses/CHEMBL573_out.pdbqt,vina_screening_full/logs/CHEMBL573.log,564
CHEMBL1229517,VEMURAFENIB,Small molecule,4.0,2011.0,0,CCCS(=O)(=O)Nc1ccc(F)c(C(=O)c2c[nH]c3ncc(-c4ccc(Cl)cc4)cc23)c1F,"InChI=1S/C23H18ClF2N3O3S/c1-2-9-33(31,32)29-19-8-7-18(25)20(21(19)26)22(30)17-12-28-23-16(17)10-14(11-27-23)13-3-5-15(24)6-4-13/h3-8,10-12,29H,2,9H2,1H3,(H,27,28)",GPXBXXGIAQBQNI-UHFFFAOYSA-N,489.93,489.93,5.54,91.92,2.0,4.0,1.0,1,CHEMBL1229517,VEMURAFENIB,1,0.5787067234516143,True,False,True,1,False,C;Cl;F;N;O;S,,,False,False,33,7,False,0,0,489.9310000000001,91.92,5.544200000000004,2,4,4,False,,True,ligands_pdbqt/CHEMBL1229517.pdbqt,-5.84,completed,vina_screening_full/poses/CHEMBL1229517_out.pdbqt,vina_screening_full/logs/CHEMBL1229517.log,565
CHEMBL1159,PINACIDIL ANHYDROUS,Small molecule,4.0,1989.0,0,CC(N/C(=N\C#N)Nc1ccncc1)C(C)(C)C,"InChI=1S/C13H19N5/c1-10(13(2,3)4)17-12(16-9-14)18-11-5-7-15-8-6-11/h5-8,10H,1-4H3,(H2,15,16,17,18)",IVVNZDGDKPTYHK-UHFFFAOYSA-N,245.33,245.33,2.35,73.1,2.0,3.0,0.0,2,CHEMBL1159;CHEMBL1200338,PINACIDIL;PINACIDIL ANHYDROUS,1,0.7645304441452027,True,False,True,1,False,C;N,,,False,False,18,2,False,0,0,245.33,73.1,2.3547800000000008,2,3,1,False,,True,ligands_pdbqt/CHEMBL1159.pdbqt,-5.832,completed,vina_screening_full/poses/CHEMBL1159_out.pdbqt,vina_screening_full/logs/CHEMBL1159.log,566
CHEMBL752,ADENOSINE PHOSPHATE,Small molecule,4.0,,1,Nc1ncnc2c1ncn2[C@@H]1O[C@H](COP(=O)(O)O)[C@@H](O)[C@H]1O,"InChI=1S/C10H14N5O7P/c11-8-5-9(13-2-12-8)15(3-14-5)10-7(17)6(16)4(22-10)1-21-23(18,19)20/h2-4,6-7,10,16-17H,1H2,(H2,11,12,13)(H2,18,19,20)/t4-,6-,7-,10-/m1/s1",UDMBCSSLTHHNCD-KQYNXXCUSA-N,347.22,347.22,-1.86,186.07,5.0,10.0,0.0,1,CHEMBL752,ADENOSINE PHOSPHATE,1,0.8266593098640442,True,True,True,1,False,C;N;O;P,,,False,False,23,4,False,0,0,347.224,186.07,-1.8630000000000009,5,9,3,False,,True,ligands_pdbqt/CHEMBL752.pdbqt,-5.829,completed,vina_screening_full/poses/CHEMBL752_out.pdbqt,vina_screening_full/logs/CHEMBL752.log,567
CHEMBL139,DICLOFENAC,Small molecule,4.0,1988.0,0,O=C(O)Cc1ccccc1Nc1c(Cl)cccc1Cl,"InChI=1S/C14H11Cl2NO2/c15-10-5-3-6-11(16)14(10)17-12-7-2-1-4-9(12)8-13(18)19/h1-7,17H,8H2,(H,18,19)",DCOPUUMXTXDBNB-UHFFFAOYSA-N,296.15,296.15,4.36,49.33,2.0,2.0,0.0,4,CHEMBL1034;CHEMBL1200804;CHEMBL1201180;CHEMBL139,DICLOFENAC;DICLOFENAC EPOLAMINE;DICLOFENAC POTASSIUM;DICLOFENAC SODIUM,1,0.6119113326072693,True,False,True,1,False,C;Cl;N;O,,,False,False,19,4,False,0,0,296.153,49.33,4.364100000000001,2,2,2,False,,True,ligands_pdbqt/CHEMBL139.pdbqt,-5.824,completed,vina_screening_full/poses/CHEMBL139_out.pdbqt,vina_screening_full/logs/CHEMBL139.log,568
CHEMBL1503,OMEPRAZOLE,Small molecule,4.0,1989.0,0,COc1ccc2[nH]c([S+]([O-])Cc3ncc(C)c(OC)c3C)nc2c1,"InChI=1S/C17H19N3O3S/c1-10-8-18-15(11(2)16(10)23-4)9-24(21)17-19-13-6-5-12(22-3)7-14(13)20-17/h5-8H,9H2,1-4H3,(H,19,20)",SUBDBMMJDZJVOS-UHFFFAOYSA-N,345.42,345.42,2.9,83.09,1.0,5.0,0.0,2,CHEMBL1503;CHEMBL1567328,OMEPRAZOLE;OMEPRAZOLE MAGNESIUM,1,0.6746987462043762,True,False,True,1,False,C;N;O;S,,,False,False,24,5,False,0,0,345.4240000000001,83.09,2.8997400000000013,1,5,3,False,,True,ligands_pdbqt/CHEMBL1503.pdbqt,-5.815,completed,vina_screening_full/poses/CHEMBL1503_out.pdbqt,vina_screening_full/logs/CHEMBL1503.log,569
CHEMBL91,MICONAZOLE,Small molecule,4.0,1974.0,0,Clc1ccc(COC(Cn2ccnc2)c2ccc(Cl)cc2Cl)c(Cl)c1,"InChI=1S/C18H14Cl4N2O/c19-13-2-1-12(16(21)7-13)10-25-18(9-24-6-5-23-11-24)15-4-3-14(20)8-17(15)22/h1-8,11,18H,9-10H2",BYBLEWFAAKGYCD-UHFFFAOYSA-N,416.13,416.13,6.45,27.05,0.0,3.0,1.0,2,CHEMBL1559;CHEMBL91,MICONAZOLE;MICONAZOLE NITRATE,1,0.6415629148483276,True,False,True,1,False,C;Cl;N;O,,,False,False,25,6,False,0,0,416.1350000000001,27.05,6.454800000000002,0,2,3,False,,True,ligands_pdbqt/CHEMBL91.pdbqt,-5.806,completed,vina_screening_full/poses/CHEMBL91_out.pdbqt,vina_screening_full/logs/CHEMBL91.log,570
CHEMBL1256,ISOFLURANE,Small molecule,4.0,1979.0,0,FC(F)OC(Cl)C(F)(F)F,"InChI=1S/C3H2ClF5O/c4-1(3(7,8)9)10-2(5)6/h1-2H",PIWKPBJCKXDKJR-UHFFFAOYSA-N,184.49,184.49,2.35,9.23,0.0,1.0,0.0,1,CHEMBL1256,ISOFLURANE,1,0.9996579170227052,True,True,True,1,False,C;Cl;F;O,,,False,False,10,2,False,0,0,184.491,9.23,2.3528,0,1,0,False,,True,ligands_pdbqt/CHEMBL1256.pdbqt,-5.801,completed,vina_screening_full/poses/CHEMBL1256_out.pdbqt,vina_screening_full/logs/CHEMBL1256.log,571
CHEMBL1670,MITOTANE,Small molecule,4.0,1970.0,0,Clc1ccc(C(c2ccccc2Cl)C(Cl)Cl)cc1,"InChI=1S/C14H10Cl4/c15-10-7-5-9(6-8-10)13(14(17)18)11-3-1-2-4-12(11)16/h1-8,13-14H",JWBOIMRXGHLCPP-UHFFFAOYSA-N,320.05,320.05,5.93,0.0,0.0,0.0,1.0,1,CHEMBL1670,MITOTANE,1,0.8597662806510925,True,True,True,1,False,C;Cl,,,False,False,18,3,False,0,0,320.04600000000005,0.0,5.929000000000002,0,0,2,False,,True,ligands_pdbqt/CHEMBL1670.pdbqt,-5.796,completed,vina_screening_full/poses/CHEMBL1670_out.pdbqt,vina_screening_full/logs/CHEMBL1670.log,572
CHEMBL3786343,OLMUTINIB,Small molecule,4.0,2016.0,0,C=CC(=O)Nc1cccc(Oc2nc(Nc3ccc(N4CCN(C)CC4)cc3)nc3ccsc23)c1,"InChI=1S/C26H26N6O2S/c1-3-23(33)27-19-5-4-6-21(17-19)34-25-24-22(11-16-35-24)29-26(30-25)28-18-7-9-20(10-8-18)32-14-12-31(2)13-15-32/h3-11,16-17H,1,12-15H2,2H3,(H,27,33)(H,28,29,30)",FDMQDKQUTRLUBU-UHFFFAOYSA-N,486.6,486.6,5.1,82.62,2.0,8.0,1.0,1,CHEMBL3786343,OLMUTINIB,1,0.6121428310871124,True,False,True,1,False,C;N;O;S,,,False,False,35,7,False,0,0,486.6010000000003,82.61999999999999,5.103500000000004,2,8,5,False,,True,ligands_pdbqt/CHEMBL3786343.pdbqt,-5.79,completed,vina_screening_full/poses/CHEMBL3786343_out.pdbqt,vina_screening_full/logs/CHEMBL3786343.log,573
CHEMBL533,IBUTILIDE,Small molecule,4.0,1995.0,0,CCCCCCCN(CC)CCCC(O)c1ccc(NS(C)(=O)=O)cc1,"InChI=1S/C20H36N2O3S/c1-4-6-7-8-9-16-22(5-2)17-10-11-20(23)18-12-14-19(15-13-18)21-26(3,24)25/h12-15,20-21,23H,4-11,16-17H2,1-3H3",ALOBUEHUHMBRLE-UHFFFAOYSA-N,384.59,384.59,4.16,69.64,2.0,4.0,0.0,2,CHEMBL2355456;CHEMBL533,IBUTILIDE;IBUTILIDE FUMARATE,1,0.904199242591858,True,True,True,1,False,C;N;O;S,,,False,False,26,14,False,0,0,384.58600000000007,69.64,4.164000000000003,2,4,1,False,,True,ligands_pdbqt/CHEMBL533.pdbqt,-5.787,completed,vina_screening_full/poses/CHEMBL533_out.pdbqt,vina_screening_full/logs/CHEMBL533.log,574
CHEMBL451,CHLORDIAZEPOXIDE,Small molecule,4.0,1960.0,0,CNC1=Nc2ccc(Cl)cc2C(c2ccccc2)=[N+]([O-])C1,"InChI=1S/C16H14ClN3O/c1-18-15-10-20(21)16(11-5-3-2-4-6-11)13-9-12(17)7-8-14(13)19-15/h2-9H,10H2,1H3,(H,18,19)",ANTSCNMPPGJYLG-UHFFFAOYSA-N,299.76,299.76,2.95,50.46,1.0,3.0,0.0,2,CHEMBL1200703;CHEMBL451,CHLORDIAZEPOXIDE;CHLORDIAZEPOXIDE HYDROCHLORIDE,1,0.9375707030296324,True,True,True,1,False,C;Cl;N;O,,,False,False,21,1,False,0,0,299.761,50.46,2.950700000000001,1,3,3,False,,True,ligands_pdbqt/CHEMBL451.pdbqt,-5.783,completed,vina_screening_full/poses/CHEMBL451_out.pdbqt,vina_screening_full/logs/CHEMBL451.log,575
CHEMBL1488,URACIL MUSTARD,Small molecule,4.0,1962.0,0,Oc1ncc(N(CCCl)CCCl)c(O)n1,"InChI=1S/C8H11Cl2N3O2/c9-1-3-13(4-2-10)6-5-11-8(15)12-7(6)14/h5H,1-4H2,(H2,11,12,14,15)",IDPUKCWIGUEADI-UHFFFAOYSA-N,252.1,252.1,1.17,69.48,2.0,5.0,0.0,1,CHEMBL1488,URACIL MUSTARD,1,0.8036417841911316,True,True,True,1,False,C;Cl;N;O,,,False,False,15,5,False,0,0,252.101,69.48,1.1718,2,5,1,False,,True,ligands_pdbqt/CHEMBL1488.pdbqt,-5.778,completed,vina_screening_full/poses/CHEMBL1488_out.pdbqt,vina_screening_full/logs/CHEMBL1488.log,576
CHEMBL808,ECONAZOLE,Small molecule,4.0,1982.0,0,Clc1ccc(COC(Cn2ccnc2)c2ccc(Cl)cc2Cl)cc1,"InChI=1S/C18H15Cl3N2O/c19-14-3-1-13(2-4-14)11-24-18(10-23-8-7-22-12-23)16-6-5-15(20)9-17(16)21/h1-9,12,18H,10-11H2",LEZWWPYKPKIXLL-UHFFFAOYSA-N,381.69,381.69,5.8,27.05,0.0,3.0,1.0,2,CHEMBL1201049;CHEMBL808,ECONAZOLE;ECONAZOLE NITRATE,1,0.5903882205486297,True,False,True,1,False,C;Cl;N;O,,,False,False,24,6,False,0,0,381.69000000000005,27.05,5.801400000000003,0,2,3,False,,True,ligands_pdbqt/CHEMBL808.pdbqt,-5.766,completed,vina_screening_full/poses/CHEMBL808_out.pdbqt,vina_screening_full/logs/CHEMBL808.log,577
CHEMBL24944,TRIBROMSALAN,Small molecule,4.0,,1,O=C(Nc1ccc(Br)cc1)c1cc(Br)cc(Br)c1O,"InChI=1S/C13H8Br3NO2/c14-7-1-3-9(4-2-7)17-13(19)10-5-8(15)6-11(16)12(10)18/h1-6,18H,(H,17,19)",KVSKGMLNBAPGKH-UHFFFAOYSA-N,449.92,449.92,4.93,49.33,2.0,2.0,0.0,1,CHEMBL24944,TRIBROMSALAN,1,0.5940518319606781,True,False,True,1,False,Br;C;N;O,,,False,False,19,2,False,0,0,449.924,49.33,4.932000000000001,2,2,2,False,,True,ligands_pdbqt/CHEMBL24944.pdbqt,-5.765,completed,vina_screening_full/poses/CHEMBL24944_out.pdbqt,vina_screening_full/logs/CHEMBL24944.log,578
CHEMBL1547,THIAMINE ION,Small molecule,4.0,1982.0,0,Cc1ncc(C[n+]2csc(CCO)c2C)c(N)n1,"InChI=1S/C12H17N4OS/c1-8-11(3-4-17)18-7-16(8)6-10-5-14-9(2)15-12(10)13/h5,7,17H,3-4,6H2,1-2H3,(H2,13,14,15)/q+1",JZRWCGZRTZMZEH-UHFFFAOYSA-N,265.36,265.36,0.61,75.91,2.0,5.0,0.0,3,CHEMBL1200941;CHEMBL1547;CHEMBL1588,THIAMINE;THIAMINE HYDROCHLORIDE;THIAMINE ION,1,0.7609303236007691,True,False,True,1,False,C;N;O;S,,,False,False,18,4,False,1,1,265.362,75.91,0.60774,2,5,2,False,,True,ligands_pdbqt/CHEMBL1547.pdbqt,-5.763,completed,vina_screening_full/poses/CHEMBL1547_out.pdbqt,vina_screening_full/logs/CHEMBL1547.log,579
CHEMBL1220,TINIDAZOLE,Small molecule,4.0,2004.0,0,CCS(=O)(=O)CCn1c([N+](=O)[O-])cnc1C,"InChI=1S/C8H13N3O4S/c1-3-16(14,15)5-4-10-7(2)9-6-8(10)11(12)13/h6H,3-5H2,1-2H3",HJLSLZFTEKNLFI-UHFFFAOYSA-N,247.28,247.28,0.53,95.1,0.0,6.0,0.0,1,CHEMBL1220,TINIDAZOLE,1,0.9871012091636656,True,True,True,1,False,C;N;O;S,,,False,False,16,5,False,0,0,247.276,95.1,0.5344200000000001,0,5,1,False,,True,ligands_pdbqt/CHEMBL1220.pdbqt,-5.763,completed,vina_screening_full/poses/CHEMBL1220_out.pdbqt,vina_screening_full/logs/CHEMBL1220.log,580
CHEMBL1420,PRALIDOXIME,Small molecule,4.0,1964.0,0,C[n+]1ccccc1C=NO,"InChI=1S/C7H8N2O/c1-9-5-3-2-4-7(9)6-8-10/h2-6H,1H3/p+1",JBKPUQTUERUYQE-UHFFFAOYSA-O,137.16,137.16,0.32,36.47,1.0,2.0,0.0,2,CHEMBL1420;CHEMBL748,PRALIDOXIME;PRALIDOXIME CHLORIDE,1,0.6068332582712174,True,False,True,1,False,C;N;O,,,False,False,10,1,False,1,1,137.162,36.47,0.3191999999999999,1,2,1,False,,True,ligands_pdbqt/CHEMBL1420.pdbqt,-5.759,completed,vina_screening_full/poses/CHEMBL1420_out.pdbqt,vina_screening_full/logs/CHEMBL1420.log,581
CHEMBL1236315,TARTARIC ACID,Small molecule,4.0,1985.0,0,O=C(O)[C@H](O)[C@@H](O)C(=O)O,"InChI=1S/C4H6O6/c5-1(3(7)8)2(6)4(9)10/h1-2,5-6H,(H,7,8)(H,9,10)/t1-,2-/m1/s1",FEWJPZIEWOKRBE-JCYAYHJZSA-N,150.09,150.09,-2.12,115.06,4.0,4.0,0.0,1,CHEMBL1236315,TARTARIC ACID,1,0.6973186016082764,True,False,True,1,False,C;O,,,False,False,10,3,False,0,0,150.08599999999998,115.06000000000002,-2.1226,4,4,0,False,,True,ligands_pdbqt/CHEMBL1236315.pdbqt,-5.757,completed,vina_screening_full/poses/CHEMBL1236315_out.pdbqt,vina_screening_full/logs/CHEMBL1236315.log,582
CHEMBL56564,TROPISETRON,Small molecule,4.0,,0,CN1[C@@H]2CC[C@H]1C[C@@H](OC(=O)c1c[nH]c3ccccc13)C2,"InChI=1S/C17H20N2O2/c1-19-11-6-7-12(19)9-13(8-11)21-17(20)15-10-18-16-5-3-2-4-14(15)16/h2-5,10-13,18H,6-9H2,1H3/t11-,12+,13+",ZNRGQMMCGHDTEI-ITGUQSILSA-N,284.36,284.36,2.95,45.33,1.0,3.0,0.0,1,CHEMBL56564,TROPISETRON,1,0.976262879371643,True,True,True,1,False,C;N;O,,,False,False,21,2,False,0,0,284.3590000000001,45.33,2.9499000000000013,1,3,4,False,,True,ligands_pdbqt/CHEMBL56564.pdbqt,-5.752,completed,vina_screening_full/poses/CHEMBL56564_out.pdbqt,vina_screening_full/logs/CHEMBL56564.log,583
CHEMBL1262,OXICONAZOLE,Small molecule,4.0,1988.0,0,Clc1ccc(CO/N=C(\Cn2ccnc2)c2ccc(Cl)cc2Cl)c(Cl)c1,"InChI=1S/C18H13Cl4N3O/c19-13-2-1-12(16(21)7-13)10-26-24-18(9-25-6-5-23-11-25)15-4-3-14(20)8-17(15)22/h1-8,11H,9-10H2/b24-18+",QRJJEGAJXVEBNE-HKOYGPOVSA-N,429.13,429.13,6.12,39.41,0.0,4.0,1.0,2,CHEMBL1200836;CHEMBL1262,OXICONAZOLE;OXICONAZOLE NITRATE,1,0.6104276180267334,True,False,True,1,False,C;Cl;N;O,,,False,False,26,6,False,0,0,429.1340000000001,39.41,6.117800000000003,0,3,3,False,,True,ligands_pdbqt/CHEMBL1262.pdbqt,-5.752,completed,vina_screening_full/poses/CHEMBL1262_out.pdbqt,vina_screening_full/logs/CHEMBL1262.log,584
CHEMBL557555,CIPROFIBRATE,Small molecule,4.0,1985.0,0,CC(C)(Oc1ccc(C2CC2(Cl)Cl)cc1)C(=O)O,"InChI=1S/C13H14Cl2O3/c1-12(2,11(16)17)18-9-5-3-8(4-6-9)10-7-13(10,14)15/h3-6,10H,7H2,1-2H3,(H,16,17)",KPSRODZRAIWAKH-UHFFFAOYSA-N,289.16,289.16,3.59,46.53,1.0,2.0,0.0,1,CHEMBL557555,CIPROFIBRATE,1,0.6309819221496582,True,False,True,1,False,C;Cl;O,,,False,False,18,4,False,0,0,289.158,46.53,3.589800000000003,1,2,2,False,,True,ligands_pdbqt/CHEMBL557555.pdbqt,-5.749,completed,vina_screening_full/poses/CHEMBL557555_out.pdbqt,vina_screening_full/logs/CHEMBL557555.log,585
CHEMBL282052,METHAQUALONE,Small molecule,4.0,,1,Cc1ccccc1-n1c(C)nc2ccccc2c1=O,"InChI=1S/C16H14N2O/c1-11-7-3-6-10-15(11)18-12(2)17-14-9-5-4-8-13(14)16(18)19/h3-10H,1-2H3",JEYCTXHKTXCGPB-UHFFFAOYSA-N,250.3,250.3,3.0,34.89,0.0,3.0,0.0,2,CHEMBL2106829;CHEMBL282052,METHAQUALONE;METHAQUALONE HYDROCHLORIDE,1,0.9791623950004578,True,True,True,1,False,C;N;O,,,False,False,19,1,False,0,0,250.301,34.89,3.002540000000001,0,2,3,False,,True,ligands_pdbqt/CHEMBL282052.pdbqt,-5.746,completed,vina_screening_full/poses/CHEMBL282052_out.pdbqt,vina_screening_full/logs/CHEMBL282052.log,586
CHEMBL62193,SULFADIMETHOXINE,Small molecule,4.0,,1,COc1cc(NS(=O)(=O)c2ccc(N)cc2)nc(OC)n1,"InChI=1S/C12H14N4O4S/c1-19-11-7-10(14-12(15-11)20-2)16-21(17,18)9-5-3-8(13)4-6-9/h3-7H,13H2,1-2H3,(H,14,15,16)",ZZORFUFYDOWNEF-UHFFFAOYSA-N,310.34,310.34,0.88,116.43,2.0,7.0,0.0,2,CHEMBL2107253;CHEMBL62193,SULFADIMETHOXINE;SULFADIMETHOXINE SODIUM,1,0.7725504159927368,True,False,True,1,False,C;N;O;S,,,False,False,21,5,False,0,0,310.3350000000001,116.43,0.8768,2,7,2,False,,True,ligands_pdbqt/CHEMBL62193.pdbqt,-5.744,completed,vina_screening_full/poses/CHEMBL62193_out.pdbqt,vina_screening_full/logs/CHEMBL62193.log,587
CHEMBL730,NITROGLYCERIN,Small molecule,4.0,1981.0,0,O=[N+]([O-])OCC(CO[N+](=O)[O-])O[N+](=O)[O-],"InChI=1S/C3H5N3O9/c7-4(8)13-1-3(15-6(11)12)2-14-5(9)10/h3H,1-2H2",SNIOPGDIGTZGOP-UHFFFAOYSA-N,227.08,227.08,-1.02,157.11,0.0,9.0,0.0,1,CHEMBL730,NITROGLYCERIN,1,0.9833620071411132,True,True,True,1,False,C;N;O,,,False,False,15,8,False,0,0,227.085,157.11,-1.0200999999999996,0,9,0,False,,True,ligands_pdbqt/CHEMBL730.pdbqt,-5.742,completed,vina_screening_full/poses/CHEMBL730_out.pdbqt,vina_screening_full/logs/CHEMBL730.log,588
CHEMBL1750,CLOFARABINE,Small molecule,4.0,2004.0,0,Nc1nc(Cl)nc2c1ncn2[C@@H]1O[C@H](CO)[C@@H](O)[C@@H]1F,"InChI=1S/C10H11ClFN5O3/c11-10-15-7(13)5-8(16-10)17(2-14-5)9-4(12)6(19)3(1-18)20-9/h2-4,6,9,18-19H,1H2,(H2,13,15,16)/t3-,4+,6-,9-/m1/s1",WDDPHFBMKLOVOX-AYQXTPAHSA-N,303.68,303.68,-0.35,119.31,3.0,8.0,0.0,1,CHEMBL1750,CLOFARABINE,1,0.8558675885200501,True,True,True,1,False,C;Cl;F;N;O,,,False,False,20,2,False,0,0,303.681,119.31000000000002,-0.3494000000000002,3,7,3,False,,True,ligands_pdbqt/CHEMBL1750.pdbqt,-5.741,completed,vina_screening_full/poses/CHEMBL1750_out.pdbqt,vina_screening_full/logs/CHEMBL1750.log,589
CHEMBL1086440,TRICLABENDAZOLE,Small molecule,4.0,2019.0,0,CSc1nc2cc(Cl)c(Oc3cccc(Cl)c3Cl)cc2[nH]1,"InChI=1S/C14H9Cl3N2OS/c1-21-14-18-9-5-8(16)12(6-10(9)19-14)20-11-4-2-3-7(15)13(11)17/h2-6H,1H3,(H,18,19)",NQPDXQQQCQDHHW-UHFFFAOYSA-N,359.67,359.67,6.04,37.91,1.0,3.0,1.0,1,CHEMBL1086440,TRICLABENDAZOLE,1,0.8039190292358398,True,True,True,1,False,C;Cl;N;O;S,,,False,False,21,3,False,0,0,359.665,37.91,6.037300000000002,1,3,3,False,,True,ligands_pdbqt/CHEMBL1086440.pdbqt,-5.741,completed,vina_screening_full/poses/CHEMBL1086440_out.pdbqt,vina_screening_full/logs/CHEMBL1086440.log,590
CHEMBL1590,PSEUDOEPHEDRINE,Small molecule,4.0,1963.0,0,CN[C@@H](C)[C@@H](O)c1ccccc1,"InChI=1S/C10H15NO/c1-8(11-2)10(12)9-6-4-3-5-7-9/h3-8,10-12H,1-2H3/t8-,10+/m0/s1",KWGRBVOPPLSCSI-WCBMZHEXSA-N,165.24,165.24,1.33,32.26,2.0,2.0,0.0,4,CHEMBL1200724;CHEMBL1201483;CHEMBL1590;CHEMBL3989855,PSEUDOEPHEDRINE;PSEUDOEPHEDRINE HYDROCHLORIDE;PSEUDOEPHEDRINE POLISTIREX;PSEUDOEPHEDRINE SULFATE,1,0.5007194519042969,True,False,True,1,False,C;N;O,,,False,False,12,3,False,0,0,165.236,32.26,1.3279,2,2,1,False,,True,ligands_pdbqt/CHEMBL1590.pdbqt,-5.741,completed,vina_screening_full/poses/CHEMBL1590_out.pdbqt,vina_screening_full/logs/CHEMBL1590.log,591
CHEMBL14060,PHENOL,Small molecule,4.0,,1,Oc1ccccc1,"InChI=1S/C6H6O/c7-6-4-2-1-3-5-6/h1-5,7H",ISWSIDIOOBJBQZ-UHFFFAOYSA-N,94.11,94.11,1.39,20.23,1.0,1.0,0.0,1,CHEMBL14060,PHENOL,1,0.6365764915943146,True,False,True,1,False,C;O,,,False,False,7,0,False,0,0,94.113,20.23,1.3922,1,1,1,False,,True,ligands_pdbqt/CHEMBL14060.pdbqt,-5.733,completed,vina_screening_full/poses/CHEMBL14060_out.pdbqt,vina_screening_full/logs/CHEMBL14060.log,592
CHEMBL1908917,FLUCICLOVINE,Small molecule,4.0,2016.0,0,N[C@]1(C(=O)O)C[C@@H](F)C1,"InChI=1S/C5H8FNO2/c6-3-1-5(7,2-3)4(8)9/h3H,1-2,7H2,(H,8,9)/t3-,5-",NTEDWGYJNHZKQW-IWLYVCSRSA-N,133.12,133.12,-0.1,63.32,2.0,2.0,0.0,2,CHEMBL1908917;CHEMBL254468,FLUCICLOVINE;FLUCICLOVINE F18,1,0.9530496239662172,True,True,True,1,False,C;F;N;O,,,False,False,9,1,False,0,0,133.122,63.32000000000001,-0.0996000000000003,2,2,1,False,,True,ligands_pdbqt/CHEMBL1908917.pdbqt,-5.722,completed,vina_screening_full/poses/CHEMBL1908917_out.pdbqt,vina_screening_full/logs/CHEMBL1908917.log,593
CHEMBL1093,ARTICAINE,Small molecule,4.0,2000.0,0,CCCNC(C)C(=O)Nc1c(C)csc1C(=O)OC,"InChI=1S/C13H20N2O3S/c1-5-6-14-9(3)12(16)15-10-8(2)7-19-11(10)13(17)18-4/h7,9,14H,5-6H2,1-4H3,(H,15,16)",QTGIAADRBBLJGA-UHFFFAOYSA-N,284.38,284.38,2.17,67.43,2.0,5.0,0.0,2,CHEMBL1093;CHEMBL1200819,ARTICAINE;ARTICAINE HYDROCHLORIDE,1,0.9341930031776428,True,True,True,1,False,C;N;O;S,,,False,False,19,6,False,0,0,284.38100000000003,67.43,2.16972,2,5,1,False,,True,ligands_pdbqt/CHEMBL1093.pdbqt,-5.722,completed,vina_screening_full/poses/CHEMBL1093_out.pdbqt,vina_screening_full/logs/CHEMBL1093.log,594
CHEMBL146095,GLAFENINE,Small molecule,4.0,,1,O=C(OCC(O)CO)c1ccccc1Nc1ccnc2cc(Cl)ccc12,"InChI=1S/C19H17ClN2O4/c20-12-5-6-14-17(7-8-21-18(14)9-12)22-16-4-2-1-3-15(16)19(25)26-11-13(24)10-23/h1-9,13,23-24H,10-11H2,(H,21,22)",GWOFUCIGLDBNKM-UHFFFAOYSA-N,372.81,372.81,3.14,91.68,3.0,6.0,0.0,1,CHEMBL146095,GLAFENINE,1,0.7098431825637818,True,False,True,1,False,C;Cl;N;O,,,False,False,26,6,False,0,0,372.8080000000001,91.68,3.141800000000001,3,6,3,False,,True,ligands_pdbqt/CHEMBL146095.pdbqt,-5.716,completed,vina_screening_full/poses/CHEMBL146095_out.pdbqt,vina_screening_full/logs/CHEMBL146095.log,595
CHEMBL18,ETHOXZOLAMIDE,Small molecule,4.0,1982.0,0,CCOc1ccc2nc(S(N)(=O)=O)sc2c1,"InChI=1S/C9H10N2O3S2/c1-2-14-6-3-4-7-8(5-6)15-9(11-7)16(10,12)13/h3-5H,2H2,1H3,(H2,10,12,13)",OUZWUKMCLIBBOG-UHFFFAOYSA-N,258.32,258.32,1.34,82.28,1.0,5.0,0.0,1,CHEMBL18,ETHOXZOLAMIDE,1,0.8043988108634949,True,True,True,1,False,C;N;O;S,,,False,False,16,3,False,0,0,258.324,82.28,1.3424,1,5,2,False,,True,ligands_pdbqt/CHEMBL18.pdbqt,-5.71,completed,vina_screening_full/poses/CHEMBL18_out.pdbqt,vina_screening_full/logs/CHEMBL18.log,596
CHEMBL36715,PIRACETAM,Small molecule,4.0,,0,NC(=O)CN1CCCC1=O,"InChI=1S/C6H10N2O2/c7-5(9)4-8-3-1-2-6(8)10/h1-4H2,(H2,7,9)",GMZVRMREEHBGGF-UHFFFAOYSA-N,142.16,142.16,-0.91,63.4,1.0,2.0,0.0,1,CHEMBL36715,PIRACETAM,1,0.982428538799286,True,True,True,1,False,C;N;O,,,False,False,10,2,False,0,0,142.158,63.400000000000006,-0.9059000000000004,1,2,1,False,,True,ligands_pdbqt/CHEMBL36715.pdbqt,-5.708,completed,vina_screening_full/poses/CHEMBL36715_out.pdbqt,vina_screening_full/logs/CHEMBL36715.log,597
CHEMBL487253,BENDAMUSTINE,Small molecule,4.0,2008.0,0,Cn1c(CCCC(=O)O)nc2cc(N(CCCl)CCCl)ccc21,"InChI=1S/C16H21Cl2N3O2/c1-20-14-6-5-12(21(9-7-17)10-8-18)11-13(14)19-15(20)3-2-4-16(22)23/h5-6,11H,2-4,7-10H2,1H3,(H,22,23)",YTKUWDBFDASYHO-UHFFFAOYSA-N,358.27,358.27,3.26,58.36,1.0,4.0,0.0,2,CHEMBL1201734;CHEMBL487253,BENDAMUSTINE;BENDAMUSTINE HYDROCHLORIDE,1,0.8786531805992126,True,True,True,1,False,C;Cl;N;O,,,False,False,23,9,False,0,0,358.26900000000006,58.36000000000001,3.2646000000000024,1,3,2,False,,True,ligands_pdbqt/CHEMBL487253.pdbqt,-5.708,completed,vina_screening_full/poses/CHEMBL487253_out.pdbqt,vina_screening_full/logs/CHEMBL487253.log,598
CHEMBL1946170,REGORAFENIB,Small molecule,4.0,2012.0,0,CNC(=O)c1cc(Oc2ccc(NC(=O)Nc3ccc(Cl)c(C(F)(F)F)c3)c(F)c2)ccn1,"InChI=1S/C21H15ClF4N4O3/c1-27-19(31)18-10-13(6-7-28-18)33-12-3-5-17(16(23)9-12)30-20(32)29-11-2-4-15(22)14(8-11)21(24,25)26/h2-10H,1H3,(H,27,31)(H2,29,30,32)",FNHKPVJBJVTLMP-UHFFFAOYSA-N,482.82,482.82,5.69,92.35,3.0,4.0,1.0,1,CHEMBL1946170,REGORAFENIB,1,0.6593227624893189,True,False,True,1,False,C;Cl;F;N;O,,,False,False,33,5,False,0,0,482.82100000000014,92.35,5.688800000000002,3,4,3,False,,True,ligands_pdbqt/CHEMBL1946170.pdbqt,-5.701,completed,vina_screening_full/poses/CHEMBL1946170_out.pdbqt,vina_screening_full/logs/CHEMBL1946170.log,599
CHEMBL1184360,DIAMTHAZOLE,Small molecule,4.0,,1,CCN(CC)CCOc1ccc2nc(N(C)C)sc2c1,"InChI=1S/C15H23N3OS/c1-5-18(6-2)9-10-19-12-7-8-13-14(11-12)20-15(16-13)17(3)4/h7-8,11H,5-6,9-10H2,1-4H3",WGMYEOIMVYADRJ-UHFFFAOYSA-N,293.44,293.44,3.08,28.6,0.0,5.0,0.0,2,CHEMBL1184360;CHEMBL346235,DIAMTHAZOLE;DIAMTHAZOLE DIHYDROCHLORIDE,1,0.9926958441734314,True,True,True,1,False,C;N;O;S,,,False,False,20,7,False,0,0,293.43600000000004,28.6,3.0829000000000013,0,5,2,False,,True,ligands_pdbqt/CHEMBL1184360.pdbqt,-5.699,completed,vina_screening_full/poses/CHEMBL1184360_out.pdbqt,vina_screening_full/logs/CHEMBL1184360.log,600
CHEMBL778,DEXMEDETOMIDINE,Small molecule,4.0,1999.0,0,Cc1cccc([C@H](C)c2c[nH]cn2)c1C,"InChI=1S/C13H16N2/c1-9-5-4-6-12(10(9)2)11(3)13-7-14-8-15-13/h4-8,11H,1-3H3,(H,14,15)/t11-/m0/s1",CUHVIMMYOGQXCV-NSHDSACASA-N,200.28,200.28,3.18,28.68,1.0,1.0,0.0,2,CHEMBL2106195;CHEMBL778,DEXMEDETOMIDINE;DEXMEDETOMIDINE HYDROCHLORIDE,1,0.8438137769699097,True,True,True,1,False,C;N,,,False,False,15,2,False,0,0,200.28500000000005,28.68,3.1783400000000013,1,1,2,False,,True,ligands_pdbqt/CHEMBL778.pdbqt,-5.696,completed,vina_screening_full/poses/CHEMBL778_out.pdbqt,vina_screening_full/logs/CHEMBL778.log,601
CHEMBL1502,PANTOPRAZOLE,Small molecule,4.0,2000.0,0,COc1ccnc(C[S+]([O-])c2nc3cc(OC(F)F)ccc3[nH]2)c1OC,"InChI=1S/C16H15F2N3O4S/c1-23-13-5-6-19-12(14(13)24-2)8-26(22)16-20-10-4-3-9(25-15(17)18)7-11(10)21-16/h3-7,15H,8H2,1-2H3,(H,20,21)",IQPSEEYGBUAQFF-UHFFFAOYSA-N,383.38,383.38,2.88,92.32,1.0,6.0,0.0,2,CHEMBL1502;CHEMBL3989559,PANTOPRAZOLE;PANTOPRAZOLE SODIUM,1,0.8845416069030761,True,True,True,1,False,C;F;N;O;S,,,False,False,26,7,False,0,0,383.3760000000001,92.32,2.8843000000000005,1,6,3,False,,True,ligands_pdbqt/CHEMBL1502.pdbqt,-5.692,completed,vina_screening_full/poses/CHEMBL1502_out.pdbqt,vina_screening_full/logs/CHEMBL1502.log,602
CHEMBL607,MEPERIDINE,Small molecule,4.0,1942.0,0,CCOC(=O)C1(c2ccccc2)CCN(C)CC1,"InChI=1S/C15H21NO2/c1-3-18-14(17)15(9-11-16(2)12-10-15)13-7-5-4-6-8-13/h4-8H,3,9-12H2,1-2H3",XADCESSVHJOZHK-UHFFFAOYSA-N,247.34,247.34,2.21,29.54,0.0,3.0,0.0,2,CHEMBL1701;CHEMBL607,MEPERIDINE;MEPERIDINE HYDROCHLORIDE,1,0.9889265179634096,True,True,True,1,False,C;N;O,,,False,False,18,3,False,0,0,247.338,29.54,2.2131,0,3,2,False,,True,ligands_pdbqt/CHEMBL607.pdbqt,-5.69,completed,vina_screening_full/poses/CHEMBL607_out.pdbqt,vina_screening_full/logs/CHEMBL607.log,603
CHEMBL225071,RALTITREXED,Small molecule,4.0,,0,Cc1nc(=O)c2cc(CN(C)c3ccc(C(=O)N[C@@H](CCC(=O)O)C(=O)O)s3)ccc2[nH]1,"InChI=1S/C21H22N4O6S/c1-11-22-14-4-3-12(9-13(14)19(28)23-11)10-25(2)17-7-6-16(32-17)20(29)24-15(21(30)31)5-8-18(26)27/h3-4,6-7,9,15H,5,8,10H2,1-2H3,(H,24,29)(H,26,27)(H,30,31)(H,22,23,28)/t15-/m0/s1",IVTVGDXNLFLDRM-HNNXBMFYSA-N,458.5,458.5,1.98,152.69,4.0,7.0,0.0,1,CHEMBL225071,RALTITREXED,1,0.5035803079605102,True,False,True,1,False,C;N;O;S,,,False,False,32,9,False,0,0,458.4960000000002,152.69,1.9772199999999995,4,7,3,False,,True,ligands_pdbqt/CHEMBL225071.pdbqt,-5.689,completed,vina_screening_full/poses/CHEMBL225071_out.pdbqt,vina_screening_full/logs/CHEMBL225071.log,604
CHEMBL771,CYCLOSERINE,Small molecule,4.0,1964.0,0,N[C@@H]1CONC1=O,"InChI=1S/C3H6N2O2/c4-2-1-7-5-3(2)6/h2H,1,4H2,(H,5,6)/t2-/m1/s1",DYDCUQKUCUHJBH-UWTATZPHSA-N,102.09,102.09,-1.62,64.35,2.0,3.0,0.0,1,CHEMBL771,CYCLOSERINE,1,0.8900066018104553,True,True,True,1,False,C;N;O,,,False,False,7,0,False,0,0,102.093,64.35,-1.624900000000001,2,3,1,False,,True,ligands_pdbqt/CHEMBL771.pdbqt,-5.684,completed,vina_screening_full/poses/CHEMBL771_out.pdbqt,vina_screening_full/logs/CHEMBL771.log,605
CHEMBL922,ADEFOVIR DIPIVOXIL,Small molecule,4.0,2002.0,0,CC(C)(C)C(=O)OCOP(=O)(COCCn1cnc2c(N)ncnc21)OCOC(=O)C(C)(C)C,"InChI=1S/C20H32N5O8P/c1-19(2,3)17(26)30-11-32-34(28,33-12-31-18(27)20(4,5)6)13-29-8-7-25-10-24-14-15(21)22-9-23-16(14)25/h9-10H,7-8,11-13H2,1-6H3,(H2,21,22,23)",WOZSCQDILHKSGG-UHFFFAOYSA-N,501.48,501.48,2.7,166.98,1.0,13.0,2.0,1,CHEMBL922,ADEFOVIR DIPIVOXIL,1,0.9017561316490174,True,True,True,1,False,C;N;O;P,,,False,False,34,11,False,0,0,501.47700000000026,166.97999999999996,2.702500000000001,1,12,2,False,,True,ligands_pdbqt/CHEMBL922.pdbqt,-5.678,completed,vina_screening_full/poses/CHEMBL922_out.pdbqt,vina_screening_full/logs/CHEMBL922.log,606
CHEMBL1291,METIPRANOLOL,Small molecule,4.0,1989.0,1,CC(=O)Oc1c(C)cc(OCC(O)CNC(C)C)c(C)c1C,"InChI=1S/C17H27NO4/c1-10(2)18-8-15(20)9-21-16-7-11(3)17(22-14(6)19)13(5)12(16)4/h7,10,15,18,20H,8-9H2,1-6H3",BQIPXWYNLPYNHW-UHFFFAOYSA-N,309.41,309.41,2.27,67.79,2.0,5.0,0.0,2,CHEMBL1200947;CHEMBL1291,METIPRANOLOL;METIPRANOLOL HYDROCHLORIDE,1,0.6501282155513763,True,False,True,1,False,C;N;O,,,False,False,22,7,False,0,0,309.40600000000006,67.79,2.2748600000000003,2,5,1,False,,True,ligands_pdbqt/CHEMBL1291.pdbqt,-5.675,completed,vina_screening_full/poses/CHEMBL1291_out.pdbqt,vina_screening_full/logs/CHEMBL1291.log,607
CHEMBL328560,SULTHIAME,Small molecule,4.0,,0,NS(=O)(=O)c1ccc(N2CCCCS2(=O)=O)cc1,"InChI=1S/C10H14N2O4S2/c11-18(15,16)10-5-3-9(4-6-10)12-7-1-2-8-17(12,13)14/h3-6H,1-2,7-8H2,(H2,11,15,16)",HMHVCUVYZFYAJI-UHFFFAOYSA-N,290.37,290.37,0.26,97.54,1.0,4.0,0.0,1,CHEMBL328560,SULTHIAME,1,0.7304671168327331,True,False,True,1,False,C;N;O;S,,,False,False,18,2,False,0,0,290.366,97.54,0.2639999999999998,1,4,2,False,,True,ligands_pdbqt/CHEMBL328560.pdbqt,-5.665,completed,vina_screening_full/poses/CHEMBL328560_out.pdbqt,vina_screening_full/logs/CHEMBL328560.log,608
CHEMBL56367,NIMESULIDE,Small molecule,4.0,,1,CS(=O)(=O)Nc1ccc([N+](=O)[O-])cc1Oc1ccccc1,"InChI=1S/C13H12N2O5S/c1-21(18,19)14-12-8-7-10(15(16)17)9-13(12)20-11-5-3-2-4-6-11/h2-9,14H,1H3",HYWYRSMBCFDLJT-UHFFFAOYSA-N,308.31,308.31,2.76,98.54,1.0,5.0,0.0,1,CHEMBL56367,NIMESULIDE,1,0.9266477465629578,True,True,True,1,False,C;N;O;S,,,False,False,21,5,False,0,0,308.315,98.54,2.7586000000000013,1,5,2,False,,True,ligands_pdbqt/CHEMBL56367.pdbqt,-5.659,completed,vina_screening_full/poses/CHEMBL56367_out.pdbqt,vina_screening_full/logs/CHEMBL56367.log,609
CHEMBL1908315,GEMEPROST,Small molecule,4.0,,0,CCCCC(C)(C)[C@H](O)/C=C/[C@H]1[C@H](O)CC(=O)[C@@H]1CCCC/C=C/C(=O)OC,"InChI=1S/C23H38O5/c1-5-6-15-23(2,3)21(26)14-13-18-17(19(24)16-20(18)25)11-9-7-8-10-12-22(27)28-4/h10,12-14,17-18,20-21,25-26H,5-9,11,15-16H2,1-4H3/b12-10+,14-13+/t17-,18-,20-,21-/m1/s1",KYBOHGVERHWSSV-VNIVIJDLSA-N,394.55,394.55,3.98,83.83,2.0,5.0,0.0,1,CHEMBL1908315,GEMEPROST,1,0.8666568756103515,True,True,True,1,False,C;O,,,False,False,28,12,False,0,0,394.55200000000025,83.83,3.975600000000004,2,5,1,False,,True,ligands_pdbqt/CHEMBL1908315.pdbqt,-5.656,completed,vina_screening_full/poses/CHEMBL1908315_out.pdbqt,vina_screening_full/logs/CHEMBL1908315.log,610
CHEMBL1201320,ESOMEPRAZOLE,Small molecule,4.0,2001.0,0,COc1ccc2[nH]c([S@@+]([O-])Cc3ncc(C)c(OC)c3C)nc2c1,"InChI=1S/C17H19N3O3S/c1-10-8-18-15(11(2)16(10)23-4)9-24(21)17-19-13-6-5-12(22-3)7-14(13)20-17/h5-8H,9H2,1-4H3,(H,19,20)/t24-/m0/s1",SUBDBMMJDZJVOS-DEOSSOPVSA-N,345.42,345.42,2.9,83.09,1.0,5.0,0.0,4,CHEMBL1200470;CHEMBL1201320;CHEMBL2146140;CHEMBL5314366,ESOMEPRAZOLE;ESOMEPRAZOLE MAGNESIUM;ESOMEPRAZOLE SODIUM;ESOMEPRAZOLE STRONTIUM,1,0.6671467900276185,True,False,True,1,False,C;N;O;S,,,False,False,24,5,False,0,0,345.4240000000001,83.09,2.8997400000000013,1,5,3,False,,True,ligands_pdbqt/CHEMBL1201320.pdbqt,-5.651,completed,vina_screening_full/poses/CHEMBL1201320_out.pdbqt,vina_screening_full/logs/CHEMBL1201320.log,611
CHEMBL19449,IBUDILAST,Small molecule,4.0,1989.0,0,CC(C)C(=O)c1c(C(C)C)nn2ccccc12,"InChI=1S/C14H18N2O/c1-9(2)13-12(14(17)10(3)4)11-7-5-6-8-16(11)15-13/h5-10H,1-4H3",ZJVFLBOZORBYFE-UHFFFAOYSA-N,230.31,230.31,3.3,34.37,0.0,3.0,0.0,1,CHEMBL19449,IBUDILAST,1,0.9522422075271606,True,True,True,1,False,C;N;O,,,False,False,17,3,False,0,0,230.311,34.370000000000005,3.296400000000002,0,2,2,False,,True,ligands_pdbqt/CHEMBL19449.pdbqt,-5.646,completed,vina_screening_full/poses/CHEMBL19449_out.pdbqt,vina_screening_full/logs/CHEMBL19449.log,612
CHEMBL979,MEPROBAMATE,Small molecule,4.0,1955.0,1,CCCC(C)(COC(N)=O)COC(N)=O,"InChI=1S/C9H18N2O4/c1-3-4-9(2,5-14-7(10)12)6-15-8(11)13/h3-6H2,1-2H3,(H2,10,12)(H2,11,13)",NPPQSCRMBWNHMW-UHFFFAOYSA-N,218.25,218.25,0.98,104.64,2.0,4.0,0.0,1,CHEMBL979,MEPROBAMATE,1,0.9758105516433716,True,True,True,1,False,C;N;O,,,False,False,15,6,False,0,0,218.253,104.64,0.9834000000000004,2,4,0,False,,True,ligands_pdbqt/CHEMBL979.pdbqt,-5.646,completed,vina_screening_full/poses/CHEMBL979_out.pdbqt,vina_screening_full/logs/CHEMBL979.log,613
CHEMBL126,LINEZOLID,Small molecule,4.0,2000.0,0,CC(=O)NC[C@H]1CN(c2ccc(N3CCOCC3)c(F)c2)C(=O)O1,"InChI=1S/C16H20FN3O4/c1-11(21)18-9-13-10-20(16(22)24-13)12-2-3-15(14(17)8-12)19-4-6-23-7-5-19/h2-3,8,13H,4-7,9-10H2,1H3,(H,18,21)/t13-/m0/s1",TYZROVQLWOKYKF-ZDUSSCGKSA-N,337.35,337.35,1.12,71.11,1.0,5.0,0.0,1,CHEMBL126,LINEZOLID,1,0.8265491962432862,True,True,True,1,False,C;F;N;O,,,False,False,24,4,False,0,0,337.35100000000006,71.11,1.1235999999999997,1,5,3,False,,True,ligands_pdbqt/CHEMBL126.pdbqt,-5.644,completed,vina_screening_full/poses/CHEMBL126_out.pdbqt,vina_screening_full/logs/CHEMBL126.log,614
CHEMBL3311228,OTESECONAZOLE,Small molecule,4.0,2022.0,0,O[C@@](Cn1cnnn1)(c1ccc(F)cc1F)C(F)(F)c1ccc(-c2ccc(OCC(F)(F)F)cc2)cn1,"InChI=1S/C23H16F7N5O2/c24-16-4-7-18(19(25)9-16)21(36,11-35-13-32-33-34-35)23(29,30)20-8-3-15(10-31-20)14-1-5-17(6-2-14)37-12-22(26,27)28/h1-10,13,36H,11-12H2/t21-/m0/s1",IDUYJRXRDSPPRC-NRFANRHFSA-N,527.4,527.4,4.63,85.95,1.0,7.0,1.0,1,CHEMBL3311228,OTESECONAZOLE,1,0.8206304907798767,True,True,True,1,False,C;F;N;O,,,False,False,37,8,False,0,0,527.4000000000002,85.95,4.6342000000000025,1,6,4,False,,True,ligands_pdbqt/CHEMBL3311228.pdbqt,-5.64,completed,vina_screening_full/poses/CHEMBL3311228_out.pdbqt,vina_screening_full/logs/CHEMBL3311228.log,615
CHEMBL917,FLOXURIDINE,Small molecule,4.0,1970.0,0,O=c1[nH]c(=O)n([C@H]2C[C@H](O)[C@@H](CO)O2)cc1F,"InChI=1S/C9H11FN2O5/c10-4-2-12(9(16)11-8(4)15)7-1-5(14)6(3-13)17-7/h2,5-7,13-14H,1,3H2,(H,11,15,16)/t5-,6+,7+/m0/s1",ODKNJVUHOIMIIZ-RRKCRQDMSA-N,246.19,246.19,-1.68,104.55,3.0,6.0,0.0,1,CHEMBL917,FLOXURIDINE,1,0.5645108580589294,True,False,True,1,False,C;F;N;O,,,False,False,17,2,False,0,0,246.194,104.55,-1.6836,3,5,2,False,,True,ligands_pdbqt/CHEMBL917.pdbqt,-5.634,completed,vina_screening_full/poses/CHEMBL917_out.pdbqt,vina_screening_full/logs/CHEMBL917.log,616
CHEMBL49,BUSPIRONE,Small molecule,4.0,1986.0,0,O=C1CC2(CCCC2)CC(=O)N1CCCCN1CCN(c2ncccn2)CC1,"InChI=1S/C21H31N5O2/c27-18-16-21(6-1-2-7-21)17-19(28)26(18)11-4-3-10-24-12-14-25(15-13-24)20-22-8-5-9-23-20/h5,8-9H,1-4,6-7,10-17H2",QWCRAEMEVRGPNT-UHFFFAOYSA-N,385.51,385.51,2.09,69.64,0.0,6.0,0.0,2,CHEMBL1200399;CHEMBL49,BUSPIRONE;BUSPIRONE HYDROCHLORIDE,1,0.9953451871871948,True,True,True,1,False,C;N;O,,,False,False,28,6,False,0,0,385.5120000000001,69.64000000000001,2.0882,0,6,4,False,,True,ligands_pdbqt/CHEMBL49.pdbqt,-5.632,completed,vina_screening_full/poses/CHEMBL49_out.pdbqt,vina_screening_full/logs/CHEMBL49.log,617
CHEMBL569713,SCOPOLAMINE,Small molecule,4.0,1979.0,0,CN1[C@@H]2C[C@@H](OC(=O)[C@H](CO)c3ccccc3)C[C@H]1[C@@H]1O[C@@H]12,"InChI=1S/C17H21NO4/c1-18-13-7-11(8-14(18)16-15(13)22-16)21-17(20)12(9-19)10-5-3-2-4-6-10/h2-6,11-16,19H,7-9H2,1H3/t11-,12-,13-,14+,15-,16+/m1/s1",STECJAGHUSJQJN-FWXGHANASA-N,303.36,303.36,0.92,62.3,1.0,5.0,0.0,1,CHEMBL569713,SCOPOLAMINE,1,0.7320648908615113,True,False,True,1,False,C;N;O,,,False,False,22,4,False,0,0,303.358,62.3,0.9180999999999996,1,5,4,False,,True,ligands_pdbqt/CHEMBL569713.pdbqt,-5.623,completed,vina_screening_full/poses/CHEMBL569713_out.pdbqt,vina_screening_full/logs/CHEMBL569713.log,618
CHEMBL497,CLIOQUINOL,Small molecule,4.0,1934.0,1,Oc1c(I)cc(Cl)c2cccnc12,"InChI=1S/C9H5ClINO/c10-6-4-7(11)9(13)8-5(6)2-1-3-12-8/h1-4,13H",QCDFBFJGMNKBDO-UHFFFAOYSA-N,305.5,305.5,3.2,33.12,1.0,2.0,0.0,1,CHEMBL497,CLIOQUINOL,1,0.5932862222194671,True,False,True,1,False,C;Cl;I;N;O,,,False,False,13,0,False,0,0,305.502,33.120000000000005,3.1984000000000004,1,2,2,False,,True,ligands_pdbqt/CHEMBL497.pdbqt,-5.623,completed,vina_screening_full/poses/CHEMBL497_out.pdbqt,vina_screening_full/logs/CHEMBL497.log,619
CHEMBL1200922,MEBUTAMATE,Small molecule,4.0,1982.0,0,CCC(C)C(C)(COC(N)=O)COC(N)=O,"InChI=1S/C10H20N2O4/c1-4-7(2)10(3,5-15-8(11)13)6-16-9(12)14/h7H,4-6H2,1-3H3,(H2,11,13)(H2,12,14)",LEROTMJVBFSIMP-UHFFFAOYSA-N,232.28,232.28,1.23,104.64,2.0,4.0,0.0,1,CHEMBL1200922,MEBUTAMATE,1,0.9726104855537414,True,True,True,1,False,C;N;O,,,False,False,16,6,False,0,0,232.28,104.64,1.2294000000000005,2,4,0,False,,True,ligands_pdbqt/CHEMBL1200922.pdbqt,-5.618,completed,vina_screening_full/poses/CHEMBL1200922_out.pdbqt,vina_screening_full/logs/CHEMBL1200922.log,620
CHEMBL109,VALPROIC ACID,Small molecule,4.0,1978.0,0,CCCC(CCC)C(=O)O,"InChI=1S/C8H16O2/c1-3-5-7(6-4-2)8(9)10/h7H,3-6H2,1-2H3,(H,9,10)",NIJJYAXOARWZEE-UHFFFAOYSA-N,144.21,144.21,2.29,37.3,1.0,1.0,0.0,3,CHEMBL109;CHEMBL2105613;CHEMBL433,DIVALPROEX SODIUM;VALPROATE SODIUM;VALPROIC ACID,1,0.8730921149253845,True,True,True,1,False,C;O,,,False,False,10,5,False,0,0,144.214,37.3,2.2874,1,1,0,False,,True,ligands_pdbqt/CHEMBL109.pdbqt,-5.617,completed,vina_screening_full/poses/CHEMBL109_out.pdbqt,vina_screening_full/logs/CHEMBL109.log,621
CHEMBL556,DEFEROXAMINE,Small molecule,4.0,1968.0,0,CC(=O)N(O)CCCCCNC(=O)CCC(=O)N(O)CCCCCNC(=O)CCC(=O)N(O)CCCCCN,"InChI=1S/C25H48N6O8/c1-21(32)29(37)18-9-3-6-16-27-22(33)12-14-25(36)31(39)20-10-4-7-17-28-23(34)11-13-24(35)30(38)19-8-2-5-15-26/h37-39H,2-20,26H2,1H3,(H,27,33)(H,28,34)",UBQYURCVBFRUQT-UHFFFAOYSA-N,560.69,560.69,0.92,205.84,6.0,9.0,2.0,2,CHEMBL1234;CHEMBL556,DEFEROXAMINE;DEFEROXAMINE MESYLATE,1,0.5290002644062042,True,False,True,1,False,C;N;O,,,False,False,39,23,False,0,0,560.6930000000002,205.84,0.9221000000000046,6,9,0,False,,True,ligands_pdbqt/CHEMBL556.pdbqt,-5.616,completed,vina_screening_full/poses/CHEMBL556_out.pdbqt,vina_screening_full/logs/CHEMBL556.log,622
CHEMBL1175,DULOXETINE,Small molecule,4.0,2004.0,0,CNCC[C@H](Oc1cccc2ccccc12)c1cccs1,"InChI=1S/C18H19NOS/c1-19-12-11-17(18-10-5-13-21-18)20-16-9-4-7-14-6-2-3-8-15(14)16/h2-10,13,17,19H,11-12H2,1H3/t17-/m0/s1",ZEUITGRIYCTCEM-KRWDZBQOSA-N,297.42,297.42,4.63,21.26,1.0,3.0,0.0,2,CHEMBL1175;CHEMBL1200328,DULOXETINE;DULOXETINE HYDROCHLORIDE,1,0.967772889137268,True,True,True,1,False,C;N;O;S,,,False,False,21,6,False,0,0,297.423,21.26,4.630900000000003,1,3,3,False,,True,ligands_pdbqt/CHEMBL1175.pdbqt,-5.613,completed,vina_screening_full/poses/CHEMBL1175_out.pdbqt,vina_screening_full/logs/CHEMBL1175.log,623
CHEMBL312448,XYLOMETAZOLINE,Small molecule,4.0,,0,Cc1cc(C(C)(C)C)cc(C)c1CC1=NCCN1,"InChI=1S/C16H24N2/c1-11-8-13(16(3,4)5)9-12(2)14(11)10-15-17-6-7-18-15/h8-9H,6-7,10H2,1-5H3,(H,17,18)",HUCJFAOMUPXHDK-UHFFFAOYSA-N,244.38,244.38,3.15,24.39,1.0,2.0,0.0,2,CHEMBL1256400;CHEMBL312448,XYLOMETAZOLINE;XYLOMETAZOLINE HYDROCHLORIDE,1,0.9469465732574462,True,True,True,1,False,C;N,,,False,False,18,2,False,0,0,244.38199999999995,24.39,3.1451400000000014,1,2,2,False,,True,ligands_pdbqt/CHEMBL312448.pdbqt,-5.611,completed,vina_screening_full/poses/CHEMBL312448_out.pdbqt,vina_screening_full/logs/CHEMBL312448.log,624
CHEMBL930,GLUTAMINE,Small molecule,4.0,2004.0,0,NC(=O)CC[C@H](N)C(=O)O,"InChI=1S/C5H10N2O3/c6-3(5(9)10)1-2-4(7)8/h3H,1-2,6H2,(H2,7,8)(H,9,10)/t3-/m0/s1",ZDXPYRJPNDTMRX-VKHMYHEASA-N,146.15,146.15,-1.34,106.41,3.0,3.0,0.0,1,CHEMBL930,GLUTAMINE,1,0.8788879156112671,True,True,True,1,False,C;N;O,,,False,False,10,4,False,0,0,146.14600000000002,106.41,-1.3361999999999998,3,3,0,False,,True,ligands_pdbqt/CHEMBL930.pdbqt,-5.608,completed,vina_screening_full/poses/CHEMBL930_out.pdbqt,vina_screening_full/logs/CHEMBL930.log,625
CHEMBL1131,ACITRETIN,Small molecule,4.0,1996.0,0,COc1cc(C)c(/C=C/C(C)=C/C=C/C(C)=C/C(=O)O)c(C)c1C,"InChI=1S/C21H26O3/c1-14(8-7-9-15(2)12-21(22)23)10-11-19-16(3)13-20(24-6)18(5)17(19)4/h7-13H,1-6H3,(H,22,23)/b9-7+,11-10+,14-8+,15-12+",IHUNBGSDBOWDMA-AQFIFDHZSA-N,326.44,326.44,5.17,46.53,1.0,2.0,1.0,1,CHEMBL1131,ACITRETIN,1,0.6083311080932617,True,False,True,1,False,C;O,,,False,False,24,6,False,0,0,326.4360000000001,46.53,5.167060000000005,1,2,1,False,,True,ligands_pdbqt/CHEMBL1131.pdbqt,-5.601,completed,vina_screening_full/poses/CHEMBL1131_out.pdbqt,vina_screening_full/logs/CHEMBL1131.log,626
CHEMBL1194666,DIETHYLPROPION,Small molecule,4.0,1959.0,1,CCN(CC)C(C)C(=O)c1ccccc1,"InChI=1S/C13H19NO/c1-4-14(5-2)11(3)13(15)12-9-7-6-8-10-12/h6-11H,4-5H2,1-3H3",XXEPPPIWZFICOJ-UHFFFAOYSA-N,205.3,205.3,2.6,20.31,0.0,2.0,0.0,2,CHEMBL1194666;CHEMBL1693,DIETHYLPROPION;DIETHYLPROPION HYDROCHLORIDE,1,0.9777246832847596,True,True,True,1,False,C;N;O,,,False,False,15,5,False,0,0,205.301,20.31,2.599600000000001,0,2,1,False,,True,ligands_pdbqt/CHEMBL1194666.pdbqt,-5.595,completed,vina_screening_full/poses/CHEMBL1194666_out.pdbqt,vina_screening_full/logs/CHEMBL1194666.log,627
CHEMBL1521,ZALEPLON,Small molecule,4.0,1999.0,0,CCN(C(C)=O)c1cccc(-c2ccnc3c(C#N)cnn23)c1,"InChI=1S/C17H15N5O/c1-3-21(12(2)23)15-6-4-5-13(9-15)16-7-8-19-17-14(10-18)11-20-22(16)17/h4-9,11H,3H2,1-2H3",HUNXMJYCHXQEGX-UHFFFAOYSA-N,305.34,305.34,2.64,74.29,0.0,5.0,0.0,1,CHEMBL1521,ZALEPLON,1,0.9471243619918824,True,True,True,1,False,C;N;O,,,False,False,23,3,False,0,0,305.341,74.28999999999999,2.6407800000000003,0,4,3,False,,True,ligands_pdbqt/CHEMBL1521.pdbqt,-5.592,completed,vina_screening_full/poses/CHEMBL1521_out.pdbqt,vina_screening_full/logs/CHEMBL1521.log,628
CHEMBL1356238,PYRITHIONE,Small molecule,4.0,1986.0,0,[O-][n+]1ccccc1S,"InChI=1S/C5H5NOS/c7-6-4-2-1-3-5(6)8/h1-4,8H",FGVVTMRZYROCTH-UHFFFAOYSA-N,127.17,127.17,0.61,26.94,1.0,2.0,0.0,2,CHEMBL1200471;CHEMBL1356238,PYRITHIONE;PYRITHIONE ZINC,1,0.6362925350666047,True,False,True,1,False,C;N;O;S,,,False,False,8,0,False,0,0,127.168,26.94,0.6087000000000002,1,2,1,False,,True,ligands_pdbqt/CHEMBL1356238.pdbqt,-5.587,completed,vina_screening_full/poses/CHEMBL1356238_out.pdbqt,vina_screening_full/logs/CHEMBL1356238.log,629
CHEMBL1410743,PARALDEHYDE,Small molecule,4.0,,0,CC1OC(C)OC(C)O1,"InChI=1S/C6H12O3/c1-4-7-5(2)9-6(3)8-4/h4-6H,1-3H3",SQYNKIJPMDEDEG-UHFFFAOYSA-N,132.16,132.16,1.09,27.69,0.0,3.0,0.0,1,CHEMBL1410743,PARALDEHYDE,1,0.9985187888145448,True,True,True,1,False,C;O,,,False,False,9,0,False,0,0,132.159,27.69,1.0878,0,3,1,False,,True,ligands_pdbqt/CHEMBL1410743.pdbqt,-5.586,completed,vina_screening_full/poses/CHEMBL1410743_out.pdbqt,vina_screening_full/logs/CHEMBL1410743.log,630
CHEMBL638,VORICONAZOLE,Small molecule,4.0,2002.0,0,C[C@@H](c1ncncc1F)[C@](O)(Cn1cncn1)c1ccc(F)cc1F,"InChI=1S/C16H14F3N5O/c1-10(15-14(19)5-20-7-22-15)16(25,6-24-9-21-8-23-24)12-3-2-11(17)4-13(12)18/h2-5,7-10,25H,6H2,1H3/t10-,16+/m0/s1",BCEHBSKCWLPMDN-MGPLVRAMSA-N,349.32,349.32,2.18,76.72,1.0,6.0,0.0,1,CHEMBL638,VORICONAZOLE,1,0.811864173412323,True,True,True,1,False,C;F;N;O,,,False,False,25,5,False,0,0,349.31600000000003,76.72,2.1769,1,5,3,False,,True,ligands_pdbqt/CHEMBL638.pdbqt,-5.583,completed,vina_screening_full/poses/CHEMBL638_out.pdbqt,vina_screening_full/logs/CHEMBL638.log,631
CHEMBL1289,HALOPROGIN,Small molecule,4.0,1982.0,0,Clc1cc(Cl)c(OCC#CI)cc1Cl,"InChI=1S/C9H4Cl3IO/c10-6-4-8(12)9(5-7(6)11)14-3-1-2-13/h4-5H,3H2",CTETYYAZBPJBHE-UHFFFAOYSA-N,361.39,361.39,4.42,9.23,0.0,1.0,0.0,1,CHEMBL1289,HALOPROGIN,1,0.9010277986526488,True,True,True,1,False,C;Cl;I;O,,,False,False,14,2,False,0,0,361.393,9.23,4.421500000000001,0,1,1,False,,True,ligands_pdbqt/CHEMBL1289.pdbqt,-5.576,completed,vina_screening_full/poses/CHEMBL1289_out.pdbqt,vina_screening_full/logs/CHEMBL1289.log,632
CHEMBL1201129,DECITABINE,Small molecule,4.0,2006.0,0,Nc1ncn([C@H]2C[C@H](O)[C@@H](CO)O2)c(=O)n1,"InChI=1S/C8H12N4O4/c9-7-10-3-12(8(15)11-7)6-1-4(14)5(2-13)16-6/h3-6,13-14H,1-2H2,(H2,9,11,15)/t4-,5+,6+/m0/s1",XAUDJQYHKZQPEU-KVQBGUIXSA-N,228.21,228.21,-2.14,123.49,3.0,8.0,0.0,1,CHEMBL1201129,DECITABINE,1,0.8254451870918273,True,True,True,1,False,C;N;O,,,False,False,16,2,False,0,0,228.208,123.49,-2.1388,3,7,2,False,,True,ligands_pdbqt/CHEMBL1201129.pdbqt,-5.572,completed,vina_screening_full/poses/CHEMBL1201129_out.pdbqt,vina_screening_full/logs/CHEMBL1201129.log,633
CHEMBL455186,TREOSULFAN,Small molecule,4.0,2019.0,0,CS(=O)(=O)OC[C@H](O)[C@@H](O)COS(C)(=O)=O,"InChI=1S/C6H14O8S2/c1-15(9,10)13-3-5(7)6(8)4-14-16(2,11)12/h5-8H,3-4H2,1-2H3/t5-,6-/m0/s1",YCPOZVAOBBQLRI-WDSKDSINSA-N,278.3,278.3,-2.34,127.2,2.0,8.0,0.0,1,CHEMBL455186,TREOSULFAN,1,0.8903849244117736,True,True,True,1,False,C;O;S,,,False,False,16,7,False,0,0,278.30400000000003,127.20000000000002,-2.3393999999999986,2,8,0,False,,True,ligands_pdbqt/CHEMBL455186.pdbqt,-5.571,completed,vina_screening_full/poses/CHEMBL455186_out.pdbqt,vina_screening_full/logs/CHEMBL455186.log,634
CHEMBL2018096,IPRAGLIFLOZIN,Small molecule,4.0,2013.0,0,OC[C@H]1O[C@@H](c2ccc(F)c(Cc3cc4ccccc4s3)c2)[C@H](O)[C@@H](O)[C@@H]1O,"InChI=1S/C21H21FO5S/c22-15-6-5-12(21-20(26)19(25)18(24)16(10-23)27-21)7-13(15)9-14-8-11-3-1-2-4-17(11)28-14/h1-8,16,18-21,23-26H,9-10H2/t16-,18-,19+,20-,21+/m1/s1",AHFWIQIYAXSLBA-RQXATKFSSA-N,404.46,404.46,2.15,90.15,4.0,6.0,0.0,1,CHEMBL2018096,IPRAGLIFLOZIN,1,0.752015233039856,True,False,True,1,False,C;F;O;S,,,False,False,28,4,False,0,0,404.459,90.15,2.1461,4,6,4,False,,True,ligands_pdbqt/CHEMBL2018096.pdbqt,-5.566,completed,vina_screening_full/poses/CHEMBL2018096_out.pdbqt,vina_screening_full/logs/CHEMBL2018096.log,635
CHEMBL1206690,PARECOXIB,Small molecule,4.0,2002.0,0,CCC(=O)NS(=O)(=O)c1ccc(-c2c(-c3ccccc3)noc2C)cc1,"InChI=1S/C19H18N2O4S/c1-3-17(22)21-26(23,24)16-11-9-14(10-12-16)18-13(2)25-20-19(18)15-7-5-4-6-8-15/h4-12H,3H2,1-2H3,(H,21,22)",TZRHLKRLEZJVIJ-UHFFFAOYSA-N,370.43,370.43,3.53,89.27,1.0,5.0,0.0,2,CHEMBL1206690;CHEMBL296913,PARECOXIB;PARECOXIB SODIUM,1,0.5829320788383484,True,False,True,1,False,C;N;O;S,,,False,False,26,5,False,0,0,370.43000000000006,89.27,3.531920000000002,1,5,3,False,,True,ligands_pdbqt/CHEMBL1206690.pdbqt,-5.558,completed,vina_screening_full/poses/CHEMBL1206690_out.pdbqt,vina_screening_full/logs/CHEMBL1206690.log,636
CHEMBL1752,DYPHYLLINE,Small molecule,4.0,1951.0,0,Cn1c(=O)c2c(ncn2CC(O)CO)n(C)c1=O,"InChI=1S/C10H14N4O4/c1-12-8-7(9(17)13(2)10(12)18)14(5-11-8)3-6(16)4-15/h5-6,15-16H,3-4H2,1-2H3",KSCFJBIXMNOVSH-UHFFFAOYSA-N,254.25,254.25,-2.21,102.28,2.0,8.0,0.0,1,CHEMBL1752,DYPHYLLINE,1,0.715010118484497,True,False,True,1,False,C;N;O,,,False,False,18,3,False,0,0,254.246,102.28,-2.213099999999999,2,5,2,False,,True,ligands_pdbqt/CHEMBL1752.pdbqt,-5.551,completed,vina_screening_full/poses/CHEMBL1752_out.pdbqt,vina_screening_full/logs/CHEMBL1752.log,637
CHEMBL1261,CITRIC ACID,Small molecule,4.0,1982.0,0,O=C(O)CC(O)(CC(=O)O)C(=O)O,"InChI=1S/C6H8O7/c7-3(8)1-6(13,5(11)12)2-4(9)10/h13H,1-2H2,(H,7,8)(H,9,10)(H,11,12)",KRKNYBCHXYNGOX-UHFFFAOYSA-N,192.12,192.12,-1.25,132.13,4.0,4.0,0.0,1,CHEMBL1261,CITRIC ACID,1,0.7192694664001464,True,False,True,1,False,C;O,,,False,False,13,5,False,0,0,192.123,132.13,-1.2484999999999995,4,4,0,False,,True,ligands_pdbqt/CHEMBL1261.pdbqt,-5.547,completed,vina_screening_full/poses/CHEMBL1261_out.pdbqt,vina_screening_full/logs/CHEMBL1261.log,638
CHEMBL553,ERLOTINIB,Small molecule,4.0,2004.0,0,C#Cc1cccc(Nc2ncnc3cc(OCCOC)c(OCCOC)cc23)c1,"InChI=1S/C22H23N3O4/c1-4-16-6-5-7-17(12-16)25-22-18-13-20(28-10-8-26-2)21(29-11-9-27-3)14-19(18)23-15-24-22/h1,5-7,12-15H,8-11H2,2-3H3,(H,23,24,25)",AAKJLRGGTJKAMG-UHFFFAOYSA-N,393.44,393.44,3.41,74.73,1.0,7.0,0.0,2,CHEMBL1079742;CHEMBL553,ERLOTINIB;ERLOTINIB HYDROCHLORIDE,1,0.7288641929626465,True,False,True,1,False,C;N;O,,,False,False,29,10,False,0,0,393.4430000000002,74.73000000000002,3.405100000000002,1,7,3,False,,True,ligands_pdbqt/CHEMBL553.pdbqt,-5.545,completed,vina_screening_full/poses/CHEMBL553_out.pdbqt,vina_screening_full/logs/CHEMBL553.log,639
CHEMBL88,CYCLOPHOSPHAMIDE ANHYDROUS,Small molecule,4.0,1959.0,0,O=P1(N(CCCl)CCCl)NCCCO1,"InChI=1S/C7H15Cl2N2O2P/c8-2-5-11(6-3-9)14(12)10-4-1-7-13-14/h1-7H2,(H,10,12)",CMSMOCZEIVJLDB-UHFFFAOYSA-N,261.09,261.09,1.88,41.57,1.0,2.0,0.0,2,CHEMBL1200796;CHEMBL88,CYCLOPHOSPHAMIDE;CYCLOPHOSPHAMIDE ANHYDROUS,1,0.972982120513916,True,True,True,1,False,C;Cl;N;O;P,,,False,False,14,5,False,0,0,261.089,41.57000000000001,1.884,1,2,1,False,,True,ligands_pdbqt/CHEMBL88.pdbqt,-5.542,completed,vina_screening_full/poses/CHEMBL88_out.pdbqt,vina_screening_full/logs/CHEMBL88.log,640
CHEMBL1770916,NIROGACESTAT,Small molecule,4.0,2023.0,0,CCC[C@H](N[C@H]1CCc2cc(F)cc(F)c2C1)C(=O)Nc1cn(C(C)(C)CNCC(C)(C)C)cn1,"InChI=1S/C27H41F2N5O/c1-7-8-23(32-20-10-9-18-11-19(28)12-22(29)21(18)13-20)25(35)33-24-14-34(17-31-24)27(5,6)16-30-15-26(2,3)4/h11-12,14,17,20,23,30,32H,7-10,13,15-16H2,1-6H3,(H,33,35)/t20-,23-/m0/s1",VFCRKLWBYMDAED-REWPJTCUSA-N,489.66,489.66,4.79,70.98,3.0,5.0,0.0,2,CHEMBL1770916;CHEMBL4298153,NIROGACESTAT;NIROGACESTAT HYDROBROMIDE,1,0.9202486038208008,True,True,True,1,False,C;F;N;O,,,False,False,35,10,False,0,0,489.65500000000026,70.98,4.786400000000004,3,4,3,False,,True,ligands_pdbqt/CHEMBL1770916.pdbqt,-5.541,completed,vina_screening_full/poses/CHEMBL1770916_out.pdbqt,vina_screening_full/logs/CHEMBL1770916.log,641
CHEMBL1201293,ACAMPROSATE,Small molecule,4.0,2004.0,0,CC(=O)NCCCS(=O)(=O)O,"InChI=1S/C5H11NO4S/c1-5(7)6-3-2-4-11(8,9)10/h2-4H2,1H3,(H,6,7)(H,8,9,10)",AFCGFAGUEYAMAO-UHFFFAOYSA-N,181.21,181.21,-0.6,83.47,2.0,3.0,0.0,2,CHEMBL1201293;CHEMBL2068724,ACAMPROSATE;ACAMPROSATE CALCIUM,1,0.8372023344039917,True,True,True,1,False,C;N;O;S,,,False,False,11,4,False,0,0,181.213,83.47,-0.5995999999999997,2,3,0,False,,True,ligands_pdbqt/CHEMBL1201293.pdbqt,-5.537,completed,vina_screening_full/poses/CHEMBL1201293_out.pdbqt,vina_screening_full/logs/CHEMBL1201293.log,642
CHEMBL668,PROTRIPTYLINE,Small molecule,4.0,1967.0,0,CNCCCC1c2ccccc2C=Cc2ccccc21,"InChI=1S/C19H21N/c1-20-14-6-11-19-17-9-4-2-7-15(17)12-13-16-8-3-5-10-18(16)19/h2-5,7-10,12-13,19-20H,6,11,14H2,1H3",BWPIARFWQZKAIA-UHFFFAOYSA-N,263.38,263.38,4.3,12.03,1.0,1.0,0.0,2,CHEMBL1200332;CHEMBL668,PROTRIPTYLINE;PROTRIPTYLINE HYDROCHLORIDE,1,0.993210470676422,True,True,True,1,False,C;N,,,False,False,20,4,False,0,0,263.384,12.03,4.301900000000003,1,1,3,False,,True,ligands_pdbqt/CHEMBL668.pdbqt,-5.537,completed,vina_screening_full/poses/CHEMBL668_out.pdbqt,vina_screening_full/logs/CHEMBL668.log,643
CHEMBL1059,PREGABALIN,Small molecule,4.0,2004.0,0,CC(C)C[C@H](CN)CC(=O)O,"InChI=1S/C8H17NO2/c1-6(2)3-7(5-9)4-8(10)11/h6-7H,3-5,9H2,1-2H3,(H,10,11)/t7-/m0/s1",AYXYPKUFHZROOJ-ZETCQYMHSA-N,159.23,159.23,1.08,63.32,2.0,2.0,0.0,1,CHEMBL1059,PREGABALIN,1,0.8656016945838928,True,True,True,1,False,C;N;O,,,False,False,11,5,False,0,0,159.229,63.32000000000001,1.0821,2,2,0,False,,True,ligands_pdbqt/CHEMBL1059.pdbqt,-5.536,completed,vina_screening_full/poses/CHEMBL1059_out.pdbqt,vina_screening_full/logs/CHEMBL1059.log,644
CHEMBL1477036,DOCUSATE,Small molecule,4.0,,0,CCCCC(CC)COC(=O)CC(C(=O)OCC(CC)CCCC)S(=O)(=O)O,"InChI=1S/C20H38O7S/c1-5-9-11-16(7-3)14-26-19(21)13-18(28(23,24)25)20(22)27-15-17(8-4)12-10-6-2/h16-18H,5-15H2,1-4H3,(H,23,24,25)",HNSDLXPSAYFUHK-UHFFFAOYSA-N,422.58,422.58,4.15,106.97,1.0,6.0,0.0,2,CHEMBL1477036;CHEMBL1905872,DOCUSATE;DOCUSATE SODIUM,1,0.7482993602752686,True,False,True,1,False,C;O;S,,,False,False,28,16,False,0,0,422.5840000000002,106.97,4.152100000000004,1,6,0,False,,True,ligands_pdbqt/CHEMBL1477036.pdbqt,-5.534,completed,vina_screening_full/poses/CHEMBL1477036_out.pdbqt,vina_screening_full/logs/CHEMBL1477036.log,645
CHEMBL3358920,ETRASIMOD,Small molecule,4.0,2023.0,0,O=C(O)C[C@H]1CCc2c1[nH]c1ccc(OCc3ccc(C4CCCC4)c(C(F)(F)F)c3)cc21,"InChI=1S/C26H26F3NO3/c27-26(28,29)22-11-15(5-8-19(22)16-3-1-2-4-16)14-33-18-7-10-23-21(13-18)20-9-6-17(12-24(31)32)25(20)30-23/h5,7-8,10-11,13,16-17,30H,1-4,6,9,12,14H2,(H,31,32)/t17-/m1/s1",MVGWUTBTXDYMND-QGZVFWFLSA-N,457.49,457.49,6.93,62.32,2.0,2.0,1.0,2,CHEMBL3358920;CHEMBL3989933,ETRASIMOD;ETRASIMOD ARGININE,1,0.7880976676940918,True,False,True,1,False,C;F;N;O,,,False,False,33,6,False,0,0,457.49200000000025,62.31999999999999,6.927800000000006,2,2,5,False,,True,ligands_pdbqt/CHEMBL3358920.pdbqt,-5.532,completed,vina_screening_full/poses/CHEMBL3358920_out.pdbqt,vina_screening_full/logs/CHEMBL3358920.log,646
CHEMBL141,LAMIVUDINE,Small molecule,4.0,1995.0,0,Nc1ccn([C@@H]2CS[C@H](CO)O2)c(=O)n1,"InChI=1S/C8H11N3O3S/c9-5-1-2-11(8(13)10-5)6-4-15-7(3-12)14-6/h1-2,6-7,12H,3-4H2,(H2,9,10,13)/t6-,7+/m0/s1",JTEGQNOMFQHVDC-NKWVEPMBSA-N,229.26,229.26,-0.59,90.37,2.0,7.0,0.0,1,CHEMBL141,LAMIVUDINE,1,0.8759788632392883,True,True,True,1,False,C;N;O;S,,,False,False,15,2,False,0,0,229.261,90.37,-0.5941000000000001,2,6,2,False,,True,ligands_pdbqt/CHEMBL141.pdbqt,-5.529,completed,vina_screening_full/poses/CHEMBL141_out.pdbqt,vina_screening_full/logs/CHEMBL141.log,647
CHEMBL1311,ISOSORBIDE MONONITRATE,Small molecule,4.0,1991.0,0,O=[N+]([O-])O[C@@H]1CO[C@H]2[C@@H]1OC[C@@H]2O,"InChI=1S/C6H9NO6/c8-3-1-11-6-4(13-7(9)10)2-12-5(3)6/h3-6,8H,1-2H2/t3-,4+,5+,6+/m0/s1",YWXYYJSYQOXTPL-SLPGGIOYSA-N,191.14,191.14,-1.28,91.06,1.0,6.0,0.0,1,CHEMBL1311,ISOSORBIDE MONONITRATE,1,0.9393625736236572,True,True,True,1,False,C;N;O,,,False,False,13,2,False,0,0,191.139,91.06000000000002,-1.2782000000000004,1,6,2,False,,True,ligands_pdbqt/CHEMBL1311.pdbqt,-5.527,completed,vina_screening_full/poses/CHEMBL1311_out.pdbqt,vina_screening_full/logs/CHEMBL1311.log,648
CHEMBL605846,OLODATEROL,Small molecule,4.0,2014.0,0,COc1ccc(CC(C)(C)NC[C@H](O)c2cc(O)cc3c2OCC(=O)N3)cc1,"InChI=1S/C21H26N2O5/c1-21(2,10-13-4-6-15(27-3)7-5-13)22-11-18(25)16-8-14(24)9-17-20(16)28-12-19(26)23-17/h4-9,18,22,24-25H,10-12H2,1-3H3,(H,23,26)/t18-/m0/s1",COUYJEVMBVSIHV-SFHVURJKSA-N,386.45,386.45,2.38,100.05,4.0,6.0,0.0,2,CHEMBL2105743;CHEMBL605846,OLODATEROL;OLODATEROL HYDROCHLORIDE,1,0.5319586217403411,True,False,True,1,False,C;N;O,,,False,False,28,7,False,0,0,386.44800000000015,100.05,2.3760000000000003,4,6,3,False,,True,ligands_pdbqt/CHEMBL605846.pdbqt,-5.525,completed,vina_screening_full/poses/CHEMBL605846_out.pdbqt,vina_screening_full/logs/CHEMBL605846.log,649
CHEMBL282724,SITAXENTAN,Small molecule,4.0,2006.0,1,Cc1cc2c(cc1CC(=O)c1sccc1S(=O)(=O)Nc1onc(C)c1Cl)OCO2,"InChI=1S/C18H15ClN2O6S2/c1-9-5-13-14(26-8-25-13)7-11(9)6-12(22)17-15(3-4-28-17)29(23,24)21-18-16(19)10(2)20-27-18/h3-5,7,21H,6,8H2,1-2H3",PHWXUGHIIBDVKD-UHFFFAOYSA-N,454.91,454.91,3.96,107.73,1.0,8.0,0.0,2,CHEMBL2105740;CHEMBL282724,SITAXENTAN;SITAXENTAN SODIUM,1,0.7545651197433472,True,False,True,1,False,C;Cl;N;O;S,,,False,False,29,6,False,0,0,454.9130000000002,107.73,3.9612400000000014,1,8,4,False,,True,ligands_pdbqt/CHEMBL282724.pdbqt,-5.522,completed,vina_screening_full/poses/CHEMBL282724_out.pdbqt,vina_screening_full/logs/CHEMBL282724.log,650
CHEMBL1474889,CLOBUTINOL,Small molecule,4.0,1961.0,1,CC(CN(C)C)C(C)(O)Cc1ccc(Cl)cc1,"InChI=1S/C14H22ClNO/c1-11(10-16(3)4)14(2,17)9-12-5-7-13(15)8-6-12/h5-8,11,17H,9-10H2,1-4H3",KVHHQGIIZCJATJ-UHFFFAOYSA-N,255.79,255.79,2.83,23.47,1.0,2.0,0.0,1,CHEMBL1474889,CLOBUTINOL,1,0.96559237241745,True,True,True,1,False,C;Cl;N;O,,,False,False,17,5,False,0,0,255.789,23.47,2.831200000000001,1,2,1,False,,True,ligands_pdbqt/CHEMBL1474889.pdbqt,-5.513,completed,vina_screening_full/poses/CHEMBL1474889_out.pdbqt,vina_screening_full/logs/CHEMBL1474889.log,651
CHEMBL990,BUTENAFINE,Small molecule,4.0,1996.0,0,CN(Cc1ccc(C(C)(C)C)cc1)Cc1cccc2ccccc12,"InChI=1S/C23H27N/c1-23(2,3)21-14-12-18(13-15-21)16-24(4)17-20-10-7-9-19-8-5-6-11-22(19)20/h5-15H,16-17H2,1-4H3",ABJKWBDEJIDSJZ-UHFFFAOYSA-N,317.48,317.48,5.77,3.24,0.0,1.0,1.0,2,CHEMBL1200397;CHEMBL990,BUTENAFINE;BUTENAFINE HYDROCHLORIDE,1,0.9730506539344788,True,True,True,1,False,C;N,,,False,False,24,4,False,0,0,317.476,3.24,5.769300000000006,0,1,3,False,,True,ligands_pdbqt/CHEMBL990.pdbqt,-5.513,completed,vina_screening_full/poses/CHEMBL990_out.pdbqt,vina_screening_full/logs/CHEMBL990.log,652
CHEMBL517712,ATROPINE,Small molecule,4.0,1960.0,0,CN1[C@@H]2CC[C@H]1C[C@@H](OC(=O)C(CO)c1ccccc1)C2,"InChI=1S/C17H23NO3/c1-18-13-7-8-14(18)10-15(9-13)21-17(20)16(11-19)12-5-3-2-4-6-12/h2-6,13-16,19H,7-11H2,1H3/t13-,14+,15+,16?",RKUNBYITZUJHSG-SPUOUPEWSA-N,289.38,289.38,1.93,49.77,1.0,4.0,0.0,2,CHEMBL2146146;CHEMBL517712,ATROPINE;ATROPINE SULFATE,1,0.9041798114776612,True,True,True,1,False,C;N;O,,,False,False,21,4,False,0,0,289.37500000000006,49.77,1.9309,1,4,3,False,,True,ligands_pdbqt/CHEMBL517712.pdbqt,-5.509,completed,vina_screening_full/poses/CHEMBL517712_out.pdbqt,vina_screening_full/logs/CHEMBL517712.log,653
CHEMBL1624126,XANTHINOL,Small molecule,4.0,,0,CN(CCO)CC(O)Cn1cnc2c1c(=O)n(C)c(=O)n2C,"InChI=1S/C13H21N5O4/c1-15(4-5-19)6-9(20)7-18-8-14-11-10(18)12(21)17(3)13(22)16(11)2/h8-9,19-20H,4-7H2,1-3H3",DSFGXPJYDCSWTA-UHFFFAOYSA-N,311.34,311.34,-2.28,105.52,2.0,9.0,0.0,2,CHEMBL1560089;CHEMBL1624126,XANTHINOL;XANTHINOL NIACINATE,1,0.6900818645954132,True,False,True,1,False,C;N;O,,,False,False,22,6,False,0,0,311.34200000000004,105.52,-2.281299999999997,2,6,2,False,,True,ligands_pdbqt/CHEMBL1624126.pdbqt,-5.501,completed,vina_screening_full/poses/CHEMBL1624126_out.pdbqt,vina_screening_full/logs/CHEMBL1624126.log,654
CHEMBL1773,CAPECITABINE,Small molecule,4.0,1998.0,0,CCCCCOC(=O)Nc1nc(=O)n([C@@H]2O[C@H](C)[C@@H](O)[C@H]2O)cc1F,"InChI=1S/C15H22FN3O6/c1-3-4-5-6-24-15(23)18-12-9(16)7-19(14(22)17-12)13-11(21)10(20)8(2)25-13/h7-8,10-11,13,20-21H,3-6H2,1-2H3,(H,17,18,22,23)/t8-,10-,11-,13-/m1/s1",GAGWJHPBXLXJQN-UORFTKCHSA-N,359.35,359.35,0.76,122.91,3.0,8.0,0.0,1,CHEMBL1773,CAPECITABINE,1,0.7417541980743408,True,False,True,1,False,C;F;N;O,,,False,False,25,6,False,0,0,359.35400000000004,122.91,0.7601999999999995,3,7,2,False,,True,ligands_pdbqt/CHEMBL1773.pdbqt,-5.498,completed,vina_screening_full/poses/CHEMBL1773_out.pdbqt,vina_screening_full/logs/CHEMBL1773.log,655
CHEMBL697,METHSUXIMIDE,Small molecule,4.0,1957.0,0,CN1C(=O)CC(C)(c2ccccc2)C1=O,"InChI=1S/C12H13NO2/c1-12(9-6-4-3-5-7-9)8-10(14)13(2)11(12)15/h3-7H,8H2,1-2H3",AJXPJJZHWIXJCJ-UHFFFAOYSA-N,203.24,203.24,1.33,37.38,0.0,2.0,0.0,1,CHEMBL697,METHSUXIMIDE,1,0.9970088124275208,True,True,True,1,False,C;N;O,,,False,False,15,1,False,0,0,203.241,37.38,1.333,0,2,2,False,,True,ligands_pdbqt/CHEMBL697.pdbqt,-5.495,completed,vina_screening_full/poses/CHEMBL697_out.pdbqt,vina_screening_full/logs/CHEMBL697.log,656
CHEMBL1618018,HOMATROPINE,Small molecule,4.0,,0,CN1[C@@H]2CC[C@H]1C[C@@H](OC(=O)C(O)c1ccccc1)C2,"InChI=1S/C16H21NO3/c1-17-12-7-8-13(17)10-14(9-12)20-16(19)15(18)11-5-3-2-4-6-11/h2-6,12-15,18H,7-10H2,1H3/t12-,13+,14+,15?",ZTVIKZXZYLEVOL-MCOXGKPRSA-N,275.35,275.35,1.89,49.77,1.0,4.0,0.0,2,CHEMBL1319362;CHEMBL1618018,HOMATROPINE;HOMATROPINE HYDROBROMIDE,1,0.9318018317222596,True,True,True,1,False,C;N;O,,,False,False,20,3,False,0,0,275.34800000000007,49.77,1.8884,1,4,3,False,,True,ligands_pdbqt/CHEMBL1618018.pdbqt,-5.494,completed,vina_screening_full/poses/CHEMBL1618018_out.pdbqt,vina_screening_full/logs/CHEMBL1618018.log,657
CHEMBL853,ZALCITABINE,Small molecule,4.0,1992.0,0,Nc1ccn([C@H]2CC[C@@H](CO)O2)c(=O)n1,"InChI=1S/C9H13N3O3/c10-7-3-4-12(9(14)11-7)8-2-1-6(5-13)15-8/h3-4,6,8,13H,1-2,5H2,(H2,10,11,14)/t6-,8+/m0/s1",WREGKURFCTUGRC-POYBYMJQSA-N,211.22,211.22,-0.5,90.37,2.0,6.0,0.0,1,CHEMBL853,ZALCITABINE,1,0.8902010440826416,True,True,True,1,False,C;N;O,,,False,False,15,2,False,0,0,211.221,90.37,-0.5046000000000002,2,5,2,False,,True,ligands_pdbqt/CHEMBL853.pdbqt,-5.494,completed,vina_screening_full/poses/CHEMBL853_out.pdbqt,vina_screening_full/logs/CHEMBL853.log,658
CHEMBL1094636,NIRAPARIB,Small molecule,4.0,2017.0,0,NC(=O)c1cccc2cn(-c3ccc([C@@H]4CCCNC4)cc3)nc12,"InChI=1S/C19H20N4O/c20-19(24)17-5-1-3-15-12-23(22-18(15)17)16-8-6-13(7-9-16)14-4-2-10-21-11-14/h1,3,5-9,12,14,21H,2,4,10-11H2,(H2,20,24)/t14-/m1/s1",PCHKPVIQAHNQLW-CQSZACIVSA-N,320.4,320.4,2.59,72.94,2.0,4.0,0.0,2,CHEMBL1094636;CHEMBL3989922,NIRAPARIB;NIRAPARIB TOSYLATE MONOHYDRATE,1,0.9172031879425048,True,True,True,1,False,C;N;O,,,False,False,24,3,False,0,0,320.396,72.94,2.591400000000001,2,3,4,False,,True,ligands_pdbqt/CHEMBL1094636.pdbqt,-5.493,completed,vina_screening_full/poses/CHEMBL1094636_out.pdbqt,vina_screening_full/logs/CHEMBL1094636.log,659
CHEMBL1102,GLUTETHIMIDE,Small molecule,4.0,1976.0,0,CCC1(c2ccccc2)CCC(=O)NC1=O,"InChI=1S/C13H15NO2/c1-2-13(10-6-4-3-5-7-10)9-8-11(15)14-12(13)16/h3-7H,2,8-9H2,1H3,(H,14,15,16)",JMBQKKAJIKAWKF-UHFFFAOYSA-N,217.27,217.27,1.77,46.17,1.0,2.0,0.0,1,CHEMBL1102,GLUTETHIMIDE,1,0.9963467597961426,True,True,True,1,False,C;N;O,,,False,False,16,2,False,0,0,217.26799999999992,46.17,1.771,1,2,2,False,,True,ligands_pdbqt/CHEMBL1102.pdbqt,-5.484,completed,vina_screening_full/poses/CHEMBL1102_out.pdbqt,vina_screening_full/logs/CHEMBL1102.log,660
CHEMBL20883,TEGAFUR,Small molecule,4.0,,0,O=c1[nH]c(=O)n(C2CCCO2)cc1F,"InChI=1S/C8H9FN2O3/c9-5-4-11(6-2-1-3-14-6)8(13)10-7(5)12/h4,6H,1-3H2,(H,10,12,13)",WFWLQNSHRPWKFK-UHFFFAOYSA-N,200.17,200.17,-0.02,64.09,1.0,4.0,0.0,1,CHEMBL20883,TEGAFUR,1,0.910194945335388,True,True,True,1,False,C;F;N;O,,,False,False,14,1,False,0,0,200.169,64.09,-0.0153000000000003,1,3,2,False,,True,ligands_pdbqt/CHEMBL20883.pdbqt,-5.469,completed,vina_screening_full/poses/CHEMBL20883_out.pdbqt,vina_screening_full/logs/CHEMBL20883.log,661
CHEMBL844,BRIMONIDINE,Small molecule,4.0,1996.0,0,Brc1c(NC2=NCCN2)ccc2nccnc12,"InChI=1S/C11H10BrN5/c12-9-7(17-11-15-5-6-16-11)1-2-8-10(9)14-4-3-13-8/h1-4H,5-6H2,(H2,15,16,17)",XYLJNLCSTIOKRM-UHFFFAOYSA-N,292.14,292.14,1.76,62.2,2.0,5.0,0.0,2,CHEMBL1200389;CHEMBL844,BRIMONIDINE;BRIMONIDINE TARTRATE,1,0.7939413189888,True,False,True,1,False,Br;C;N,,,False,False,17,1,False,0,0,292.14000000000004,62.2,1.7634,2,5,3,False,,True,ligands_pdbqt/CHEMBL844.pdbqt,-5.469,completed,vina_screening_full/poses/CHEMBL844_out.pdbqt,vina_screening_full/logs/CHEMBL844.log,662
CHEMBL3,NICOTINE,Small molecule,4.0,1984.0,0,CN1CCC[C@H]1c1cccnc1,"InChI=1S/C10H14N2/c1-12-7-3-5-10(12)9-4-2-6-11-8-9/h2,4,6,8,10H,3,5,7H2,1H3/t10-/m0/s1",SNICXCGAKADSCV-JTQLQIEISA-N,162.24,162.24,1.85,16.13,0.0,2.0,0.0,1,CHEMBL3,NICOTINE,1,0.9736340880393982,True,True,True,1,False,C;N,,,False,False,12,1,False,0,0,162.236,16.130000000000003,1.8483,0,2,2,False,,True,ligands_pdbqt/CHEMBL3.pdbqt,-5.467,completed,vina_screening_full/poses/CHEMBL3_out.pdbqt,vina_screening_full/logs/CHEMBL3.log,663
CHEMBL1100,PARAMETHADIONE,Small molecule,4.0,1949.0,0,CCC1(C)OC(=O)N(C)C1=O,"InChI=1S/C7H11NO3/c1-4-7(2)5(9)8(3)6(10)11-7/h4H2,1-3H3",VQASKUSHBVDKGU-UHFFFAOYSA-N,157.17,157.17,0.76,46.61,0.0,3.0,0.0,1,CHEMBL1100,PARAMETHADIONE,1,0.9950427651405336,True,True,True,1,False,C;N;O,,,False,False,11,1,False,0,0,157.16899999999995,46.61,0.7637,0,3,1,False,,True,ligands_pdbqt/CHEMBL1100.pdbqt,-5.466,completed,vina_screening_full/poses/CHEMBL1100_out.pdbqt,vina_screening_full/logs/CHEMBL1100.log,664
CHEMBL1480987,CYCLANDELATE,Small molecule,4.0,,0,CC1CC(OC(=O)C(O)c2ccccc2)CC(C)(C)C1,"InChI=1S/C17H24O3/c1-12-9-14(11-17(2,3)10-12)20-16(19)15(18)13-7-5-4-6-8-13/h4-8,12,14-15,18H,9-11H2,1-3H3",WZHCOOQXZCIUNC-UHFFFAOYSA-N,276.38,276.38,3.48,46.53,1.0,3.0,0.0,1,CHEMBL1480987,CYCLANDELATE,1,0.9436260461807252,True,True,True,1,False,C;O,,,False,False,20,3,False,0,0,276.37600000000003,46.53,3.4780000000000024,1,3,2,False,,True,ligands_pdbqt/CHEMBL1480987.pdbqt,-5.444,completed,vina_screening_full/poses/CHEMBL1480987_out.pdbqt,vina_screening_full/logs/CHEMBL1480987.log,665
CHEMBL488,AMINOGLUTETHIMIDE,Small molecule,4.0,1980.0,0,CCC1(c2ccc(N)cc2)CCC(=O)NC1=O,"InChI=1S/C13H16N2O2/c1-2-13(8-7-11(16)15-12(13)17)9-3-5-10(14)6-4-9/h3-6H,2,7-8,14H2,1H3,(H,15,16,17)",ROBVIMPUHSLWNV-UHFFFAOYSA-N,232.28,232.28,1.35,72.19,2.0,3.0,0.0,1,CHEMBL488,AMINOGLUTETHIMIDE,1,0.9909895658493042,True,True,True,1,False,C;N;O,,,False,False,17,2,False,0,0,232.283,72.19,1.3532,2,3,2,False,,True,ligands_pdbqt/CHEMBL488.pdbqt,-5.439,completed,vina_screening_full/poses/CHEMBL488_out.pdbqt,vina_screening_full/logs/CHEMBL488.log,666
CHEMBL24778,SILODOSIN,Small molecule,4.0,2008.0,0,C[C@H](Cc1cc2c(c(C(N)=O)c1)N(CCCO)CC2)NCCOc1ccccc1OCC(F)(F)F,"InChI=1S/C25H32F3N3O4/c1-17(30-8-12-34-21-5-2-3-6-22(21)35-16-25(26,27)28)13-18-14-19-7-10-31(9-4-11-32)23(19)20(15-18)24(29)33/h2-3,5-6,14-15,17,30,32H,4,7-13,16H2,1H3,(H2,29,33)/t17-/m1/s1",PNCPYILNMDWPEY-QGZVFWFLSA-N,495.54,495.54,3.07,97.05,3.0,6.0,0.0,1,CHEMBL24778,SILODOSIN,1,0.8269363522529602,True,True,True,1,False,C;F;N;O,,,False,False,35,13,False,0,0,495.5420000000002,97.05,3.0711000000000013,3,6,3,False,,True,ligands_pdbqt/CHEMBL24778.pdbqt,-5.43,completed,vina_screening_full/poses/CHEMBL24778_out.pdbqt,vina_screening_full/logs/CHEMBL24778.log,667
CHEMBL524,METHOXAMINE,Small molecule,4.0,1982.0,0,COc1ccc(OC)c(C(O)C(C)N)c1,"InChI=1S/C11H17NO3/c1-7(12)11(13)9-6-8(14-2)4-5-10(9)15-3/h4-7,11,13H,12H2,1-3H3",WJAJPNHVVFWKKL-UHFFFAOYSA-N,211.26,211.26,1.08,64.71,2.0,4.0,0.0,2,CHEMBL1201103;CHEMBL524,METHOXAMINE;METHOXAMINE HYDROCHLORIDE,1,0.5933318138122559,True,False,True,1,False,C;N;O,,,False,False,15,4,False,0,0,211.261,64.71,1.0844,2,4,1,False,,True,ligands_pdbqt/CHEMBL524.pdbqt,-5.429,completed,vina_screening_full/poses/CHEMBL524_out.pdbqt,vina_screening_full/logs/CHEMBL524.log,668
CHEMBL473,DOFETILIDE,Small molecule,4.0,1999.0,0,CN(CCOc1ccc(NS(C)(=O)=O)cc1)CCc1ccc(NS(C)(=O)=O)cc1,"InChI=1S/C19H27N3O5S2/c1-22(13-12-16-4-6-17(7-5-16)20-28(2,23)24)14-15-27-19-10-8-18(9-11-19)21-29(3,25)26/h4-11,20-21H,12-15H2,1-3H3",IXTMWRCNAAVVAI-UHFFFAOYSA-N,441.58,441.58,1.98,104.81,2.0,6.0,0.0,1,CHEMBL473,DOFETILIDE,1,0.5967533707618713,True,False,True,1,False,C;N;O;S,,,False,False,29,11,False,0,0,441.57500000000016,104.81,1.9829,2,6,2,False,,True,ligands_pdbqt/CHEMBL473.pdbqt,-5.424,completed,vina_screening_full/poses/CHEMBL473_out.pdbqt,vina_screening_full/logs/CHEMBL473.log,669
CHEMBL345714,ACIPIMOX,Small molecule,4.0,,0,Cc1cnc(C(=O)O)c[n+]1[O-],"InChI=1S/C6H6N2O3/c1-4-2-7-5(6(9)10)3-8(4)11/h2-3H,1H3,(H,9,10)",DJQOOSBJCLSSEY-UHFFFAOYSA-N,154.12,154.12,-0.28,77.13,1.0,3.0,0.0,1,CHEMBL345714,ACIPIMOX,1,0.6153690278530121,True,False,True,1,False,C;N;O,,,False,False,11,1,False,0,0,154.12499999999997,77.13,-0.2783799999999999,1,3,1,False,,True,ligands_pdbqt/CHEMBL345714.pdbqt,-5.418,completed,vina_screening_full/poses/CHEMBL345714_out.pdbqt,vina_screening_full/logs/CHEMBL345714.log,670
CHEMBL1110,ALOSETRON,Small molecule,4.0,2000.0,0,Cc1[nH]cnc1CN1CCc2c(c3ccccc3n2C)C1=O,"InChI=1S/C17H18N4O/c1-11-13(19-10-18-11)9-21-8-7-15-16(17(21)22)12-5-3-4-6-14(12)20(15)2/h3-6,10H,7-9H2,1-2H3,(H,18,19)",JSWZEAMFRNKZNL-UHFFFAOYSA-N,294.36,294.36,2.41,53.92,1.0,3.0,0.0,2,CHEMBL1110;CHEMBL1200885,ALOSETRON;ALOSETRON HYDROCHLORIDE,1,0.9615851759910584,True,True,True,1,False,C;N;O,,,False,False,22,2,False,0,0,294.35800000000006,53.92,2.4083200000000007,1,2,4,False,,True,ligands_pdbqt/CHEMBL1110.pdbqt,-5.415,completed,vina_screening_full/poses/CHEMBL1110_out.pdbqt,vina_screening_full/logs/CHEMBL1110.log,671
CHEMBL1679,LEUCOVORIN,Small molecule,4.0,1952.0,0,Nc1nc(=O)c2c([nH]1)NCC(CNc1ccc(C(=O)N[C@@H](CCC(=O)O)C(=O)O)cc1)N2C=O,"InChI=1S/C20H23N7O7/c21-20-25-16-15(18(32)26-20)27(9-28)12(8-23-16)7-22-11-3-1-10(2-4-11)17(31)24-13(19(33)34)5-6-14(29)30/h1-4,9,12-13,22H,5-8H2,(H,24,31)(H,29,30)(H,33,34)(H4,21,23,25,26,32)/t12?,13-/m0/s1",VVIAGPKUTFNRDU-ABLWVSNPSA-N,473.45,473.45,-0.73,219.84,7.0,9.0,1.0,2,CHEMBL1201138;CHEMBL1679,LEUCOVORIN;LEUCOVORIN CALCIUM,1,0.6103225469589233,True,False,True,1,False,C;N;O,,,False,False,34,10,False,0,0,473.4460000000002,219.84,-0.7310999999999974,7,9,3,False,,True,ligands_pdbqt/CHEMBL1679.pdbqt,-5.407,completed,vina_screening_full/poses/CHEMBL1679_out.pdbqt,vina_screening_full/logs/CHEMBL1679.log,672
CHEMBL444,BARBITAL,Small molecule,4.0,,0,CCC1(CC)C(=O)NC(=O)NC1=O,"InChI=1S/C8H12N2O3/c1-3-8(4-2)5(11)9-7(13)10-6(8)12/h3-4H2,1-2H3,(H2,9,10,11,12,13)",FTOAOBMCPZCFFF-UHFFFAOYSA-N,184.19,184.19,0.16,75.27,2.0,3.0,0.0,2,CHEMBL2105904;CHEMBL444,BARBITAL;BARBITAL SODIUM,1,0.991257655620575,True,True,True,1,False,C;N;O,,,False,False,13,2,False,0,0,184.195,75.27000000000001,0.1587999999999999,2,3,1,False,,True,ligands_pdbqt/CHEMBL444.pdbqt,-5.403,completed,vina_screening_full/poses/CHEMBL444_out.pdbqt,vina_screening_full/logs/CHEMBL444.log,673
CHEMBL1740513,ISAXONINE,Small molecule,4.0,,1,CC(C)Nc1ncccn1,"InChI=1S/C7H11N3/c1-6(2)10-7-8-4-3-5-9-7/h3-6H,1-2H3,(H,8,9,10)",FTCYIGBVOHNHCD-UHFFFAOYSA-N,137.19,137.19,1.3,37.81,1.0,3.0,0.0,2,CHEMBL1697751;CHEMBL1740513,ISAXONINE;ISAXONINE PHOSPHATE,1,0.9658743739128112,True,True,True,1,False,C;N,,,False,False,10,2,False,0,0,137.18599999999998,37.81,1.2969,1,3,1,False,,True,ligands_pdbqt/CHEMBL1740513.pdbqt,-5.4,completed,vina_screening_full/poses/CHEMBL1740513_out.pdbqt,vina_screening_full/logs/CHEMBL1740513.log,674
CHEMBL1286,LEVETIRACETAM,Small molecule,4.0,1999.0,0,CC[C@@H](C(N)=O)N1CCCC1=O,"InChI=1S/C8H14N2O2/c1-2-6(8(9)12)10-5-3-4-7(10)11/h6H,2-5H2,1H3,(H2,9,12)/t6-/m0/s1",HPHUVLMMVZITSG-LURJTMIESA-N,170.21,170.21,-0.13,63.4,1.0,2.0,0.0,1,CHEMBL1286,LEVETIRACETAM,1,0.9868351697921752,True,True,True,1,False,C;N;O,,,False,False,12,3,False,0,0,170.212,63.400000000000006,-0.1272999999999999,1,2,1,False,,True,ligands_pdbqt/CHEMBL1286.pdbqt,-5.396,completed,vina_screening_full/poses/CHEMBL1286_out.pdbqt,vina_screening_full/logs/CHEMBL1286.log,675
CHEMBL1006,AMIFOSTINE,Small molecule,4.0,1995.0,0,NCCCNCCSP(=O)(O)O,"InChI=1S/C5H15N2O3PS/c6-2-1-3-7-4-5-12-11(8,9)10/h7H,1-6H2,(H2,8,9,10)",JKOQGQFVAUAYPM-UHFFFAOYSA-N,214.23,214.23,-0.25,95.58,4.0,4.0,0.0,1,CHEMBL1006,AMIFOSTINE,1,0.5922559082508088,True,False,True,1,False,C;N;O;P;S,,,False,False,12,7,False,0,0,214.227,95.58,-0.2492999999999997,4,4,0,False,,True,ligands_pdbqt/CHEMBL1006.pdbqt,-5.388,completed,vina_screening_full/poses/CHEMBL1006_out.pdbqt,vina_screening_full/logs/CHEMBL1006.log,676
CHEMBL861,MEPHENYTOIN,Small molecule,4.0,1946.0,0,CCC1(c2ccccc2)NC(=O)N(C)C1=O,"InChI=1S/C12H14N2O2/c1-3-12(9-7-5-4-6-8-9)10(15)14(2)11(16)13-12/h4-8H,3H2,1-2H3,(H,13,16)",GMHKMTDVRCWUDX-UHFFFAOYSA-N,218.26,218.26,1.47,49.41,1.0,2.0,0.0,1,CHEMBL861,MEPHENYTOIN,1,0.9963358640670776,True,True,True,1,False,C;N;O,,,False,False,16,2,False,0,0,218.256,49.41,1.4735000000000005,1,2,2,False,,True,ligands_pdbqt/CHEMBL861.pdbqt,-5.388,completed,vina_screening_full/poses/CHEMBL861_out.pdbqt,vina_screening_full/logs/CHEMBL861.log,677
CHEMBL170,QUININE,Small molecule,4.0,2005.0,0,C=C[C@H]1CN2CC[C@H]1C[C@H]2[C@H](O)c1ccnc2ccc(OC)cc12,"InChI=1S/C20H24N2O2/c1-3-13-12-22-9-7-14(13)10-19(22)20(23)16-6-8-21-18-5-4-15(24-2)11-17(16)18/h3-6,8,11,13-14,19-20,23H,1,7,9-10,12H2,2H3/t13-,14-,19-,20+/m0/s1",LOUPRKONTZGTKE-WZBLMQSHSA-N,324.42,324.42,3.17,45.59,1.0,4.0,0.0,2,CHEMBL170;CHEMBL2359966,QUININE;QUININE SULFATE,1,0.8575640559196472,True,True,True,1,False,C;N;O,,,False,False,24,4,False,0,0,324.4240000000001,45.59,3.1732000000000014,1,4,5,False,,True,ligands_pdbqt/CHEMBL170.pdbqt,-5.385,completed,vina_screening_full/poses/CHEMBL170_out.pdbqt,vina_screening_full/logs/CHEMBL170.log,678
CHEMBL464,ETRETINATE,Small molecule,4.0,1986.0,1,CCOC(=O)/C=C(C)/C=C/C=C(C)/C=C/c1c(C)cc(OC)c(C)c1C,"InChI=1S/C23H30O3/c1-8-26-23(24)14-17(3)11-9-10-16(2)12-13-21-18(4)15-22(25-7)20(6)19(21)5/h9-15H,8H2,1-7H3/b11-9+,13-12+,16-10+,17-14+",HQMNCQVAMBCHCO-DJRRULDNSA-N,354.49,354.49,5.65,35.53,0.0,3.0,1.0,1,CHEMBL464,ETRETINATE,1,0.7284757375717164,True,False,True,1,False,C;O,,,False,False,26,7,False,0,0,354.4900000000001,35.53,5.645560000000007,0,3,1,False,,True,ligands_pdbqt/CHEMBL464.pdbqt,-5.381,completed,vina_screening_full/poses/CHEMBL464_out.pdbqt,vina_screening_full/logs/CHEMBL464.log,679
CHEMBL27810,CELIPROLOL,Small molecule,4.0,,0,CCN(CC)C(=O)Nc1ccc(OCC(O)CNC(C)(C)C)c(C(C)=O)c1,"InChI=1S/C20H33N3O4/c1-7-23(8-2)19(26)22-15-9-10-18(17(11-15)14(3)24)27-13-16(25)12-21-20(4,5)6/h9-11,16,21,25H,7-8,12-13H2,1-6H3,(H,22,26)",JOATXPAWOHTVSZ-UHFFFAOYSA-N,379.5,379.5,2.89,90.9,3.0,5.0,0.0,2,CHEMBL1742424;CHEMBL27810,CELIPROLOL;CELIPROLOL HYDROCHLORIDE,1,0.7627827525138855,True,False,True,1,False,C;N;O,,,False,False,27,9,False,0,0,379.5010000000002,90.9,2.8907000000000007,3,5,1,False,,True,ligands_pdbqt/CHEMBL27810.pdbqt,-5.375,completed,vina_screening_full/poses/CHEMBL27810_out.pdbqt,vina_screening_full/logs/CHEMBL27810.log,680
CHEMBL1237119,TREPROSTINIL,Small molecule,4.0,2002.0,0,CCCCC[C@H](O)CC[C@@H]1[C@H]2Cc3cccc(OCC(=O)O)c3C[C@H]2C[C@H]1O,"InChI=1S/C23H34O5/c1-2-3-4-7-17(24)9-10-18-19-11-15-6-5-8-22(28-14-23(26)27)20(15)12-16(19)13-21(18)25/h5-6,8,16-19,21,24-25H,2-4,7,9-14H2,1H3,(H,26,27)/t16-,17-,18+,19-,21+/m0/s1",PAJMKGZZBBTTOY-ZFORQUDYSA-N,390.52,390.52,3.58,86.99,3.0,4.0,0.0,3,CHEMBL1237119;CHEMBL2107815;CHEMBL561157,TREPROSTINIL;TREPROSTINIL DIOLAMINE;TREPROSTINIL SODIUM,1,0.6387872338294983,True,False,True,1,False,C;O,,,False,False,28,10,False,0,0,390.5200000000002,86.99000000000001,3.583200000000003,3,4,3,False,,True,ligands_pdbqt/CHEMBL1237119.pdbqt,-5.374,completed,vina_screening_full/poses/CHEMBL1237119_out.pdbqt,vina_screening_full/logs/CHEMBL1237119.log,681
CHEMBL2107825,TENOFOVIR ALAFENAMIDE,Small molecule,4.0,2015.0,0,CC(C)OC(=O)[C@H](C)N[P@](=O)(CO[C@H](C)Cn1cnc2c(N)ncnc21)Oc1ccccc1,"InChI=1S/C21H29N6O5P/c1-14(2)31-21(28)16(4)26-33(29,32-17-8-6-5-7-9-17)13-30-15(3)10-27-12-25-18-19(22)23-11-24-20(18)27/h5-9,11-12,14-16H,10,13H2,1-4H3,(H,26,29)(H2,22,23,24)/t15-,16+,33+/m1/s1",LDEKQSIMHVQZJK-CAQYMETFSA-N,476.47,476.47,2.97,143.48,2.0,10.0,0.0,2,CHEMBL2107825;CHEMBL2364637,TENOFOVIR ALAFENAMIDE;TENOFOVIR ALAFENAMIDE FUMARATE,1,0.7403319120407105,True,False,True,1,False,C;N;O;P,,,False,False,33,11,False,0,0,476.47400000000016,143.48,2.9729,2,9,3,False,,True,ligands_pdbqt/CHEMBL2107825.pdbqt,-5.36,completed,vina_screening_full/poses/CHEMBL2107825_out.pdbqt,vina_screening_full/logs/CHEMBL2107825.log,682
CHEMBL1037,GUANADREL,Small molecule,4.0,1982.0,0,N=C(N)NCC1COC2(CCCCC2)O1,"InChI=1S/C10H19N3O2/c11-9(12)13-6-8-7-14-10(15-8)4-2-1-3-5-10/h8H,1-7H2,(H4,11,12,13)",HPBNRIOWIXYZFK-UHFFFAOYSA-N,213.28,213.28,0.55,80.36,3.0,3.0,0.0,2,CHEMBL1037;CHEMBL3184143,GUANADREL;GUANADREL SULFATE,1,0.8478930473327637,True,True,True,1,False,C;N;O,,,False,False,15,2,False,0,0,213.28099999999992,80.36000000000001,0.5452699999999997,3,3,2,False,,True,ligands_pdbqt/CHEMBL1037.pdbqt,-5.356,completed,vina_screening_full/poses/CHEMBL1037_out.pdbqt,vina_screening_full/logs/CHEMBL1037.log,683
CHEMBL1201356,METHYLERGONOVINE,Small molecule,4.0,1946.0,0,CC[C@@H](CO)NC(=O)[C@@H]1C=C2c3cccc4[nH]cc(c34)C[C@H]2N(C)C1,"InChI=1S/C20H25N3O2/c1-3-14(11-24)22-20(25)13-7-16-15-5-4-6-17-19(15)12(9-21-17)8-18(16)23(2)10-13/h4-7,9,13-14,18,21,24H,3,8,10-11H2,1-2H3,(H,22,25)/t13-,14+,18-/m1/s1",UNBRKDKAWYKMIV-QWQRMKEZSA-N,339.44,339.44,1.92,68.36,3.0,3.0,0.0,2,CHEMBL1200843;CHEMBL1201356,METHYLERGONOVINE;METHYLERGONOVINE MALEATE,1,0.8231908798217773,True,True,True,1,False,C;N;O,,,False,False,25,4,False,0,0,339.4390000000002,68.36,1.9247,3,3,4,False,,True,ligands_pdbqt/CHEMBL1201356.pdbqt,-5.343,completed,vina_screening_full/poses/CHEMBL1201356_out.pdbqt,vina_screening_full/logs/CHEMBL1201356.log,684
CHEMBL1201112,NELARABINE,Small molecule,4.0,2005.0,0,COc1nc(N)nc2c1ncn2[C@@H]1O[C@H](CO)[C@@H](O)[C@@H]1O,"InChI=1S/C11H15N5O5/c1-20-9-5-8(14-11(12)15-9)16(3-13-5)10-7(19)6(18)4(2-17)21-10/h3-4,6-7,10,17-19H,2H2,1H3,(H2,12,14,15)/t4-,6-,7+,10-/m1/s1",IXOXBSCIXZEQEQ-UHTZMRCNSA-N,297.27,297.27,-1.97,148.77,4.0,10.0,0.0,1,CHEMBL1201112,NELARABINE,1,0.6790742397308349,True,False,True,1,False,C;N;O,,,False,False,21,3,False,0,0,297.271,148.76999999999998,-1.9714,4,9,3,False,,True,ligands_pdbqt/CHEMBL1201112.pdbqt,-5.343,completed,vina_screening_full/poses/CHEMBL1201112_out.pdbqt,vina_screening_full/logs/CHEMBL1201112.log,685
CHEMBL2107333,DIMETHYL FUMARATE,Small molecule,4.0,2013.0,0,COC(=O)/C=C/C(=O)OC,"InChI=1S/C6H8O4/c1-9-5(7)3-4-6(8)10-2/h3-4H,1-2H3/b4-3+",LDCRTTXIJACKKU-ONEGZZNKSA-N,144.13,144.13,-0.11,52.6,0.0,4.0,0.0,1,CHEMBL2107333,DIMETHYL FUMARATE,1,0.9858988642692564,True,True,True,1,False,C;O,,,False,False,10,2,False,0,0,144.12599999999998,52.60000000000001,-0.1114000000000001,0,4,0,False,,True,ligands_pdbqt/CHEMBL2107333.pdbqt,-5.34,completed,vina_screening_full/poses/CHEMBL2107333_out.pdbqt,vina_screening_full/logs/CHEMBL2107333.log,686
CHEMBL1000,CETIRIZINE,Small molecule,4.0,1995.0,0,O=C(O)COCCN1CCN(C(c2ccccc2)c2ccc(Cl)cc2)CC1,"InChI=1S/C21H25ClN2O3/c22-19-8-6-18(7-9-19)21(17-4-2-1-3-5-17)24-12-10-23(11-13-24)14-15-27-16-20(25)26/h1-9,21H,10-16H2,(H,25,26)",ZKLPARSLTMPFCP-UHFFFAOYSA-N,388.9,388.9,3.15,53.01,1.0,4.0,0.0,2,CHEMBL1000;CHEMBL1607273,CETIRIZINE;CETIRIZINE HYDROCHLORIDE,1,0.7205168962478637,True,False,True,1,False,C;Cl;N;O,,,False,False,27,8,False,0,0,388.8950000000002,53.010000000000005,3.148200000000002,1,4,3,False,,True,ligands_pdbqt/CHEMBL1000.pdbqt,-5.339,completed,vina_screening_full/poses/CHEMBL1000_out.pdbqt,vina_screening_full/logs/CHEMBL1000.log,687
CHEMBL1550,PHYTONADIONE,Small molecule,4.0,1982.0,0,CC1=C(C/C=C(\C)CCC[C@H](C)CCC[C@H](C)CCCC(C)C)C(=O)c2ccccc2C1=O,"InChI=1S/C31H46O2/c1-22(2)12-9-13-23(3)14-10-15-24(4)16-11-17-25(5)20-21-27-26(6)30(32)28-18-7-8-19-29(28)31(27)33/h7-8,18-20,22-24H,9-17,21H2,1-6H3/b25-20+/t23-,24-/m1/s1",MBWXNTAXLNYFJB-NKFFZRIASA-N,450.71,450.71,9.16,34.14,0.0,2.0,1.0,1,CHEMBL1550,PHYTONADIONE,1,0.9473232984542846,True,True,True,1,False,C;O,,,False,False,33,14,False,0,0,450.7070000000002,34.14,9.1576,0,2,2,False,,True,ligands_pdbqt/CHEMBL1550.pdbqt,-5.328,completed,vina_screening_full/poses/CHEMBL1550_out.pdbqt,vina_screening_full/logs/CHEMBL1550.log,688
CHEMBL1208,CINOXACIN,Small molecule,4.0,1980.0,0,CCn1nc(C(=O)O)c(=O)c2cc3c(cc21)OCO3,"InChI=1S/C12H10N2O5/c1-2-14-7-4-9-8(18-5-19-9)3-6(7)11(15)10(13-14)12(16)17/h3-4H,2,5H2,1H3,(H,16,17)",VDUWPHTZYNWKRN-UHFFFAOYSA-N,262.22,262.22,0.84,90.65,1.0,6.0,0.0,1,CHEMBL1208,CINOXACIN,1,0.6263113498687745,True,False,True,1,False,C;N;O,,,False,False,19,2,False,0,0,262.22099999999995,90.65,0.8432999999999997,1,5,3,False,,True,ligands_pdbqt/CHEMBL1208.pdbqt,-5.326,completed,vina_screening_full/poses/CHEMBL1208_out.pdbqt,vina_screening_full/logs/CHEMBL1208.log,689
CHEMBL144673,HEXETIDINE,Small molecule,4.0,,0,CCCCC(CC)CN1CN(CC(CC)CCCC)CC(C)(N)C1,"InChI=1S/C21H45N3/c1-6-10-12-19(8-3)14-23-16-21(5,22)17-24(18-23)15-20(9-4)13-11-7-2/h19-20H,6-18,22H2,1-5H3",DTOUUUZOYKYHEP-UHFFFAOYSA-N,339.61,339.61,4.71,32.5,1.0,3.0,0.0,1,CHEMBL144673,HEXETIDINE,1,0.9810561776161194,True,True,True,1,False,C;N,,,False,False,24,12,False,0,0,339.6120000000001,32.5,4.711700000000004,1,3,1,False,,True,ligands_pdbqt/CHEMBL144673.pdbqt,-5.325,completed,vina_screening_full/poses/CHEMBL144673_out.pdbqt,vina_screening_full/logs/CHEMBL144673.log,690
CHEMBL1289601,LENVATINIB,Small molecule,4.0,2015.0,0,COc1cc2nccc(Oc3ccc(NC(=O)NC4CC4)c(Cl)c3)c2cc1C(N)=O,"InChI=1S/C21H19ClN4O4/c1-29-19-10-17-13(9-14(19)20(23)27)18(6-7-24-17)30-12-4-5-16(15(22)8-12)26-21(28)25-11-2-3-11/h4-11H,2-3H2,1H3,(H2,23,27)(H2,25,26,28)",WOSKHXYHFSIKNG-UHFFFAOYSA-N,426.86,426.86,4.07,115.57,3.0,5.0,0.0,2,CHEMBL1289601;CHEMBL2105704,LENVATINIB;LENVATINIB MESYLATE,1,0.8878539681434632,True,True,True,1,False,C;Cl;N;O,,,False,False,30,6,False,0,0,426.8600000000003,115.57,4.071900000000002,3,5,4,False,,True,ligands_pdbqt/CHEMBL1289601.pdbqt,-5.321,completed,vina_screening_full/poses/CHEMBL1289601_out.pdbqt,vina_screening_full/logs/CHEMBL1289601.log,691
CHEMBL681,ETOMIDATE,Small molecule,4.0,1982.0,0,CCOC(=O)c1cncn1[C@H](C)c1ccccc1,"InChI=1S/C14H16N2O2/c1-3-18-14(17)13-9-15-10-16(13)11(2)12-7-5-4-6-8-12/h4-11H,3H2,1-2H3/t11-/m1/s1",NPUKDXXFDDZOKR-LLVKDONJSA-N,244.29,244.29,2.67,44.12,0.0,4.0,0.0,1,CHEMBL681,ETOMIDATE,1,0.8982977628707886,True,True,True,1,False,C;N;O,,,False,False,18,4,False,0,0,244.294,44.12,2.669100000000001,0,3,2,False,,True,ligands_pdbqt/CHEMBL681.pdbqt,-5.319,completed,vina_screening_full/poses/CHEMBL681_out.pdbqt,vina_screening_full/logs/CHEMBL681.log,692
CHEMBL197084,TROFINETIDE,Small molecule,4.0,2023.0,0,C[C@@]1(C(=O)N[C@@H](CCC(=O)O)C(=O)O)CCCN1C(=O)CN,"InChI=1S/C13H21N3O6/c1-13(5-2-6-16(13)9(17)7-14)12(22)15-8(11(20)21)3-4-10(18)19/h8H,2-7,14H2,1H3,(H,15,22)(H,18,19)(H,20,21)/t8-,13-/m0/s1",BUSXWGRAOZQTEY-SDBXPKJASA-N,315.33,315.33,-1.24,150.03,4.0,5.0,0.0,1,CHEMBL197084,TROFINETIDE,1,0.6006982922554016,True,False,True,1,False,C;N;O,,,False,False,22,7,False,0,0,315.3260000000001,150.03,-1.2395999999999974,4,5,1,False,,True,ligands_pdbqt/CHEMBL197084.pdbqt,-5.319,completed,vina_screening_full/poses/CHEMBL197084_out.pdbqt,vina_screening_full/logs/CHEMBL197084.log,693
CHEMBL316561,PROGLUMIDE,Small molecule,4.0,,1,CCCN(CCC)C(=O)C(CCC(=O)O)NC(=O)c1ccccc1,"InChI=1S/C18H26N2O4/c1-3-12-20(13-4-2)18(24)15(10-11-16(21)22)19-17(23)14-8-6-5-7-9-14/h5-9,15H,3-4,10-13H2,1-2H3,(H,19,23)(H,21,22)",DGMKFQYCZXERLX-UHFFFAOYSA-N,334.42,334.42,2.3,86.71,2.0,3.0,0.0,1,CHEMBL316561,PROGLUMIDE,1,0.6369940578937531,True,False,True,1,False,C;N;O,,,False,False,24,10,False,0,0,334.41600000000005,86.71000000000001,2.2984,2,3,1,False,,True,ligands_pdbqt/CHEMBL316561.pdbqt,-5.307,completed,vina_screening_full/poses/CHEMBL316561_out.pdbqt,vina_screening_full/logs/CHEMBL316561.log,694
CHEMBL6,INDOMETHACIN,Small molecule,4.0,1965.0,0,COc1ccc2c(c1)c(CC(=O)O)c(C)n2C(=O)c1ccc(Cl)cc1,"InChI=1S/C19H16ClNO4/c1-11-15(10-18(22)23)16-9-14(25-2)7-8-17(16)21(11)19(24)12-3-5-13(20)6-4-12/h3-9H,10H2,1-2H3,(H,22,23)",CGIGDMFJXJATDK-UHFFFAOYSA-N,357.79,357.79,3.93,68.53,1.0,4.0,0.0,2,CHEMBL3989410;CHEMBL6,INDOMETHACIN;INDOMETHACIN SODIUM,1,0.6454257369041443,True,False,True,1,False,C;Cl;N;O,,,False,False,25,4,False,0,0,357.793,68.53,3.9273200000000026,1,3,3,False,,True,ligands_pdbqt/CHEMBL6.pdbqt,-5.298,completed,vina_screening_full/poses/CHEMBL6_out.pdbqt,vina_screening_full/logs/CHEMBL6.log,695
CHEMBL1025,ISOFLUROPHATE,Small molecule,4.0,1957.0,0,CC(C)OP(=O)(F)OC(C)C,"InChI=1S/C6H14FO3P/c1-5(2)9-11(7,8)10-6(3)4/h5-6H,1-4H3",MUCZHBLJLSDCSD-UHFFFAOYSA-N,184.15,184.15,2.91,35.53,0.0,3.0,0.0,1,CHEMBL1025,ISOFLUROPHATE,1,0.9948611378669738,True,True,True,1,False,C;F;O;P,,,False,False,11,4,False,0,0,184.147,35.53,2.914000000000001,0,3,0,False,,True,ligands_pdbqt/CHEMBL1025.pdbqt,-5.297,completed,vina_screening_full/poses/CHEMBL1025_out.pdbqt,vina_screening_full/logs/CHEMBL1025.log,696
CHEMBL648,CYCLIZINE,Small molecule,4.0,1982.0,0,CN1CCN(C(c2ccccc2)c2ccccc2)CC1,"InChI=1S/C18H22N2/c1-19-12-14-20(15-13-19)18(16-8-4-2-5-9-16)17-10-6-3-7-11-17/h2-11,18H,12-15H2,1H3",UVKZSORBKUEBAZ-UHFFFAOYSA-N,266.39,266.39,3.02,6.48,0.0,2.0,0.0,2,CHEMBL1200497;CHEMBL648,CYCLIZINE;CYCLIZINE LACTATE,1,0.984624457359314,True,True,True,1,False,C;N,,,False,False,20,3,False,0,0,266.38800000000003,6.48,3.0234000000000014,0,2,3,False,,True,ligands_pdbqt/CHEMBL648.pdbqt,-5.287,completed,vina_screening_full/poses/CHEMBL648_out.pdbqt,vina_screening_full/logs/CHEMBL648.log,697
CHEMBL1515611,BROMISOVALUM,Small molecule,4.0,,1,CC(C)C(Br)C(=O)NC(N)=O,"InChI=1S/C6H11BrN2O2/c1-3(2)4(7)5(10)9-6(8)11/h3-4H,1-2H3,(H3,8,9,10,11)",CMCCHHWTTBEZNM-UHFFFAOYSA-N,223.07,223.07,0.6,72.19,2.0,2.0,0.0,1,CHEMBL1515611,BROMISOVALUM,1,0.9928598999977112,True,True,True,1,False,Br;C;N;O,,,False,False,11,2,False,0,0,223.07,72.19,0.6008000000000002,2,2,0,False,,True,ligands_pdbqt/CHEMBL1515611.pdbqt,-5.277,completed,vina_screening_full/poses/CHEMBL1515611_out.pdbqt,vina_screening_full/logs/CHEMBL1515611.log,698
CHEMBL3188267,CAPMATINIB,Small molecule,4.0,2020.0,0,CNC(=O)c1ccc(-c2cnc3ncc(Cc4ccc5ncccc5c4)n3n2)cc1F,"InChI=1S/C23H17FN6O/c1-25-22(31)18-6-5-16(11-19(18)24)21-13-28-23-27-12-17(30(23)29-21)10-14-4-7-20-15(9-14)3-2-8-26-20/h2-9,11-13H,10H2,1H3,(H,25,31)",LIOLIMKSCNQPLV-UHFFFAOYSA-N,412.43,412.43,3.43,85.07,1.0,6.0,0.0,2,CHEMBL3188267;CHEMBL3989937,CAPMATINIB;CAPMATINIB HYDROCHLORIDE,1,0.5990156531333923,True,False,True,1,False,C;F;N;O,,,False,False,31,4,False,0,0,412.42800000000005,85.07000000000001,3.429000000000002,1,5,5,False,,True,ligands_pdbqt/CHEMBL3188267.pdbqt,-5.276,completed,vina_screening_full/poses/CHEMBL3188267_out.pdbqt,vina_screening_full/logs/CHEMBL3188267.log,699
CHEMBL1615350,CLOMACRAN,Small molecule,4.0,,1,CN(C)CCCC1c2ccccc2Nc2ccc(Cl)cc21,"InChI=1S/C18H21ClN2/c1-21(2)11-5-7-14-15-6-3-4-8-17(15)20-18-10-9-13(19)12-16(14)18/h3-4,6,8-10,12,14,20H,5,7,11H2,1-2H3",JFRLWWDJCFYFSU-UHFFFAOYSA-N,300.83,300.83,4.87,15.27,1.0,2.0,0.0,2,CHEMBL1615350;CHEMBL2104136,CLOMACRAN;CLOMACRAN PHOSPHATE,1,0.9979470252990724,True,True,True,1,False,C;Cl;N,,,False,False,21,4,False,0,0,300.833,15.27,4.870700000000004,1,2,3,False,,True,ligands_pdbqt/CHEMBL1615350.pdbqt,-5.257,completed,vina_screening_full/poses/CHEMBL1615350_out.pdbqt,vina_screening_full/logs/CHEMBL1615350.log,700
CHEMBL203321,BRINCIDOFOVIR,Small molecule,4.0,2021.0,0,CCCCCCCCCCCCCCCCOCCCOP(=O)(O)CO[C@H](CO)Cn1ccc(N)nc1=O,"InChI=1S/C27H52N3O7P/c1-2-3-4-5-6-7-8-9-10-11-12-13-14-15-19-35-20-16-21-37-38(33,34)24-36-25(23-31)22-30-18-17-26(28)29-27(30)32/h17-18,25,31H,2-16,19-24H2,1H3,(H,33,34)(H2,28,29,32)/t25-/m0/s1",WXJFKKQWPMNTIM-VWLOTQADSA-N,561.7,561.7,5.25,146.13,3.0,9.0,2.0,1,CHEMBL203321,BRINCIDOFOVIR,1,0.8238852143287658,True,True,True,1,False,C;N;O;P,,,False,False,38,26,False,0,0,561.7010000000001,146.13,5.250500000000005,3,8,1,False,,True,ligands_pdbqt/CHEMBL203321.pdbqt,-5.253,completed,vina_screening_full/poses/CHEMBL203321_out.pdbqt,vina_screening_full/logs/CHEMBL203321.log,701
CHEMBL991,STAVUDINE,Small molecule,4.0,1994.0,0,Cc1cn([C@H]2C=C[C@@H](CO)O2)c(=O)[nH]c1=O,"InChI=1S/C10H12N2O4/c1-6-4-12(10(15)11-9(6)14)8-3-2-7(5-13)16-8/h2-4,7-8,13H,5H2,1H3,(H,11,14,15)/t7-,8+/m0/s1",XNKLLVCARDGLGL-JGVFFNPUSA-N,224.22,224.22,-0.71,84.32,2.0,5.0,0.0,1,CHEMBL991,STAVUDINE,1,0.7198285460472107,True,False,True,1,False,C;N;O,,,False,False,16,2,False,0,0,224.216,84.32,-0.7090799999999999,2,4,2,False,,True,ligands_pdbqt/CHEMBL991.pdbqt,-5.247,completed,vina_screening_full/poses/CHEMBL991_out.pdbqt,vina_screening_full/logs/CHEMBL991.log,702
CHEMBL285674,ESTAZOLAM,Small molecule,4.0,1990.0,0,Clc1ccc2c(c1)C(c1ccccc1)=NCc1nncn1-2,"InChI=1S/C16H11ClN4/c17-12-6-7-14-13(8-12)16(11-4-2-1-3-5-11)18-9-15-20-19-10-21(14)15/h1-8,10H,9H2",CDCHDCWJMGXXRH-UHFFFAOYSA-N,294.75,294.75,3.27,43.07,0.0,4.0,0.0,1,CHEMBL285674,ESTAZOLAM,1,0.9678526759147644,True,True,True,1,False,C;Cl;N,,,False,False,21,1,False,0,0,294.745,43.07,3.2717000000000027,0,3,4,False,,True,ligands_pdbqt/CHEMBL285674.pdbqt,-5.246,completed,vina_screening_full/poses/CHEMBL285674_out.pdbqt,vina_screening_full/logs/CHEMBL285674.log,703
CHEMBL4066936,VERICIGUAT,Small molecule,4.0,2021.0,0,COC(=O)Nc1c(N)nc(-c2nn(Cc3ccccc3F)c3ncc(F)cc23)nc1N,"InChI=1S/C19H16F2N8O2/c1-31-19(30)25-14-15(22)26-17(27-16(14)23)13-11-6-10(20)7-24-18(11)29(28-13)8-9-4-2-3-5-12(9)21/h2-7H,8H2,1H3,(H,25,30)(H4,22,23,26,27)",QZFHIXARHDBPBY-UHFFFAOYSA-N,426.39,426.39,2.56,146.86,3.0,9.0,0.0,1,CHEMBL4066936,VERICIGUAT,1,0.7497112870216369,True,False,True,1,False,C;F;N;O,,,False,False,31,4,False,0,0,426.3870000000001,146.86,2.557499999999999,3,8,4,False,,True,ligands_pdbqt/CHEMBL4066936.pdbqt,-5.241,completed,vina_screening_full/poses/CHEMBL4066936_out.pdbqt,vina_screening_full/logs/CHEMBL4066936.log,704
CHEMBL3304486,DIFEMERINE,Small molecule,4.0,,1,CN(C)CC(C)(C)OC(=O)C(O)(c1ccccc1)c1ccccc1,"InChI=1S/C20H25NO3/c1-19(2,15-21(3)4)24-18(22)20(23,16-11-7-5-8-12-16)17-13-9-6-10-14-17/h5-14,23H,15H2,1-4H3",WJIZVQNUJVMJAZ-UHFFFAOYSA-N,327.42,327.42,2.81,49.77,1.0,4.0,0.0,2,CHEMBL3301670;CHEMBL3304486,DIFEMERINE;DIFEMERINE HYDROCHLORIDE,1,0.6869805693626404,True,False,True,1,False,C;N;O,,,False,False,24,6,False,0,0,327.42400000000004,49.77,2.8059000000000003,1,4,2,False,,True,ligands_pdbqt/CHEMBL3304486.pdbqt,-5.239,completed,vina_screening_full/poses/CHEMBL3304486_out.pdbqt,vina_screening_full/logs/CHEMBL3304486.log,705
CHEMBL976,PRAZIQUANTEL,Small molecule,4.0,1982.0,0,O=C(C1CCCCC1)N1CC(=O)N2CCc3ccccc3C2C1,"InChI=1S/C19H24N2O2/c22-18-13-20(19(23)15-7-2-1-3-8-15)12-17-16-9-5-4-6-14(16)10-11-21(17)18/h4-6,9,15,17H,1-3,7-8,10-13H2",FSVJFNAIGNNGKK-UHFFFAOYSA-N,312.41,312.41,2.53,40.62,0.0,2.0,0.0,1,CHEMBL976,PRAZIQUANTEL,1,0.98903671503067,True,True,True,1,False,C;N;O,,,False,False,23,1,False,0,0,312.41300000000007,40.620000000000005,2.5349000000000004,0,2,4,False,,True,ligands_pdbqt/CHEMBL976.pdbqt,-5.235,completed,vina_screening_full/poses/CHEMBL976_out.pdbqt,vina_screening_full/logs/CHEMBL976.log,706
CHEMBL70246,ACEFYLLINE,Small molecule,4.0,,0,Cn1c(=O)c2c(ncn2CC(=O)O)n(C)c1=O,"InChI=1S/C9H10N4O4/c1-11-7-6(8(16)12(2)9(11)17)13(4-10-7)3-5(14)15/h4H,3H2,1-2H3,(H,14,15)",HCYFGRCYSCXKNQ-UHFFFAOYSA-N,238.2,238.2,-1.48,99.12,1.0,7.0,0.0,2,CHEMBL2106660;CHEMBL70246,ACEFYLLINE;ACEFYLLINE PIPERAZINE,1,0.7700467348098755,True,False,True,1,False,C;N;O,,,False,False,17,2,False,0,0,238.203,99.12,-1.4816999999999998,1,4,2,False,,True,ligands_pdbqt/CHEMBL70246.pdbqt,-5.233,completed,vina_screening_full/poses/CHEMBL70246_out.pdbqt,vina_screening_full/logs/CHEMBL70246.log,707
CHEMBL1742471,EBROTIDINE,Small molecule,4.0,,1,NC(N)=Nc1nc(CSCCN/C=N/S(=O)(=O)c2ccc(Br)cc2)cs1,"InChI=1S/C14H17BrN6O2S3/c15-10-1-3-12(4-2-10)26(22,23)19-9-18-5-6-24-7-11-8-25-14(20-11)21-13(16)17/h1-4,8-9H,5-7H2,(H,18,19)(H4,16,17,20,21)",ZQHFZHPUZXNPMF-UHFFFAOYSA-N,477.44,477.44,2.05,135.82,3.0,6.0,0.0,1,CHEMBL1742471,EBROTIDINE,1,0.6543914675712585,True,False,True,1,False,Br;C;N;O;S,,,False,False,26,9,False,0,0,477.4350000000001,135.82,2.0505,3,6,2,False,,True,ligands_pdbqt/CHEMBL1742471.pdbqt,-5.224,completed,vina_screening_full/poses/CHEMBL1742471_out.pdbqt,vina_screening_full/logs/CHEMBL1742471.log,708
CHEMBL70927,DEFERIPRONE,Small molecule,4.0,1999.0,0,Cc1c(O)c(=O)ccn1C,"InChI=1S/C7H9NO2/c1-5-7(10)6(9)3-4-8(5)2/h3-4,10H,1-2H3",TZXKOCQBRNJULO-UHFFFAOYSA-N,139.15,139.15,0.4,42.23,1.0,3.0,0.0,1,CHEMBL70927,DEFERIPRONE,1,0.7850188970565796,True,False,True,1,False,C;N;O,,,False,False,10,0,False,0,0,139.154,42.23,0.3993199999999998,1,2,1,False,,True,ligands_pdbqt/CHEMBL70927.pdbqt,-5.221,completed,vina_screening_full/poses/CHEMBL70927_out.pdbqt,vina_screening_full/logs/CHEMBL70927.log,709
CHEMBL1213492,GIVINOSTAT,Small molecule,4.0,2024.0,0,CCN(CC)Cc1ccc2cc(COC(=O)Nc3ccc(C(=O)NO)cc3)ccc2c1,"InChI=1S/C24H27N3O4/c1-3-27(4-2)15-17-5-7-21-14-18(6-8-20(21)13-17)16-31-24(29)25-22-11-9-19(10-12-22)23(28)26-30/h5-14,30H,3-4,15-16H2,1-2H3,(H,25,29)(H,26,28)",YALNUENQHAQXEA-UHFFFAOYSA-N,421.5,421.5,4.55,90.9,3.0,5.0,0.0,2,CHEMBL1213492;CHEMBL6068400,GIVINOSTAT;GIVINOSTAT HYDROCHLORIDE,1,0.8817416191101074,True,True,True,1,False,C;N;O,,,False,False,31,8,False,0,0,421.49700000000007,90.9,4.549300000000003,3,5,3,False,,True,ligands_pdbqt/CHEMBL1213492.pdbqt,-5.206,completed,vina_screening_full/poses/CHEMBL1213492_out.pdbqt,vina_screening_full/logs/CHEMBL1213492.log,710
CHEMBL19,METHAZOLAMIDE,Small molecule,4.0,1959.0,0,CC(=O)/N=c1/sc(S(N)(=O)=O)nn1C,"InChI=1S/C5H8N4O3S2/c1-3(10)7-4-9(2)8-5(13-4)14(6,11)12/h1-2H3,(H2,6,11,12)/b7-4+",FLOSMHQXBMRNHR-QPJJXVBHSA-N,236.28,236.28,-1.42,107.41,1.0,6.0,0.0,1,CHEMBL19,METHAZOLAMIDE,1,0.9305368900299072,True,True,True,1,False,C;N;O;S,,,False,False,14,1,False,0,0,236.278,107.41,-1.4237999999999995,1,5,1,False,,True,ligands_pdbqt/CHEMBL19.pdbqt,-5.203,completed,vina_screening_full/poses/CHEMBL19_out.pdbqt,vina_screening_full/logs/CHEMBL19.log,711
CHEMBL836,TAMSULOSIN,Small molecule,4.0,1997.0,0,CCOc1ccccc1OCCN[C@H](C)Cc1ccc(OC)c(S(N)(=O)=O)c1,"InChI=1S/C20H28N2O5S/c1-4-26-17-7-5-6-8-18(17)27-12-11-22-15(2)13-16-9-10-19(25-3)20(14-16)28(21,23)24/h5-10,14-15,22H,4,11-13H2,1-3H3,(H2,21,23,24)/t15-/m1/s1",DRHKJLXJIQTDTD-OAHLLOKOSA-N,408.52,408.52,2.34,99.88,2.0,6.0,0.0,2,CHEMBL1200914;CHEMBL836,TAMSULOSIN;TAMSULOSIN HYDROCHLORIDE,1,0.6837929368019104,True,False,True,1,False,C;N;O;S,,,False,False,28,11,False,0,0,408.5200000000001,99.88,2.3409000000000004,2,6,2,False,,True,ligands_pdbqt/CHEMBL836.pdbqt,-5.2,completed,vina_screening_full/poses/CHEMBL836_out.pdbqt,vina_screening_full/logs/CHEMBL836.log,712
CHEMBL959,RIMANTADINE,Small molecule,4.0,1993.0,0,CC(N)C12CC3CC(CC(C3)C1)C2,"InChI=1S/C12H21N/c1-8(13)12-5-9-2-10(6-12)4-11(3-9)7-12/h8-11H,2-7,13H2,1H3",UBCHPRBFMUDMNC-UHFFFAOYSA-N,179.31,179.31,2.55,26.02,1.0,1.0,0.0,2,CHEMBL535396;CHEMBL959,RIMANTADINE;RIMANTADINE HYDROCHLORIDE,1,0.9835445523262024,True,True,True,1,False,C;N,,,False,False,13,1,False,0,0,179.30699999999996,26.02,2.5500000000000007,1,1,4,False,,True,ligands_pdbqt/CHEMBL959.pdbqt,-5.199,completed,vina_screening_full/poses/CHEMBL959_out.pdbqt,vina_screening_full/logs/CHEMBL959.log,713
CHEMBL695,TRIMETHADIONE,Small molecule,4.0,1946.0,0,CN1C(=O)OC(C)(C)C1=O,InChI=1S/C6H9NO3/c1-6(2)4(8)7(3)5(9)10-6/h1-3H3,IRYJRGCIQBGHIV-UHFFFAOYSA-N,143.14,143.14,0.37,46.61,0.0,3.0,0.0,1,CHEMBL695,TRIMETHADIONE,1,0.9926732778549194,True,True,True,1,False,C;N;O,,,False,False,10,0,False,0,0,143.142,46.61,0.3735999999999999,0,3,1,False,,True,ligands_pdbqt/CHEMBL695.pdbqt,-5.193,completed,vina_screening_full/poses/CHEMBL695_out.pdbqt,vina_screening_full/logs/CHEMBL695.log,714
CHEMBL284348,DALFAMPRIDINE,Small molecule,4.0,2010.0,0,Nc1ccncc1,"InChI=1S/C5H6N2/c6-5-1-3-7-4-2-5/h1-4H,(H2,6,7)",NUKYPUAOHBNCPY-UHFFFAOYSA-N,94.12,94.12,0.66,38.91,1.0,2.0,0.0,1,CHEMBL284348,DALFAMPRIDINE,1,0.7893915295600891,True,False,True,1,False,C;N,,,False,False,7,0,False,0,0,94.117,38.91,0.6638000000000001,1,2,1,False,,True,ligands_pdbqt/CHEMBL284348.pdbqt,-5.186,completed,vina_screening_full/poses/CHEMBL284348_out.pdbqt,vina_screening_full/logs/CHEMBL284348.log,715
CHEMBL1046,AMINOCAPROIC ACID,Small molecule,4.0,1964.0,0,NCCCCCC(=O)O,"InChI=1S/C6H13NO2/c7-5-3-1-2-4-6(8)9/h1-5,7H2,(H,8,9)",SLXKOJJOQWFEFD-UHFFFAOYSA-N,131.18,131.18,0.59,63.32,2.0,2.0,0.0,1,CHEMBL1046,AMINOCAPROIC ACID,1,0.7183807611465454,True,False,True,1,False,C;N;O,,,False,False,9,5,False,0,0,131.175,63.32000000000001,0.5901000000000001,2,2,0,False,,True,ligands_pdbqt/CHEMBL1046.pdbqt,-5.186,completed,vina_screening_full/poses/CHEMBL1046_out.pdbqt,vina_screening_full/logs/CHEMBL1046.log,716
CHEMBL137,METRONIDAZOLE,Small molecule,4.0,1963.0,0,Cc1ncc([N+](=O)[O-])n1CCO,"InChI=1S/C6H9N3O3/c1-5-7-4-6(9(11)12)8(5)2-3-10/h4,10H,2-3H2,1H3",VAOCPAMSLUNLGC-UHFFFAOYSA-N,171.16,171.16,0.09,81.19,1.0,5.0,0.0,2,CHEMBL1200869;CHEMBL137,METRONIDAZOLE;METRONIDAZOLE HYDROCHLORIDE,1,0.9669114708900453,True,True,True,1,False,C;N;O,,,False,False,12,3,False,0,0,171.15599999999998,81.19,0.0920199999999999,1,4,1,False,,True,ligands_pdbqt/CHEMBL137.pdbqt,-5.184,completed,vina_screening_full/poses/CHEMBL137_out.pdbqt,vina_screening_full/logs/CHEMBL137.log,717
CHEMBL1452696,FEPRAZONE,Small molecule,4.0,,1,CC(C)=CCC1C(=O)N(c2ccccc2)N(c2ccccc2)C1=O,"InChI=1S/C20H20N2O2/c1-15(2)13-14-18-19(23)21(16-9-5-3-6-10-16)22(20(18)24)17-11-7-4-8-12-17/h3-13,18H,14H2,1-2H3",RBBWCVQDXDFISW-UHFFFAOYSA-N,320.39,320.39,3.95,40.62,0.0,2.0,0.0,1,CHEMBL1452696,FEPRAZONE,1,0.9205240726470948,True,True,True,1,False,C;N;O,,,False,False,24,4,False,0,0,320.3920000000001,40.620000000000005,3.953900000000002,0,2,3,False,,True,ligands_pdbqt/CHEMBL1452696.pdbqt,-5.18,completed,vina_screening_full/poses/CHEMBL1452696_out.pdbqt,vina_screening_full/logs/CHEMBL1452696.log,718
CHEMBL1341,METHOXYFLURANE,Small molecule,4.0,,1,COC(F)(F)C(Cl)Cl,"InChI=1S/C3H4Cl2F2O/c1-8-3(6,7)2(4)5/h2H,1H3",RFKMCNOHBTXSMU-UHFFFAOYSA-N,164.97,164.97,2.03,9.23,0.0,1.0,0.0,1,CHEMBL1341,METHOXYFLURANE,1,0.9996960520744324,True,True,True,1,False,C;Cl;F;O,,,False,False,8,2,False,0,0,164.966,9.23,2.0293,0,1,0,False,,True,ligands_pdbqt/CHEMBL1341.pdbqt,-5.175,completed,vina_screening_full/poses/CHEMBL1341_out.pdbqt,vina_screening_full/logs/CHEMBL1341.log,719
CHEMBL398435,TICAGRELOR,Small molecule,4.0,2010.0,0,CCCSc1nc(N[C@@H]2C[C@H]2c2ccc(F)c(F)c2)c2nnn([C@@H]3C[C@H](OCCO)[C@@H](O)[C@H]3O)c2n1,"InChI=1S/C23H28F2N6O4S/c1-2-7-36-23-27-21(26-15-9-12(15)11-3-4-13(24)14(25)8-11)18-22(28-23)31(30-29-18)16-10-17(35-6-5-32)20(34)19(16)33/h3-4,8,12,15-17,19-20,32-34H,2,5-7,9-10H2,1H3,(H,26,27,28)/t12-,15+,16+,17-,19-,20+/m0/s1",OEKWJQXRCDYSHL-FNOIDJSQSA-N,522.58,522.58,2.01,138.44,4.0,11.0,2.0,1,CHEMBL398435,TICAGRELOR,1,0.7162260413169861,True,False,True,1,False,C;F;N;O;S,,,False,False,36,10,False,0,0,522.5780000000002,138.44,2.0137,4,10,5,False,,True,ligands_pdbqt/CHEMBL398435.pdbqt,-5.169,completed,vina_screening_full/poses/CHEMBL398435_out.pdbqt,vina_screening_full/logs/CHEMBL398435.log,720
CHEMBL3183075,NIZATIDINE,Small molecule,4.0,1988.0,0,CNC(=C[N+](=O)[O-])NCCSCc1csc(CN(C)C)n1,"InChI=1S/C12H21N5O2S2/c1-13-11(6-17(18)19)14-4-5-20-8-10-9-21-12(15-10)7-16(2)3/h6,9,13-14H,4-5,7-8H2,1-3H3",SGXXNSQHWDMGGP-UHFFFAOYSA-N,331.47,331.47,1.32,83.33,2.0,8.0,0.0,1,CHEMBL3183075,NIZATIDINE,1,0.7334897756576538,True,False,True,1,False,C;N;O;S,,,False,False,21,10,False,0,0,331.4670000000001,83.33,1.3224999999999998,2,8,1,False,,True,ligands_pdbqt/CHEMBL3183075.pdbqt,-5.168,completed,vina_screening_full/poses/CHEMBL3183075_out.pdbqt,vina_screening_full/logs/CHEMBL3183075.log,721
CHEMBL1295,BUTOCONAZOLE,Small molecule,4.0,1985.0,0,Clc1ccc(CCC(Cn2ccnc2)Sc2c(Cl)cccc2Cl)cc1,"InChI=1S/C19H17Cl3N2S/c20-15-7-4-14(5-8-15)6-9-16(12-24-11-10-23-13-24)25-19-17(21)2-1-3-18(19)22/h1-5,7-8,10-11,13,16H,6,9,12H2",SWLMUYACZKCSHZ-UHFFFAOYSA-N,411.79,411.79,6.64,17.82,0.0,3.0,1.0,2,CHEMBL1200398;CHEMBL1295,BUTOCONAZOLE;BUTOCONAZOLE NITRATE,1,0.6827916264533996,True,False,True,1,False,C;Cl;N;S,,,False,False,25,7,False,0,0,411.7850000000001,17.82,6.637000000000003,0,2,3,False,,True,ligands_pdbqt/CHEMBL1295.pdbqt,-5.168,completed,vina_screening_full/poses/CHEMBL1295_out.pdbqt,vina_screening_full/logs/CHEMBL1295.log,722
CHEMBL1431,METFORMIN,Small molecule,4.0,1995.0,0,CN(C)C(=N)NC(=N)N,"InChI=1S/C4H11N5/c1-9(2)4(7)8-3(5)6/h1-2H3,(H5,5,6,7,8)",XZWYZXLIPXDOLR-UHFFFAOYSA-N,129.17,129.17,-1.03,88.99,4.0,2.0,0.0,2,CHEMBL1431;CHEMBL1703,METFORMIN;METFORMIN HYDROCHLORIDE,1,0.5102557480335236,True,False,True,1,False,C;N,,,False,False,9,0,False,0,0,129.167,88.99000000000001,-1.034159999999999,4,2,0,False,,True,ligands_pdbqt/CHEMBL1431.pdbqt,-5.164,completed,vina_screening_full/poses/CHEMBL1431_out.pdbqt,vina_screening_full/logs/CHEMBL1431.log,723
CHEMBL252556,IDEBENONE,Small molecule,4.0,2015.0,0,COC1=C(OC)C(=O)C(CCCCCCCCCCO)=C(C)C1=O,"InChI=1S/C19H30O5/c1-14-15(12-10-8-6-4-5-7-9-11-13-20)17(22)19(24-3)18(23-2)16(14)21/h20H,4-13H2,1-3H3",JGPMMRGNQUBGND-UHFFFAOYSA-N,338.44,338.44,3.46,72.83,1.0,5.0,0.0,1,CHEMBL252556,IDEBENONE,1,0.8546375393867492,True,True,True,1,False,C;O,,,False,False,24,12,False,0,0,338.444,72.83000000000001,3.4623000000000026,1,5,1,False,,True,ligands_pdbqt/CHEMBL252556.pdbqt,-5.155,completed,vina_screening_full/poses/CHEMBL252556_out.pdbqt,vina_screening_full/logs/CHEMBL252556.log,724
CHEMBL56337,EPALRESTAT,Small molecule,4.0,1992.0,0,CC(/C=C1\SC(=S)N(CC(=O)O)C1=O)=C\c1ccccc1,"InChI=1S/C15H13NO3S2/c1-10(7-11-5-3-2-4-6-11)8-12-14(19)16(9-13(17)18)15(20)21-12/h2-8H,9H2,1H3,(H,17,18)/b10-7+,12-8-",CHNUOJQWGUIOLD-NFZZJPOKSA-N,319.41,319.41,2.92,57.61,1.0,4.0,0.0,1,CHEMBL56337,EPALRESTAT,1,0.7709710955619812,True,False,True,1,False,C;N;O;S,,,False,False,21,4,False,0,0,319.407,57.61000000000001,2.918700000000001,1,4,2,False,,True,ligands_pdbqt/CHEMBL56337.pdbqt,-5.153,completed,vina_screening_full/poses/CHEMBL56337_out.pdbqt,vina_screening_full/logs/CHEMBL56337.log,725
CHEMBL1190,DECAMETHONIUM,Small molecule,4.0,1982.0,0,C[N+](C)(C)CCCCCCCCCC[N+](C)(C)C,"InChI=1S/C16H38N2/c1-17(2,3)15-13-11-9-7-8-10-12-14-16-18(4,5)6/h7-16H2,1-6H3/q+2",MTCUAOILFDZKCO-UHFFFAOYSA-N,258.49,258.49,3.52,0.0,0.0,0.0,0.0,2,CHEMBL1134;CHEMBL1190,DECAMETHONIUM;DECAMETHONIUM BROMIDE,1,0.6284902334213257,True,False,True,1,False,C;N,,,False,False,18,11,False,2,2,258.4939999999999,0.0,3.5196000000000023,0,0,0,False,,True,ligands_pdbqt/CHEMBL1190.pdbqt,-5.141,completed,vina_screening_full/poses/CHEMBL1190_out.pdbqt,vina_screening_full/logs/CHEMBL1190.log,726
CHEMBL1096562,METHYL AMINOLEVULINATE,Small molecule,4.0,2004.0,0,COC(=O)CCC(=O)CN,"InChI=1S/C6H11NO3/c1-10-6(9)3-2-5(8)4-7/h2-4,7H2,1H3",YUUAYBAIHCDHHD-UHFFFAOYSA-N,145.16,145.16,-0.53,69.39,1.0,4.0,0.0,2,CHEMBL1096562;CHEMBL1201093,METHYL AMINOLEVULINATE;METHYL AMINOLEVULINATE HYDROCHLORIDE,1,0.9412776112556458,True,True,True,1,False,C;N;O,,,False,False,10,4,False,0,0,145.158,69.39,-0.5326000000000002,1,4,0,False,,True,ligands_pdbqt/CHEMBL1096562.pdbqt,-5.128,completed,vina_screening_full/poses/CHEMBL1096562_out.pdbqt,vina_screening_full/logs/CHEMBL1096562.log,727
CHEMBL1201264,METHANTHELINE,Small molecule,4.0,1951.0,0,CC[N+](C)(CC)CCOC(=O)C1c2ccccc2Oc2ccccc21,"InChI=1S/C21H26NO3/c1-4-22(3,5-2)14-15-24-21(23)20-16-10-6-8-12-18(16)25-19-13-9-7-11-17(19)20/h6-13,20H,4-5,14-15H2,1-3H3/q+1",GZHFODJQISUKAY-UHFFFAOYSA-N,340.44,340.44,3.95,35.53,0.0,3.0,0.0,2,CHEMBL1200988;CHEMBL1201264,METHANTHELINE;METHANTHELINE BROMIDE,1,0.5918161332607269,True,False,True,1,False,C;N;O,,,False,False,25,6,False,1,1,340.4430000000001,35.53,3.953800000000003,0,3,3,False,,True,ligands_pdbqt/CHEMBL1201264.pdbqt,-5.123,completed,vina_screening_full/poses/CHEMBL1201264_out.pdbqt,vina_screening_full/logs/CHEMBL1201264.log,728
CHEMBL742,KETAMINE,Small molecule,4.0,1970.0,0,CNC1(c2ccccc2Cl)CCCCC1=O,"InChI=1S/C13H16ClNO/c1-15-13(9-5-4-8-12(13)16)10-6-2-3-7-11(10)14/h2-3,6-7,15H,4-5,8-9H2,1H3",YQEZLKZALYSWHR-UHFFFAOYSA-N,237.73,237.73,2.9,29.1,1.0,2.0,0.0,2,CHEMBL1714;CHEMBL742,KETAMINE;KETAMINE HYDROCHLORIDE,1,0.9874523639678956,True,True,True,1,False,C;Cl;N;O,,,False,False,16,2,False,0,0,237.7299999999999,29.1,2.897800000000001,1,2,2,False,,True,ligands_pdbqt/CHEMBL742.pdbqt,-5.113,completed,vina_screening_full/poses/CHEMBL742_out.pdbqt,vina_screening_full/logs/CHEMBL742.log,729
CHEMBL522038,XIMELAGATRAN,Small molecule,4.0,,1,CCOC(=O)CN[C@@H](C(=O)N1CC[C@H]1C(=O)NCc1ccc(/C(N)=N\O)cc1)C1CCCCC1,"InChI=1S/C24H35N5O5/c1-2-34-20(30)15-26-21(17-6-4-3-5-7-17)24(32)29-13-12-19(29)23(31)27-14-16-8-10-18(11-9-16)22(25)28-33/h8-11,17,19,21,26,33H,2-7,12-15H2,1H3,(H2,25,28)(H,27,31)/t19-,21+/m0/s1",ZXIBCJHYVWYIKI-PZJWPPBQSA-N,473.57,473.57,1.1,146.35,4.0,7.0,0.0,1,CHEMBL522038,XIMELAGATRAN,1,0.5547060281038284,True,False,True,1,False,C;N;O,,,False,False,34,10,False,0,0,473.5740000000003,146.35,1.099800000000003,4,7,3,False,,True,ligands_pdbqt/CHEMBL522038.pdbqt,-5.112,completed,vina_screening_full/poses/CHEMBL522038_out.pdbqt,vina_screening_full/logs/CHEMBL522038.log,730
CHEMBL589586,MONOMETHYL FUMARATE,Small molecule,4.0,2020.0,0,COC(=O)/C=C/C(=O)O,"InChI=1S/C5H6O4/c1-9-5(8)3-2-4(6)7/h2-3H,1H3,(H,6,7)/b3-2+",NKHAVTQWNUWKEO-NSCUHMNNSA-N,130.1,130.1,-0.2,63.6,1.0,3.0,0.0,1,CHEMBL589586,MONOMETHYL FUMARATE,1,0.9640655517578124,True,True,True,1,False,C;O,,,False,False,9,2,False,0,0,130.099,63.60000000000001,-0.1998,1,3,0,False,,True,ligands_pdbqt/CHEMBL589586.pdbqt,-5.111,completed,vina_screening_full/poses/CHEMBL589586_out.pdbqt,vina_screening_full/logs/CHEMBL589586.log,731
CHEMBL2443262,OLICERIDINE,Small molecule,4.0,2020.0,0,COc1ccsc1CNCC[C@@]1(c2ccccn2)CCOC2(CCCC2)C1,"InChI=1S/C22H30N2O2S/c1-25-18-7-15-27-19(18)16-23-13-10-21(20-6-2-5-12-24-20)11-14-26-22(17-21)8-3-4-9-22/h2,5-7,12,15,23H,3-4,8-11,13-14,16-17H2,1H3/t21-/m1/s1",DMNOVGJWPASQDL-OAQYLSRUSA-N,386.56,386.56,4.69,43.38,1.0,5.0,0.0,1,CHEMBL2443262,OLICERIDINE,1,0.9268598556518556,True,True,True,1,False,C;N;O;S,,,False,False,27,7,False,0,0,386.5610000000003,43.38,4.692600000000004,1,5,4,False,,True,ligands_pdbqt/CHEMBL2443262.pdbqt,-5.105,completed,vina_screening_full/poses/CHEMBL2443262_out.pdbqt,vina_screening_full/logs/CHEMBL2443262.log,732
CHEMBL601,AMINOLEVULINIC ACID,Small molecule,4.0,1999.0,0,NCC(=O)CCC(=O)O,"InChI=1S/C5H9NO3/c6-3-4(7)1-2-5(8)9/h1-3,6H2,(H,8,9)",ZGXJTSGNIOSYLO-UHFFFAOYSA-N,131.13,131.13,-0.62,80.39,2.0,3.0,0.0,2,CHEMBL1200582;CHEMBL601,AMINOLEVULINIC ACID;AMINOLEVULINIC ACID HYDROCHLORIDE,1,0.6251720786094666,True,False,True,1,False,C;N;O,,,False,False,9,4,False,0,0,131.131,80.39,-0.6210000000000004,2,3,0,False,,True,ligands_pdbqt/CHEMBL601.pdbqt,-5.102,completed,vina_screening_full/poses/CHEMBL601_out.pdbqt,vina_screening_full/logs/CHEMBL601.log,733
CHEMBL1909072,PIPAMAZINE,Small molecule,4.0,,1,NC(=O)C1CCN(CCCN2c3ccccc3Sc3ccc(Cl)cc32)CC1,"InChI=1S/C21H24ClN3OS/c22-16-6-7-20-18(14-16)25(17-4-1-2-5-19(17)27-20)11-3-10-24-12-8-15(9-13-24)21(23)26/h1-2,4-7,14-15H,3,8-13H2,(H2,23,26)",OSJJYEUEJRVVOD-UHFFFAOYSA-N,401.96,401.96,4.53,49.57,1.0,4.0,0.0,1,CHEMBL1909072,PIPAMAZINE,1,0.9976115107536316,True,True,True,1,False,C;Cl;N;O;S,,,False,False,27,5,False,0,0,401.96300000000025,49.57000000000001,4.530100000000004,1,4,4,False,,True,ligands_pdbqt/CHEMBL1909072.pdbqt,-5.086,completed,vina_screening_full/poses/CHEMBL1909072_out.pdbqt,vina_screening_full/logs/CHEMBL1909072.log,734
CHEMBL1076903,VARENICLINE,Small molecule,4.0,2006.0,0,c1cnc2cc3c(cc2n1)[C@@H]1CNC[C@H]3C1,"InChI=1S/C13H13N3/c1-2-16-13-5-11-9-3-8(6-14-7-9)10(11)4-12(13)15-1/h1-2,4-5,8-9,14H,3,6-7H2/t8-,9+",JQSHBVHOMNKWFT-DTORHVGOSA-N,211.27,211.27,1.8,37.81,1.0,3.0,0.0,2,CHEMBL1076903;CHEMBL6067972,VARENICLINE;VARENICLINE TARTRATE,1,0.9473691582679749,True,True,True,1,False,C;N,,,False,False,16,0,False,0,0,211.268,37.81,1.8039,1,3,4,False,,True,ligands_pdbqt/CHEMBL1076903.pdbqt,-5.078,completed,vina_screening_full/poses/CHEMBL1076903_out.pdbqt,vina_screening_full/logs/CHEMBL1076903.log,735
CHEMBL1168,RAMIPRIL,Small molecule,4.0,1991.0,0,CCOC(=O)[C@H](CCc1ccccc1)N[C@@H](C)C(=O)N1[C@H](C(=O)O)C[C@@H]2CCC[C@@H]21,"InChI=1S/C23H32N2O5/c1-3-30-23(29)18(13-12-16-8-5-4-6-9-16)24-15(2)21(26)25-19-11-7-10-17(19)14-20(25)22(27)28/h4-6,8-9,15,17-20,24H,3,7,10-14H2,1-2H3,(H,27,28)/t15-,17-,18-,19-,20-/m0/s1",HDACQVRGBOVJII-JBDAPHQKSA-N,416.52,416.52,2.38,95.94,2.0,5.0,0.0,1,CHEMBL1168,RAMIPRIL,1,0.5903514087200165,True,False,True,1,False,C;N;O,,,False,False,30,9,False,0,0,416.5180000000003,95.94,2.3831999999999995,2,5,3,False,,True,ligands_pdbqt/CHEMBL1168.pdbqt,-5.076,completed,vina_screening_full/poses/CHEMBL1168_out.pdbqt,vina_screening_full/logs/CHEMBL1168.log,736
CHEMBL1201766,FOSPROPOFOL,Small molecule,4.0,2008.0,0,CC(C)c1cccc(C(C)C)c1OCOP(=O)(O)O,"InChI=1S/C13H21O5P/c1-9(2)11-6-5-7-12(10(3)4)13(11)17-8-18-19(14,15)16/h5-7,9-10H,8H2,1-4H3,(H2,14,15,16)",QVNNONOFASOXQV-UHFFFAOYSA-N,288.28,288.28,3.38,75.99,2.0,3.0,0.0,2,CHEMBL1201766;CHEMBL2021422,FOSPROPOFOL;FOSPROPOFOL DISODIUM,1,0.8466314554214478,True,True,True,1,False,C;O;P,,,False,False,19,6,False,0,0,288.2799999999999,75.99000000000001,3.379000000000003,2,3,1,False,,True,ligands_pdbqt/CHEMBL1201766.pdbqt,-5.073,completed,vina_screening_full/poses/CHEMBL1201766_out.pdbqt,vina_screening_full/logs/CHEMBL1201766.log,737
CHEMBL1576,ETHINAMATE,Small molecule,4.0,1982.0,0,C#CC1(OC(N)=O)CCCCC1,"InChI=1S/C9H13NO2/c1-2-9(12-8(10)11)6-4-3-5-7-9/h1H,3-7H2,(H2,10,11)",GXRZIMHKGDIBEW-UHFFFAOYSA-N,167.21,167.21,1.42,52.32,1.0,2.0,0.0,1,CHEMBL1576,ETHINAMATE,1,0.9860070586204528,True,True,True,1,False,C;N;O,,,False,False,12,1,False,0,0,167.20799999999997,52.32,1.4178000000000002,1,2,1,False,,True,ligands_pdbqt/CHEMBL1576.pdbqt,-5.062,completed,vina_screening_full/poses/CHEMBL1576_out.pdbqt,vina_screening_full/logs/CHEMBL1576.log,738
CHEMBL89598,VIGABATRIN,Small molecule,4.0,2009.0,0,C=CC(N)CCC(=O)O,"InChI=1S/C6H11NO2/c1-2-5(7)3-4-6(8)9/h2,5H,1,3-4,7H2,(H,8,9)",PJDFLNIOAUIZSL-UHFFFAOYSA-N,129.16,129.16,0.36,63.32,2.0,2.0,0.0,1,CHEMBL89598,VIGABATRIN,1,0.8277875185012817,True,True,True,1,False,C;N;O,,,False,False,9,4,False,0,0,129.159,63.32000000000001,0.3645,2,2,0,False,,True,ligands_pdbqt/CHEMBL89598.pdbqt,-5.053,completed,vina_screening_full/poses/CHEMBL89598_out.pdbqt,vina_screening_full/logs/CHEMBL89598.log,739
CHEMBL518924,MAVORIXAFOR,Small molecule,4.0,2024.0,0,NCCCCN(Cc1nc2ccccc2[nH]1)[C@H]1CCCc2cccnc21,"InChI=1S/C21H27N5/c22-12-3-4-14-26(15-20-24-17-9-1-2-10-18(17)25-20)19-11-5-7-16-8-6-13-23-21(16)19/h1-2,6,8-10,13,19H,3-5,7,11-12,14-15,22H2,(H,24,25)/t19-/m0/s1",WVLHHLRVNDMIAR-IBGZPJMESA-N,349.48,349.48,3.58,70.83,2.0,4.0,0.0,1,CHEMBL518924,MAVORIXAFOR,1,0.9363082766532898,True,True,True,1,False,C;N,,,False,False,26,7,False,0,0,349.4820000000002,70.83,3.5764000000000022,2,4,4,False,,True,ligands_pdbqt/CHEMBL518924.pdbqt,-5.052,completed,vina_screening_full/poses/CHEMBL518924_out.pdbqt,vina_screening_full/logs/CHEMBL518924.log,740
CHEMBL14370,REBOXETINE,Small molecule,4.0,1997.0,0,CCOc1ccccc1OC(c1ccccc1)C1CNCCO1,"InChI=1S/C19H23NO3/c1-2-21-16-10-6-7-11-17(16)23-19(15-8-4-3-5-9-15)18-14-20-12-13-22-18/h3-11,18-20H,2,12-14H2,1H3",CBQGYUDMJHNJBX-UHFFFAOYSA-N,313.4,313.4,3.19,39.72,1.0,4.0,0.0,1,CHEMBL14370,REBOXETINE,1,0.9199108362197876,True,True,True,1,False,C;N;O,,,False,False,23,6,False,0,0,313.39700000000005,39.72,3.1938000000000004,1,4,3,False,,True,ligands_pdbqt/CHEMBL14370.pdbqt,-5.05,completed,vina_screening_full/poses/CHEMBL14370_out.pdbqt,vina_screening_full/logs/CHEMBL14370.log,741
CHEMBL395091,ESKETAMINE,Small molecule,4.0,2019.0,0,CN[C@]1(c2ccccc2Cl)CCCCC1=O,"InChI=1S/C13H16ClNO/c1-15-13(9-5-4-8-12(13)16)10-6-2-3-7-11(10)14/h2-3,6-7,15H,4-5,8-9H2,1H3/t13-/m0/s1",YQEZLKZALYSWHR-ZDUSSCGKSA-N,237.73,237.73,2.9,29.1,1.0,2.0,0.0,2,CHEMBL2364609;CHEMBL395091,ESKETAMINE;ESKETAMINE HYDROCHLORIDE,1,0.9816802978515624,True,True,True,1,False,C;Cl;N;O,,,False,False,16,2,False,0,0,237.7299999999999,29.1,2.897800000000001,1,2,2,False,,True,ligands_pdbqt/CHEMBL395091.pdbqt,-5.048,completed,vina_screening_full/poses/CHEMBL395091_out.pdbqt,vina_screening_full/logs/CHEMBL395091.log,742
CHEMBL13209,NITRAZEPAM,Small molecule,4.0,,0,O=C1CN=C(c2ccccc2)c2cc([N+](=O)[O-])ccc2N1,"InChI=1S/C15H11N3O3/c19-14-9-16-15(10-4-2-1-3-5-10)12-8-11(18(20)21)6-7-13(12)17-14/h1-8H,9H2,(H,17,19)",KJONHKAYOJNZEC-UHFFFAOYSA-N,281.27,281.27,2.38,84.6,1.0,4.0,0.0,1,CHEMBL13209,NITRAZEPAM,1,0.9880306243896484,True,True,True,1,False,C;N;O,,,False,False,21,2,False,0,0,281.271,84.6,2.3843,1,4,3,False,,True,ligands_pdbqt/CHEMBL13209.pdbqt,-5.042,completed,vina_screening_full/poses/CHEMBL13209_out.pdbqt,vina_screening_full/logs/CHEMBL13209.log,743
CHEMBL1201348,MENADIOL DIPHOSPHORIC ACID,Small molecule,4.0,1982.0,0,Cc1cc(OP(=O)(O)O)c2ccccc2c1OP(=O)(O)O,"InChI=1S/C11H12O8P2/c1-7-6-10(18-20(12,13)14)8-4-2-3-5-9(8)11(7)19-21(15,16)17/h2-6H,1H3,(H2,12,13,14)(H2,15,16,17)",JTNHOVZOOVVGHI-UHFFFAOYSA-N,334.16,334.16,2.09,133.52,4.0,4.0,0.0,2,CHEMBL1201348;CHEMBL3989728,MENADIOL DIPHOSPHORIC ACID;MENADIOL SODIUM DIPHOSPHATE,1,0.7353541731834412,True,False,True,1,False,C;O;P,,,False,False,21,4,False,0,0,334.15700000000004,133.52,2.0912200000000016,4,4,2,False,,True,ligands_pdbqt/CHEMBL1201348.pdbqt,-5.041,completed,vina_screening_full/poses/CHEMBL1201348_out.pdbqt,vina_screening_full/logs/CHEMBL1201348.log,744
CHEMBL7728,HEXOBARBITAL,Small molecule,4.0,,1,CN1C(=O)NC(=O)C(C)(C2=CCCCC2)C1=O,"InChI=1S/C12H16N2O3/c1-12(8-6-4-3-5-7-8)9(15)13-11(17)14(2)10(12)16/h6H,3-5,7H2,1-2H3,(H,13,15,17)",UYXAWHWODHRRMR-UHFFFAOYSA-N,236.27,236.27,1.2,66.48,1.0,3.0,0.0,1,CHEMBL7728,HEXOBARBITAL,1,0.9967323064804076,True,True,True,1,False,C;N;O,,,False,False,17,1,False,0,0,236.271,66.48,1.2012999999999998,1,3,2,False,,True,ligands_pdbqt/CHEMBL7728.pdbqt,-5.039,completed,vina_screening_full/poses/CHEMBL7728_out.pdbqt,vina_screening_full/logs/CHEMBL7728.log,745
CHEMBL498847,SECNIDAZOLE,Small molecule,4.0,2017.0,0,Cc1ncc([N+](=O)[O-])n1CC(C)O,"InChI=1S/C7H11N3O3/c1-5(11)4-9-6(2)8-3-7(9)10(12)13/h3,5,11H,4H2,1-2H3",KPQZUUQMTUIKBP-UHFFFAOYSA-N,185.18,185.18,0.48,81.19,1.0,5.0,0.0,1,CHEMBL498847,SECNIDAZOLE,1,0.9652528405189514,True,True,True,1,False,C;N;O,,,False,False,13,3,False,0,0,185.183,81.19,0.4805199999999999,1,4,1,False,,True,ligands_pdbqt/CHEMBL498847.pdbqt,-5.01,completed,vina_screening_full/poses/CHEMBL498847_out.pdbqt,vina_screening_full/logs/CHEMBL498847.log,746
CHEMBL1346,DARIFENACIN,Small molecule,4.0,2004.0,0,NC(=O)C(c1ccccc1)(c1ccccc1)[C@@H]1CCN(CCc2ccc3c(c2)CCO3)C1,"InChI=1S/C28H30N2O2/c29-27(31)28(23-7-3-1-4-8-23,24-9-5-2-6-10-24)25-14-17-30(20-25)16-13-21-11-12-26-22(19-21)15-18-32-26/h1-12,19,25H,13-18,20H2,(H2,29,31)/t25-/m1/s1",HXGBXQDTNZMWGS-RUZDIDTESA-N,426.56,426.56,3.96,55.56,1.0,3.0,0.0,2,CHEMBL1200935;CHEMBL1346,DARIFENACIN;DARIFENACIN HYDROBROMIDE,1,0.8444324016571045,True,True,True,1,False,C;N;O,,,False,False,32,7,False,0,0,426.5600000000003,55.56,3.957500000000003,1,3,5,False,,True,ligands_pdbqt/CHEMBL1346.pdbqt,-5.007,completed,vina_screening_full/poses/CHEMBL1346_out.pdbqt,vina_screening_full/logs/CHEMBL1346.log,747
CHEMBL1449676,ORNIDAZOLE,Small molecule,4.0,,0,Cc1ncc([N+](=O)[O-])n1CC(O)CCl,"InChI=1S/C7H10ClN3O3/c1-5-9-3-7(11(13)14)10(5)4-6(12)2-8/h3,6,12H,2,4H2,1H3",IPWKIXLWTCNBKN-UHFFFAOYSA-N,219.63,219.63,0.7,81.19,1.0,5.0,0.0,1,CHEMBL1449676,ORNIDAZOLE,1,0.9671698808670044,True,True,True,1,False,C;Cl;N;O,,,False,False,14,4,False,0,0,219.628,81.19,0.6994199999999999,1,4,1,False,,True,ligands_pdbqt/CHEMBL1449676.pdbqt,-5.003,completed,vina_screening_full/poses/CHEMBL1449676_out.pdbqt,vina_screening_full/logs/CHEMBL1449676.log,748
CHEMBL2105760,BREXPIPRAZOLE,Small molecule,4.0,2015.0,0,O=c1ccc2ccc(OCCCCN3CCN(c4cccc5sccc45)CC3)cc2[nH]1,"InChI=1S/C25H27N3O2S/c29-25-9-7-19-6-8-20(18-22(19)26-25)30-16-2-1-11-27-12-14-28(15-13-27)23-4-3-5-24-21(23)10-17-31-24/h3-10,17-18H,1-2,11-16H2,(H,26,29)",ZKIAIYBUSXZPLP-UHFFFAOYSA-N,433.58,433.58,4.72,48.57,1.0,5.0,0.0,1,CHEMBL2105760,BREXPIPRAZOLE,1,0.8297613501548767,True,True,True,1,False,C;N;O;S,,,False,False,31,7,False,0,0,433.5770000000001,48.57,4.724000000000004,1,5,5,False,,True,ligands_pdbqt/CHEMBL2105760.pdbqt,-5.002,completed,vina_screening_full/poses/CHEMBL2105760_out.pdbqt,vina_screening_full/logs/CHEMBL2105760.log,749
CHEMBL1585,PIPOBROMAN,Small molecule,4.0,1966.0,0,O=C(CCBr)N1CCN(C(=O)CCBr)CC1,InChI=1S/C10H16Br2N2O2/c11-3-1-9(15)13-5-7-14(8-6-13)10(16)2-4-12/h1-8H2,NJBFOOCLYDNZJN-UHFFFAOYSA-N,356.06,356.06,1.23,40.62,0.0,2.0,0.0,1,CHEMBL1585,PIPOBROMAN,1,0.9831894159317016,True,True,True,1,False,Br;C;N;O,,,False,False,16,4,False,0,0,356.058,40.620000000000005,1.2272,0,2,1,False,,True,ligands_pdbqt/CHEMBL1585.pdbqt,-5.001,completed,vina_screening_full/poses/CHEMBL1585_out.pdbqt,vina_screening_full/logs/CHEMBL1585.log,750
CHEMBL3545367,LEMBOREXANT,Small molecule,4.0,2020.0,0,Cc1ncc(OC[C@@]2(c3cccc(F)c3)C[C@H]2C(=O)Nc2ccc(F)cn2)c(C)n1,"InChI=1S/C22H20F2N4O2/c1-13-19(11-25-14(2)27-13)30-12-22(15-4-3-5-16(23)8-15)9-18(22)21(29)28-20-7-6-17(24)10-26-20/h3-8,10-11,18H,9,12H2,1-2H3,(H,26,28,29)/t18-,22+/m0/s1",MUGXRYIUWFITCP-PGRDOPGGSA-N,410.42,410.42,3.74,77.0,1.0,5.0,0.0,1,CHEMBL3545367,LEMBOREXANT,1,0.9329030990600586,True,True,True,1,False,C;F;N;O,,,False,False,30,6,False,0,0,410.4240000000001,77.0,3.742040000000002,1,5,4,False,,True,ligands_pdbqt/CHEMBL3545367.pdbqt,-4.993,completed,vina_screening_full/poses/CHEMBL3545367_out.pdbqt,vina_screening_full/logs/CHEMBL3545367.log,751
CHEMBL1560,CAPTOPRIL,Small molecule,4.0,1981.0,0,C[C@H](CS)C(=O)N1CCC[C@H]1C(=O)O,"InChI=1S/C9H15NO3S/c1-6(5-14)8(11)10-4-2-3-7(10)9(12)13/h6-7,14H,2-5H2,1H3,(H,12,13)/t6-,7+/m1/s1",FAKRSMQSSFJEIM-RQJHMYQMSA-N,217.29,217.29,0.63,57.61,2.0,3.0,0.0,1,CHEMBL1560,CAPTOPRIL,1,0.7742501020431518,True,False,True,1,False,C;N;O;S,,,False,False,14,3,False,0,0,217.29,57.61,0.6279000000000001,2,3,1,False,,True,ligands_pdbqt/CHEMBL1560.pdbqt,-4.991,completed,vina_screening_full/poses/CHEMBL1560_out.pdbqt,vina_screening_full/logs/CHEMBL1560.log,752
CHEMBL48449,CANTHARIDIN,Small molecule,4.0,2023.0,0,C[C@@]12C(=O)OC(=O)[C@]1(C)[C@H]1CC[C@@H]2O1,"InChI=1S/C10H12O4/c1-9-5-3-4-6(13-5)10(9,2)8(12)14-7(9)11/h5-6H,3-4H2,1-2H3/t5-,6+,9+,10-",DHZBEENLJMYSHQ-XCVPVQRUSA-N,196.2,196.2,0.64,52.6,0.0,4.0,0.0,1,CHEMBL48449,CANTHARIDIN,1,0.8531211614608765,True,True,True,1,False,C;O,,,False,False,14,0,False,0,0,196.202,52.60000000000001,0.6436,0,4,3,False,,True,ligands_pdbqt/CHEMBL48449.pdbqt,-4.958,completed,vina_screening_full/poses/CHEMBL48449_out.pdbqt,vina_screening_full/logs/CHEMBL48449.log,753
CHEMBL315795,CLOMETHIAZOLE,Small molecule,4.0,,0,Cc1ncsc1CCCl,"InChI=1S/C6H8ClNS/c1-5-6(2-3-7)9-4-8-5/h4H,2-3H2,1H3",PCLITLDOTJTVDJ-UHFFFAOYSA-N,161.66,161.66,2.23,12.89,0.0,2.0,0.0,1,CHEMBL315795,CLOMETHIAZOLE,1,0.9853898763656616,True,True,True,1,False,C;Cl;N;S,,,False,False,9,2,False,0,0,161.65699999999998,12.89,2.23282,0,2,1,False,,True,ligands_pdbqt/CHEMBL315795.pdbqt,-4.952,completed,vina_screening_full/poses/CHEMBL315795_out.pdbqt,vina_screening_full/logs/CHEMBL315795.log,754
CHEMBL1580,PENTOSTATIN,Small molecule,4.0,1991.0,0,OC[C@H]1O[C@@H](n2cnc3c2N=CNC[C@H]3O)C[C@@H]1O,"InChI=1S/C11H16N4O4/c16-3-8-6(17)1-9(19-8)15-5-14-10-7(18)2-12-4-13-11(10)15/h4-9,16-18H,1-3H2,(H,12,13)/t6-,7+,8+,9+/m0/s1",FPVKHBSQESCIEP-JQCXWYLXSA-N,268.27,268.27,-1.18,112.13,4.0,8.0,0.0,1,CHEMBL1580,PENTOSTATIN,1,0.6443136930465698,True,False,True,1,False,C;N;O,,,False,False,19,2,False,0,0,268.273,112.13,-1.1798000000000006,4,7,3,False,,True,ligands_pdbqt/CHEMBL1580.pdbqt,-4.951,completed,vina_screening_full/poses/CHEMBL1580_out.pdbqt,vina_screening_full/logs/CHEMBL1580.log,755
CHEMBL3989859,TOCOPHEROL ACETATE,Small molecule,4.0,2000.0,0,CC(=O)Oc1c(C)c(C)c2c(c1C)CCC(C)(CCC[C@H](C)CCC[C@H](C)CCCC(C)C)O2,"InChI=1S/C31H52O3/c1-21(2)13-10-14-22(3)15-11-16-23(4)17-12-19-31(9)20-18-28-26(7)29(33-27(8)32)24(5)25(6)30(28)34-31/h21-23H,10-20H2,1-9H3/t22-,23-,31?/m1/s1",ZAKOWWREFLAJOT-ADUHFSDSSA-N,472.75,472.75,9.06,35.53,0.0,3.0,1.0,1,CHEMBL3989859,TOCOPHEROL ACETATE,1,0.8312939405441284,True,True,True,1,False,C;O,,,False,False,34,13,False,0,0,472.7540000000004,35.53,9.059960000000002,0,3,2,False,,True,ligands_pdbqt/CHEMBL3989859.pdbqt,-4.938,completed,vina_screening_full/poses/CHEMBL3989859_out.pdbqt,vina_screening_full/logs/CHEMBL3989859.log,756
CHEMBL1087,MEPIVACAINE,Small molecule,4.0,1960.0,0,Cc1cccc(C)c1NC(=O)C1CCCCN1C,"InChI=1S/C15H22N2O/c1-11-7-6-8-12(2)14(11)16-15(18)13-9-4-5-10-17(13)3/h6-8,13H,4-5,9-10H2,1-3H3,(H,16,18)",INWLQCZOYSRPNW-UHFFFAOYSA-N,246.35,246.35,2.73,32.34,1.0,2.0,0.0,2,CHEMBL1087;CHEMBL1200440,MEPIVACAINE;MEPIVACAINE HYDROCHLORIDE,1,0.9986191272735596,True,True,True,1,False,C;N;O,,,False,False,18,2,False,0,0,246.354,32.34,2.7262400000000007,1,2,2,False,,True,ligands_pdbqt/CHEMBL1087.pdbqt,-4.932,completed,vina_screening_full/poses/CHEMBL1087_out.pdbqt,vina_screening_full/logs/CHEMBL1087.log,757
CHEMBL1173055,RUCAPARIB,Small molecule,4.0,2016.0,0,CNCc1ccc(-c2[nH]c3cc(F)cc4c3c2CCNC4=O)cc1,"InChI=1S/C19H18FN3O/c1-21-10-11-2-4-12(5-3-11)18-14-6-7-22-19(24)15-8-13(20)9-16(23-18)17(14)15/h2-5,8-9,21,23H,6-7,10H2,1H3,(H,22,24)",HMABYWSNWIZPAG-UHFFFAOYSA-N,323.37,323.37,2.98,56.92,3.0,2.0,0.0,2,CHEMBL1173055;CHEMBL3833368,RUCAPARIB;RUCAPARIB CAMSYLATE,1,0.9377110123634338,True,True,True,1,False,C;F;N;O,,,False,False,24,3,False,0,0,323.371,56.92,2.979300000000001,3,2,4,False,,True,ligands_pdbqt/CHEMBL1173055.pdbqt,-4.93,completed,vina_screening_full/poses/CHEMBL1173055_out.pdbqt,vina_screening_full/logs/CHEMBL1173055.log,758
CHEMBL219916,DOMPERIDONE,Small molecule,4.0,,0,O=c1[nH]c2ccccc2n1CCCN1CCC(n2c(=O)[nH]c3cc(Cl)ccc32)CC1,"InChI=1S/C22H24ClN5O2/c23-15-6-7-20-18(14-15)25-22(30)28(20)16-8-12-26(13-9-16)10-3-11-27-19-5-2-1-4-17(19)24-21(27)29/h1-2,4-7,14,16H,3,8-13H2,(H,24,29)(H,25,30)",FGXWKSZFVQUSTL-UHFFFAOYSA-N,425.92,425.92,3.35,78.82,2.0,5.0,0.0,1,CHEMBL219916,DOMPERIDONE,1,0.7037582159042358,True,False,True,1,False,C;Cl;N;O,,,False,False,30,5,False,0,0,425.9200000000001,78.82,3.353200000000002,2,3,5,False,,True,ligands_pdbqt/CHEMBL219916.pdbqt,-4.923,completed,vina_screening_full/poses/CHEMBL219916_out.pdbqt,vina_screening_full/logs/CHEMBL219916.log,759
CHEMBL2103873,MACITENTAN,Small molecule,4.0,2010.0,0,CCCNS(=O)(=O)Nc1ncnc(OCCOc2ncc(Br)cn2)c1-c1ccc(Br)cc1,"InChI=1S/C19H20Br2N6O4S/c1-2-7-26-32(28,29)27-17-16(13-3-5-14(20)6-4-13)18(25-12-24-17)30-8-9-31-19-22-10-15(21)11-23-19/h3-6,10-12,26H,2,7-9H2,1H3,(H,24,25,27)",JGCMEBMXRHSZKX-UHFFFAOYSA-N,588.28,588.28,3.57,128.22,2.0,8.0,1.0,1,CHEMBL2103873,MACITENTAN,1,0.7583399057388306,True,False,True,1,False,Br;C;N;O;S,,,False,False,32,11,False,0,0,588.2820000000002,128.22000000000003,3.572700000000003,2,8,3,False,,True,ligands_pdbqt/CHEMBL2103873.pdbqt,-4.918,completed,vina_screening_full/poses/CHEMBL2103873_out.pdbqt,vina_screening_full/logs/CHEMBL2103873.log,760
CHEMBL2105759,BARICITINIB,Small molecule,4.0,2017.0,0,CCS(=O)(=O)N1CC(CC#N)(n2cc(-c3ncnc4[nH]ccc34)cn2)C1,"InChI=1S/C16H17N7O2S/c1-2-26(24,25)22-9-16(10-22,4-5-17)23-8-12(7-21-23)14-13-3-6-18-15(13)20-11-19-14/h3,6-8,11H,2,4,9-10H2,1H3,(H,18,19,20)",XUZMWHLSFXCVMG-UHFFFAOYSA-N,371.43,371.43,1.1,120.56,1.0,7.0,0.0,1,CHEMBL2105759,BARICITINIB,1,0.5382316648960114,True,False,True,1,False,C;N;O;S,,,False,False,26,5,False,0,0,371.4260000000001,120.56,1.09568,1,6,4,False,,True,ligands_pdbqt/CHEMBL2105759.pdbqt,-4.89,completed,vina_screening_full/poses/CHEMBL2105759_out.pdbqt,vina_screening_full/logs/CHEMBL2105759.log,761
CHEMBL1738,DEXRAZOXANE,Small molecule,4.0,1995.0,0,C[C@@H](CN1CC(=O)NC(=O)C1)N1CC(=O)NC(=O)C1,"InChI=1S/C11H16N4O4/c1-7(15-5-10(18)13-11(19)6-15)2-14-3-8(16)12-9(17)4-14/h7H,2-6H2,1H3,(H,12,16,17)(H,13,18,19)/t7-/m0/s1",BMKDZUISNHGIBY-ZETCQYMHSA-N,268.27,268.27,-2.71,98.82,2.0,6.0,0.0,2,CHEMBL1200778;CHEMBL1738,DEXRAZOXANE;DEXRAZOXANE HYDROCHLORIDE,1,0.6554743349552155,True,False,True,1,False,C;N;O,,,False,False,19,3,False,0,0,268.273,98.82,-2.708299999999996,2,6,2,False,,True,ligands_pdbqt/CHEMBL1738.pdbqt,-4.89,completed,vina_screening_full/poses/CHEMBL1738_out.pdbqt,vina_screening_full/logs/CHEMBL1738.log,762
CHEMBL1201354,TRIDIHEXETHYL,Small molecule,4.0,1954.0,0,CC[N+](CC)(CC)CCC(O)(c1ccccc1)C1CCCCC1,"InChI=1S/C21H36NO/c1-4-22(5-2,6-3)18-17-21(23,19-13-9-7-10-14-19)20-15-11-8-12-16-20/h7,9-10,13-14,20,23H,4-6,8,11-12,15-18H2,1-3H3/q+1",NPRHVSBSZMAEIN-UHFFFAOYSA-N,318.53,318.53,4.72,20.23,1.0,1.0,0.0,2,CHEMBL1200771;CHEMBL1201354,TRIDIHEXETHYL;TRIDIHEXETHYL CHLORIDE,1,0.6962881982326508,True,False,True,1,False,C;N;O,,,False,False,23,8,False,1,1,318.5250000000002,20.23,4.721100000000004,1,1,2,False,,True,ligands_pdbqt/CHEMBL1201354.pdbqt,-4.886,completed,vina_screening_full/poses/CHEMBL1201354_out.pdbqt,vina_screening_full/logs/CHEMBL1201354.log,763
CHEMBL940,GABAPENTIN,Small molecule,4.0,1993.0,0,NCC1(CC(=O)O)CCCCC1,"InChI=1S/C9H17NO2/c10-7-9(6-8(11)12)4-2-1-3-5-9/h1-7,10H2,(H,11,12)",UGJMXCAKCUNAIE-UHFFFAOYSA-N,171.24,171.24,1.37,63.32,2.0,2.0,0.0,1,CHEMBL940,GABAPENTIN,1,0.7908193826675415,True,False,True,1,False,C;N;O,,,False,False,12,3,False,0,0,171.23999999999992,63.32000000000001,1.3702999999999994,2,2,1,False,,True,ligands_pdbqt/CHEMBL940.pdbqt,-4.881,completed,vina_screening_full/poses/CHEMBL940_out.pdbqt,vina_screening_full/logs/CHEMBL940.log,764
CHEMBL118,CELECOXIB,Small molecule,4.0,1998.0,0,Cc1ccc(-c2cc(C(F)(F)F)nn2-c2ccc(S(N)(=O)=O)cc2)cc1,"InChI=1S/C17H14F3N3O2S/c1-11-2-4-12(5-3-11)15-10-16(17(18,19)20)22-23(15)13-6-8-14(9-7-13)26(21,24)25/h2-10H,1H3,(H2,21,24,25)",RZEKVGVHFLEQIL-UHFFFAOYSA-N,381.38,381.38,3.51,77.98,1.0,4.0,0.0,1,CHEMBL118,CELECOXIB,1,0.8156947493553162,True,True,True,1,False,C;F;N;O;S,,,False,False,26,3,False,0,0,381.3790000000001,77.98,3.5139200000000006,1,3,3,False,,True,ligands_pdbqt/CHEMBL118.pdbqt,-4.876,completed,vina_screening_full/poses/CHEMBL118_out.pdbqt,vina_screening_full/logs/CHEMBL118.log,765
CHEMBL931,HALOTHANE,Small molecule,4.0,1958.0,0,FC(F)(F)C(Cl)Br,"InChI=1S/C2HBrClF3/c3-1(4)2(5,6)7/h1H",BCQZXOMGPXTTIC-UHFFFAOYSA-N,197.38,197.38,2.51,0.0,0.0,0.0,0.0,1,CHEMBL931,HALOTHANE,1,0.9998228430747986,True,True,True,1,False,Br;C;Cl;F,,,False,False,7,0,False,0,0,197.381,0.0,2.5085,0,0,0,False,,True,ligands_pdbqt/CHEMBL931.pdbqt,-4.865,completed,vina_screening_full/poses/CHEMBL931_out.pdbqt,vina_screening_full/logs/CHEMBL931.log,766
CHEMBL259209,MILNACIPRAN,Small molecule,4.0,2009.0,0,CCN(CC)C(=O)C1(c2ccccc2)CC1CN,"InChI=1S/C15H22N2O/c1-3-17(4-2)14(18)15(10-13(15)11-16)12-8-6-5-7-9-12/h5-9,13H,3-4,10-11,16H2,1-2H3",GJJFMKBJSRMPLA-UHFFFAOYSA-N,246.35,246.35,1.77,46.33,1.0,2.0,0.0,2,CHEMBL259209;CHEMBL4297064,MILNACIPRAN;MILNACIPRAN HYDROCHLORIDE,1,0.9893489003181456,True,True,True,1,False,C;N;O,,,False,False,18,5,False,0,0,246.354,46.33,1.7714,1,2,2,False,,True,ligands_pdbqt/CHEMBL259209.pdbqt,-4.856,completed,vina_screening_full/poses/CHEMBL259209_out.pdbqt,vina_screening_full/logs/CHEMBL259209.log,767
CHEMBL448,PENTOBARBITAL,Small molecule,4.0,1973.0,1,CCCC(C)C1(CC)C(=O)NC(=O)NC1=O,"InChI=1S/C11H18N2O3/c1-4-6-7(3)11(5-2)8(14)12-10(16)13-9(11)15/h7H,4-6H2,1-3H3,(H2,12,13,14,15,16)",WEXRUCMBJFQVBZ-UHFFFAOYSA-N,226.28,226.28,1.18,75.27,2.0,3.0,0.0,2,CHEMBL448;CHEMBL971,PENTOBARBITAL;PENTOBARBITAL SODIUM,1,0.9928616404533386,True,True,True,1,False,C;N;O,,,False,False,16,4,False,0,0,226.276,75.27000000000001,1.1849999999999998,2,3,1,False,,True,ligands_pdbqt/CHEMBL448.pdbqt,-4.853,completed,vina_screening_full/poses/CHEMBL448_out.pdbqt,vina_screening_full/logs/CHEMBL448.log,768
CHEMBL1201347,ANILERIDINE,Small molecule,4.0,1982.0,0,CCOC(=O)C1(c2ccccc2)CCN(CCc2ccc(N)cc2)CC1,"InChI=1S/C22H28N2O2/c1-2-26-21(25)22(19-6-4-3-5-7-19)13-16-24(17-14-22)15-12-18-8-10-20(23)11-9-18/h3-11H,2,12-17,23H2,1H3",LKYQLAWMNBFNJT-UHFFFAOYSA-N,352.48,352.48,3.41,55.56,1.0,4.0,0.0,3,CHEMBL1200543;CHEMBL1201047;CHEMBL1201347,ANILERIDINE;ANILERIDINE HYDROCHLORIDE;ANILERIDINE PHOSPHATE,1,0.9725558757781982,True,True,True,1,False,C;N;O,,,False,False,26,6,False,0,0,352.47800000000007,55.56,3.4082000000000017,1,4,3,False,,True,ligands_pdbqt/CHEMBL1201347.pdbqt,-4.846,completed,vina_screening_full/poses/CHEMBL1201347_out.pdbqt,vina_screening_full/logs/CHEMBL1201347.log,769
CHEMBL1228,OXYPHENBUTAZONE ANHYDROUS,Small molecule,4.0,1960.0,1,CCCCC1C(=O)N(c2ccccc2)N(c2ccc(O)cc2)C1=O,"InChI=1S/C19H20N2O3/c1-2-3-9-17-18(23)20(14-7-5-4-6-8-14)21(19(17)24)15-10-12-16(22)13-11-15/h4-8,10-13,17,22H,2-3,9H2,1H3",HFHZKZSRXITVMK-UHFFFAOYSA-N,324.38,324.38,3.49,60.85,1.0,3.0,0.0,2,CHEMBL1228;CHEMBL3989676,OXYPHENBUTAZONE;OXYPHENBUTAZONE ANHYDROUS,1,0.6599435329437255,True,False,True,1,False,C;N;O,,,False,False,24,5,False,0,0,324.38000000000005,60.85,3.493400000000002,1,3,3,False,,True,ligands_pdbqt/CHEMBL1228.pdbqt,-4.842,completed,vina_screening_full/poses/CHEMBL1228_out.pdbqt,vina_screening_full/logs/CHEMBL1228.log,770
CHEMBL168815,CEVIMELINE,Small molecule,4.0,2000.0,0,CC1OC2(CS1)CN1CCC2CC1,"InChI=1S/C10H17NOS/c1-8-12-10(7-13-8)6-11-4-2-9(10)3-5-11/h8-9H,2-7H2,1H3",WUTYZMFRCNBCHQ-UHFFFAOYSA-N,199.32,199.32,1.56,12.47,0.0,3.0,0.0,2,CHEMBL168815;CHEMBL2218917,CEVIMELINE;CEVIMELINE HYDROCHLORIDE,1,0.9923570156097412,True,True,True,1,False,C;N;O;S,,,False,False,13,0,False,0,0,199.319,12.47,1.5602,0,3,4,False,,True,ligands_pdbqt/CHEMBL168815.pdbqt,-4.839,completed,vina_screening_full/poses/CHEMBL168815_out.pdbqt,vina_screening_full/logs/CHEMBL168815.log,771
CHEMBL600,ACETYLCYSTEINE,Small molecule,4.0,1963.0,0,CC(=O)N[C@@H](CS)C(=O)O,"InChI=1S/C5H9NO3S/c1-3(7)6-4(2-10)5(8)9/h4,10H,2H2,1H3,(H,6,7)(H,8,9)/t4-/m0/s1",PWKSKIMOESPYIA-BYPYZUCNSA-N,163.2,163.2,-0.49,66.4,3.0,3.0,0.0,2,CHEMBL600;CHEMBL6068327,ACETYLCYSTEINE;ACETYLCYSTEINE LYSINE,1,0.8189512729644776,True,True,True,1,False,C;N;O;S,,,False,False,10,3,False,0,0,163.198,66.4,-0.4945,3,3,0,False,,True,ligands_pdbqt/CHEMBL600.pdbqt,-4.838,completed,vina_screening_full/poses/CHEMBL600_out.pdbqt,vina_screening_full/logs/CHEMBL600.log,772
CHEMBL580,LORAZEPAM,Small molecule,4.0,1977.0,0,O=C1Nc2ccc(Cl)cc2C(c2ccccc2Cl)=NC1O,"InChI=1S/C15H10Cl2N2O2/c16-8-5-6-12-10(7-8)13(19-15(21)14(20)18-12)9-3-1-2-4-11(9)17/h1-7,15,21H,(H,18,20)",DIWRORZWFLOCLC-UHFFFAOYSA-N,321.16,321.16,3.1,61.69,2.0,3.0,0.0,1,CHEMBL580,LORAZEPAM,1,0.9868859767913818,True,True,True,1,False,C;Cl;N;O,,,False,False,21,1,False,0,0,321.163,61.69,3.101300000000001,2,3,3,False,,True,ligands_pdbqt/CHEMBL580.pdbqt,-4.834,completed,vina_screening_full/poses/CHEMBL580_out.pdbqt,vina_screening_full/logs/CHEMBL580.log,773
CHEMBL1308,FOMEPIZOLE,Small molecule,4.0,1997.0,0,Cc1cn[nH]c1,"InChI=1S/C4H6N2/c1-4-2-5-6-3-4/h2-3H,1H3,(H,5,6)",RIKMMFOAQPJVMX-UHFFFAOYSA-N,82.11,82.11,0.72,28.68,1.0,1.0,0.0,1,CHEMBL1308,FOMEPIZOLE,1,0.7439801394939423,True,False,True,1,False,C;N,,,False,False,6,0,False,0,0,82.106,28.68,0.7181199999999999,1,1,1,False,,True,ligands_pdbqt/CHEMBL1308.pdbqt,-4.832,completed,vina_screening_full/poses/CHEMBL1308_out.pdbqt,vina_screening_full/logs/CHEMBL1308.log,774
CHEMBL1314,TIOPRONIN,Small molecule,4.0,1988.0,0,CC(S)C(=O)NCC(=O)O,"InChI=1S/C5H9NO3S/c1-3(10)5(9)6-2-4(7)8/h3,10H,2H2,1H3,(H,6,9)(H,7,8)",YTGJWQPHMWSCST-UHFFFAOYSA-N,163.2,163.2,-0.49,66.4,3.0,3.0,0.0,1,CHEMBL1314,TIOPRONIN,1,0.7282513022422791,True,False,True,1,False,C;N;O;S,,,False,False,10,3,False,0,0,163.198,66.4,-0.4945000000000004,3,3,0,False,,True,ligands_pdbqt/CHEMBL1314.pdbqt,-4.831,completed,vina_screening_full/poses/CHEMBL1314_out.pdbqt,vina_screening_full/logs/CHEMBL1314.log,775
CHEMBL1908307,FLOSEQUINAN,Small molecule,4.0,1992.0,1,Cn1cc([S+](C)[O-])c(=O)c2ccc(F)cc21,"InChI=1S/C11H10FNO2S/c1-13-6-10(16(2)15)11(14)8-4-3-7(12)5-9(8)13/h3-6H,1-2H3",UYGONJYYUKVHDD-UHFFFAOYSA-N,239.27,239.27,1.42,45.06,0.0,3.0,0.0,1,CHEMBL1908307,FLOSEQUINAN,1,0.9523615360260008,True,True,True,1,False,C;F;N;O;S,,,False,False,16,1,False,0,0,239.271,45.06,1.4150000000000005,0,2,2,False,,True,ligands_pdbqt/CHEMBL1908307.pdbqt,-4.829,completed,vina_screening_full/poses/CHEMBL1908307_out.pdbqt,vina_screening_full/logs/CHEMBL1908307.log,776
CHEMBL802,MINOXIDIL,Small molecule,4.0,1979.0,0,Nc1cc(N2CCCCC2)nc(N)[n+]1[O-],"InChI=1S/C9H15N5O/c10-7-6-8(12-9(11)14(7)15)13-4-2-1-3-5-13/h6H,1-5,10H2,(H2,11,12)",ZFMITUMMTDLWHR-UHFFFAOYSA-N,209.25,209.25,-0.13,95.11,2.0,5.0,0.0,1,CHEMBL802,MINOXIDIL,1,0.9137853264808656,True,True,True,1,False,C;N;O,,,False,False,15,1,False,0,0,209.253,95.11,-0.1302999999999997,2,5,2,False,,True,ligands_pdbqt/CHEMBL802.pdbqt,-4.821,completed,vina_screening_full/poses/CHEMBL802_out.pdbqt,vina_screening_full/logs/CHEMBL802.log,777
CHEMBL508102,CARBIMAZOLE,Small molecule,4.0,,0,CCOC(=O)n1ccn(C)c1=S,"InChI=1S/C7H10N2O2S/c1-3-11-7(10)9-5-4-8(2)6(9)12/h4-5H,3H2,1-2H3",CFOYWRHIYXMDOT-UHFFFAOYSA-N,186.24,186.24,1.56,36.16,0.0,5.0,0.0,1,CHEMBL508102,CARBIMAZOLE,1,0.9727100849151612,True,True,True,1,False,C;N;O;S,,,False,False,12,1,False,0,0,186.236,36.16,1.56069,0,3,1,False,,True,ligands_pdbqt/CHEMBL508102.pdbqt,-4.797,completed,vina_screening_full/poses/CHEMBL508102_out.pdbqt,vina_screening_full/logs/CHEMBL508102.log,778
CHEMBL1336,SORAFENIB,Small molecule,4.0,2005.0,0,CNC(=O)c1cc(Oc2ccc(NC(=O)Nc3ccc(Cl)c(C(F)(F)F)c3)cc2)ccn1,"InChI=1S/C21H16ClF3N4O3/c1-26-19(30)18-11-15(8-9-27-18)32-14-5-2-12(3-6-14)28-20(31)29-13-4-7-17(22)16(10-13)21(23,24)25/h2-11H,1H3,(H,26,30)(H2,28,29,31)",MLDQJTXFUGDVEO-UHFFFAOYSA-N,464.83,464.83,5.55,92.35,3.0,4.0,1.0,2,CHEMBL1200485;CHEMBL1336,SORAFENIB;SORAFENIB TOSYLATE,1,0.7238457918167114,True,False,True,1,False,C;Cl;F;N;O,,,False,False,32,5,False,0,0,464.8310000000001,92.35,5.549700000000003,3,4,3,False,,True,ligands_pdbqt/CHEMBL1336.pdbqt,-4.792,completed,vina_screening_full/poses/CHEMBL1336_out.pdbqt,vina_screening_full/logs/CHEMBL1336.log,779
CHEMBL1382,TOLTERODINE,Small molecule,4.0,1998.0,0,Cc1ccc(O)c([C@H](CCN(C(C)C)C(C)C)c2ccccc2)c1,"InChI=1S/C22H31NO/c1-16(2)23(17(3)4)14-13-20(19-9-7-6-8-10-19)21-15-18(5)11-12-22(21)24/h6-12,15-17,20,24H,13-14H2,1-5H3/t20-/m1/s1",OOGJQPCLVADCPB-HXUWFJFHSA-N,325.5,325.5,5.34,23.47,1.0,2.0,1.0,2,CHEMBL1382;CHEMBL1722209,TOLTERODINE;TOLTERODINE TARTRATE,1,0.8221142768859864,True,True,True,1,False,C;N;O,,,False,False,24,7,False,0,0,325.496,23.47,5.341420000000006,1,2,2,False,,True,ligands_pdbqt/CHEMBL1382.pdbqt,-4.783,completed,vina_screening_full/poses/CHEMBL1382_out.pdbqt,vina_screening_full/logs/CHEMBL1382.log,780
CHEMBL305660,EBASTINE,Small molecule,4.0,1990.0,0,CC(C)(C)c1ccc(C(=O)CCCN2CCC(OC(c3ccccc3)c3ccccc3)CC2)cc1,"InChI=1S/C32H39NO2/c1-32(2,3)28-18-16-25(17-19-28)30(34)15-10-22-33-23-20-29(21-24-33)35-31(26-11-6-4-7-12-26)27-13-8-5-9-14-27/h4-9,11-14,16-19,29,31H,10,15,20-24H2,1-3H3",MJJALKDDGIKVBE-UHFFFAOYSA-N,469.67,469.67,7.22,29.54,0.0,3.0,1.0,1,CHEMBL305660,EBASTINE,1,0.8516078114509582,True,True,True,1,False,C;N;O,,,False,False,35,9,False,0,0,469.6690000000001,29.540000000000003,7.217600000000008,0,3,4,False,,True,ligands_pdbqt/CHEMBL305660.pdbqt,-4.777,completed,vina_screening_full/poses/CHEMBL305660_out.pdbqt,vina_screening_full/logs/CHEMBL305660.log,781
CHEMBL1200790,METHYPRYLON,Small molecule,4.0,1982.0,0,CCC1(CC)C(=O)NCC(C)C1=O,"InChI=1S/C10H17NO2/c1-4-10(5-2)8(12)7(3)6-11-9(10)13/h7H,4-6H2,1-3H3,(H,11,13)",SIDLZWOQUZRBRU-UHFFFAOYSA-N,183.25,183.25,1.13,46.17,1.0,2.0,0.0,1,CHEMBL1200790,METHYPRYLON,1,0.9925528764724731,True,True,True,1,False,C;N;O,,,False,False,13,2,False,0,0,183.251,46.17,1.1278,1,2,1,False,,True,ligands_pdbqt/CHEMBL1200790.pdbqt,-4.777,completed,vina_screening_full/poses/CHEMBL1200790_out.pdbqt,vina_screening_full/logs/CHEMBL1200790.log,782
CHEMBL101,PHENYLBUTAZONE,Small molecule,4.0,1980.0,1,CCCCC1C(=O)N(c2ccccc2)N(c2ccccc2)C1=O,"InChI=1S/C19H20N2O2/c1-2-3-14-17-18(22)20(15-10-6-4-7-11-15)21(19(17)23)16-12-8-5-9-13-16/h4-13,17H,2-3,14H2,1H3",VYMDGNCVAMGZFE-UHFFFAOYSA-N,308.38,308.38,3.79,40.62,0.0,2.0,0.0,1,CHEMBL101,PHENYLBUTAZONE,1,0.9533782601356506,True,True,True,1,False,C;N;O,,,False,False,23,5,False,0,0,308.3810000000001,40.620000000000005,3.7878000000000025,0,2,3,False,,True,ligands_pdbqt/CHEMBL101.pdbqt,-4.767,completed,vina_screening_full/poses/CHEMBL101_out.pdbqt,vina_screening_full/logs/CHEMBL101.log,783
CHEMBL830,EFLORNITHINE,Small molecule,4.0,1990.0,0,NCCCC(N)(C(=O)O)C(F)F,"InChI=1S/C6H12F2N2O2/c7-4(8)6(10,5(11)12)2-1-3-9/h4H,1-3,9-10H2,(H,11,12)",VLCYCQAOQCDTCN-UHFFFAOYSA-N,182.17,182.17,-0.23,89.34,3.0,3.0,0.0,2,CHEMBL1201037;CHEMBL830,EFLORNITHINE;EFLORNITHINE HYDROCHLORIDE,1,0.934558367729187,True,True,True,1,False,C;F;N;O,,,False,False,12,5,False,0,0,182.17,89.34,-0.2274999999999994,3,3,0,False,,True,ligands_pdbqt/CHEMBL830.pdbqt,-4.764,completed,vina_screening_full/poses/CHEMBL830_out.pdbqt,vina_screening_full/logs/CHEMBL830.log,784
CHEMBL705,ALITRETINOIN,Small molecule,4.0,1999.0,0,CC1=C(/C=C/C(C)=C\C=C\C(C)=C\C(=O)O)C(C)(C)CCC1,"InChI=1S/C20H28O2/c1-15(8-6-9-16(2)14-19(21)22)11-12-18-17(3)10-7-13-20(18,4)5/h6,8-9,11-12,14H,7,10,13H2,1-5H3,(H,21,22)/b9-6+,12-11+,15-8-,16-14+",SHGAZHPCJJPHSC-ZVCIMWCZSA-N,300.44,300.44,5.6,37.3,1.0,1.0,1.0,1,CHEMBL705,ALITRETINOIN,1,0.8121237277984619,True,True,True,1,False,C;O,,,False,False,22,5,False,0,0,300.44200000000006,37.3,5.602600000000005,1,1,1,False,,True,ligands_pdbqt/CHEMBL705.pdbqt,-4.755,completed,vina_screening_full/poses/CHEMBL705_out.pdbqt,vina_screening_full/logs/CHEMBL705.log,785
CHEMBL1874750,CINEPAZIDE,Small molecule,4.0,1980.0,1,COc1cc(/C=C/C(=O)N2CCN(CC(=O)N3CCCC3)CC2)cc(OC)c1OC,"InChI=1S/C22H31N3O5/c1-28-18-14-17(15-19(29-2)22(18)30-3)6-7-20(26)25-12-10-23(11-13-25)16-21(27)24-8-4-5-9-24/h6-7,14-15H,4-5,8-13,16H2,1-3H3/b7-6+",RCUDFXMNPQNBDU-VOTSOKGWSA-N,417.51,417.51,1.49,71.55,0.0,6.0,0.0,1,CHEMBL1874750,CINEPAZIDE,1,0.8231064081192017,True,True,True,1,False,C;N;O,,,False,False,30,7,False,0,0,417.50600000000026,71.55000000000001,1.4922000000000002,0,6,3,False,,True,ligands_pdbqt/CHEMBL1874750.pdbqt,-4.755,completed,vina_screening_full/poses/CHEMBL1874750_out.pdbqt,vina_screening_full/logs/CHEMBL1874750.log,786
CHEMBL181,DIAZOXIDE,Small molecule,4.0,1973.0,0,CC1=Nc2ccc(Cl)cc2S(=O)(=O)N1,"InChI=1S/C8H7ClN2O2S/c1-5-10-7-3-2-6(9)4-8(7)14(12,13)11-5/h2-4H,1H3,(H,10,11)",GDLBFKVLRPITMI-UHFFFAOYSA-N,230.68,230.68,1.68,58.53,1.0,3.0,0.0,1,CHEMBL181,DIAZOXIDE,1,0.8942052960395813,True,True,True,1,False,C;Cl;N;O;S,,,False,False,14,0,False,0,0,230.676,58.53,1.6818,1,3,2,False,,True,ligands_pdbqt/CHEMBL181.pdbqt,-4.752,completed,vina_screening_full/poses/CHEMBL181_out.pdbqt,vina_screening_full/logs/CHEMBL181.log,787
CHEMBL1757,FOSFOMYCIN,Small molecule,4.0,1996.0,0,C[C@@H]1O[C@@H]1P(=O)(O)O,"InChI=1S/C3H7O4P/c1-2-3(7-2)8(4,5)6/h2-3H,1H3,(H2,4,5,6)/t2-,3+/m0/s1",YMDXZJFXQJVXBF-STHAYSLISA-N,138.06,138.06,-0.09,70.06,2.0,2.0,0.0,2,CHEMBL1200331;CHEMBL1757,FOSFOMYCIN;FOSFOMYCIN TROMETHAMINE,1,0.892558491230011,True,True,True,1,False,C;O;P,,,False,False,8,1,False,0,0,138.059,70.06,-0.0911,2,2,1,False,,True,ligands_pdbqt/CHEMBL1757.pdbqt,-4.751,completed,vina_screening_full/poses/CHEMBL1757_out.pdbqt,vina_screening_full/logs/CHEMBL1757.log,788
CHEMBL4085457,RITLECITINIB,Small molecule,4.0,2023.0,0,C=CC(=O)N1C[C@H](Nc2ncnc3[nH]ccc23)CC[C@@H]1C,"InChI=1S/C15H19N5O/c1-3-13(21)20-8-11(5-4-10(20)2)19-15-12-6-7-16-14(12)17-9-18-15/h3,6-7,9-11H,1,4-5,8H2,2H3,(H2,16,17,18,19)/t10-,11+/m0/s1",CBRJPFGIXUFMTM-WDEREUQCSA-N,285.35,285.35,1.94,73.91,2.0,4.0,0.0,2,CHEMBL4085457;CHEMBL5314649,RITLECITINIB;RITLECITINIB TOSYLATE,1,0.9073450803756714,True,True,True,1,False,C;N;O,,,False,False,21,3,False,0,0,285.35100000000006,73.91,1.9353,2,4,3,False,,True,ligands_pdbqt/CHEMBL4085457.pdbqt,-4.747,completed,vina_screening_full/poses/CHEMBL4085457_out.pdbqt,vina_screening_full/logs/CHEMBL4085457.log,789
CHEMBL1278,NARATRIPTAN,Small molecule,4.0,1998.0,0,CNS(=O)(=O)CCc1ccc2[nH]cc(C3CCN(C)CC3)c2c1,"InChI=1S/C17H25N3O2S/c1-18-23(21,22)10-7-13-3-4-17-15(11-13)16(12-19-17)14-5-8-20(2)9-6-14/h3-4,11-12,14,18-19H,5-10H2,1-2H3",AMKVXSZCKVJAGH-UHFFFAOYSA-N,335.47,335.47,2.07,65.2,2.0,3.0,0.0,2,CHEMBL1200601;CHEMBL1278,NARATRIPTAN;NARATRIPTAN HYDROCHLORIDE,1,0.9664698004722596,True,True,True,1,False,C;N;O;S,,,False,False,23,5,False,0,0,335.4730000000001,65.2,2.0687999999999995,2,3,3,False,,True,ligands_pdbqt/CHEMBL1278.pdbqt,-4.747,completed,vina_screening_full/poses/CHEMBL1278_out.pdbqt,vina_screening_full/logs/CHEMBL1278.log,790
CHEMBL267936,MECAMYLAMINE,Small molecule,4.0,1956.0,0,CNC1(C)C2CCC(C2)C1(C)C,"InChI=1S/C11H21N/c1-10(2)8-5-6-9(7-8)11(10,3)12-4/h8-9,12H,5-7H2,1-4H3",IMYZQPCYWPFTAG-UHFFFAOYSA-N,167.3,167.3,2.42,12.03,1.0,1.0,0.0,2,CHEMBL1237082;CHEMBL267936,MECAMYLAMINE;MECAMYLAMINE HYDROCHLORIDE,1,0.993157970905304,True,True,True,1,False,C;N,,,False,False,12,1,False,0,0,167.296,12.03,2.4206000000000003,1,1,2,False,,True,ligands_pdbqt/CHEMBL267936.pdbqt,-4.738,completed,vina_screening_full/poses/CHEMBL267936_out.pdbqt,vina_screening_full/logs/CHEMBL267936.log,791
CHEMBL221959,TOFACITINIB,Small molecule,4.0,2012.0,0,C[C@@H]1CCN(C(=O)CC#N)C[C@@H]1N(C)c1ncnc2[nH]ccc12,"InChI=1S/C16H20N6O/c1-11-5-8-22(14(23)3-6-17)9-13(11)21(2)16-12-4-7-18-15(12)19-10-20-16/h4,7,10-11,13H,3,5,8-9H2,1-2H3,(H,18,19,20)/t11-,13+/m1/s1",UJLAWZDWDVHWOW-YPMHNXCESA-N,312.38,312.38,1.54,88.91,1.0,5.0,0.0,2,CHEMBL2103743;CHEMBL221959,TOFACITINIB;TOFACITINIB CITRATE,1,0.8938815832138062,True,True,True,1,False,C;N;O,,,False,False,23,3,False,0,0,312.377,88.91,1.5447799999999996,1,5,3,False,,True,ligands_pdbqt/CHEMBL221959.pdbqt,-4.737,completed,vina_screening_full/poses/CHEMBL221959_out.pdbqt,vina_screening_full/logs/CHEMBL221959.log,792
CHEMBL1201242,INDECAINIDE,Small molecule,4.0,1989.0,0,CC(C)NCCCC1(C(N)=O)c2ccccc2-c2ccccc21,"InChI=1S/C20H24N2O/c1-14(2)22-13-7-12-20(19(21)23)17-10-5-3-8-15(17)16-9-4-6-11-18(16)20/h3-6,8-11,14,22H,7,12-13H2,1-2H3,(H2,21,23)",UCEWGESNIULAGX-UHFFFAOYSA-N,308.43,308.43,3.22,55.12,2.0,2.0,0.0,2,CHEMBL1200341;CHEMBL1201242,INDECAINIDE;INDECAINIDE HYDROCHLORIDE,1,0.9695725679397584,True,True,True,1,False,C;N;O,,,False,False,23,6,False,0,0,308.425,55.12,3.216600000000001,2,2,3,False,,True,ligands_pdbqt/CHEMBL1201242.pdbqt,-4.736,completed,vina_screening_full/poses/CHEMBL1201242_out.pdbqt,vina_screening_full/logs/CHEMBL1201242.log,793
CHEMBL4216467,RIPRETINIB,Small molecule,4.0,2020.0,0,CCn1c(=O)c(-c2cc(NC(=O)Nc3ccccc3)c(F)cc2Br)cc2cnc(NC)cc21,"InChI=1S/C24H21BrFN5O2/c1-3-31-21-12-22(27-2)28-13-14(21)9-17(23(31)32)16-10-20(19(26)11-18(16)25)30-24(33)29-15-7-5-4-6-8-15/h4-13H,3H2,1-2H3,(H,27,28)(H2,29,30,33)",CEFJVGZHQAGLHS-UHFFFAOYSA-N,510.37,510.37,5.67,88.05,3.0,5.0,2.0,1,CHEMBL4216467,RIPRETINIB,1,0.7410460233688354,True,False,True,1,False,Br;C;F;N;O,,,False,False,33,5,False,0,0,510.3670000000001,88.05000000000001,5.670700000000004,3,4,4,False,,True,ligands_pdbqt/CHEMBL4216467.pdbqt,-4.726,completed,vina_screening_full/poses/CHEMBL4216467_out.pdbqt,vina_screening_full/logs/CHEMBL4216467.log,794
CHEMBL99946,LEVOMILNACIPRAN,Small molecule,4.0,2013.0,0,CCN(CC)C(=O)[C@@]1(c2ccccc2)C[C@H]1CN,"InChI=1S/C15H22N2O/c1-3-17(4-2)14(18)15(10-13(15)11-16)12-8-6-5-7-9-12/h5-9,13H,3-4,10-11,16H2,1-2H3/t13-,15+/m0/s1",GJJFMKBJSRMPLA-DZGCQCFKSA-N,246.35,246.35,1.77,46.33,1.0,2.0,0.0,2,CHEMBL2105732;CHEMBL99946,LEVOMILNACIPRAN;LEVOMILNACIPRAN HYDROCHLORIDE,1,0.9880870342254638,True,True,True,1,False,C;N;O,,,False,False,18,5,False,0,0,246.354,46.33,1.7714,1,2,2,False,,True,ligands_pdbqt/CHEMBL99946.pdbqt,-4.724,completed,vina_screening_full/poses/CHEMBL99946_out.pdbqt,vina_screening_full/logs/CHEMBL99946.log,795
CHEMBL2105827,"GLYCEROL, IODINATED",Small molecule,4.0,,1,CC(I)C1OCC(CO)O1,"InChI=1S/C6H11IO3/c1-4(7)6-9-3-5(2-8)10-6/h4-6,8H,2-3H2,1H3",LTINPJMVDKPJJI-UHFFFAOYSA-N,258.05,258.05,0.54,38.69,1.0,3.0,0.0,1,CHEMBL2105827,"GLYCEROL, IODINATED",1,0.9858298301696776,True,True,True,1,False,C;I;O,,,False,False,10,2,False,0,0,258.055,38.69,0.5436999999999999,1,3,1,False,,True,ligands_pdbqt/CHEMBL2105827.pdbqt,-4.718,completed,vina_screening_full/poses/CHEMBL2105827_out.pdbqt,vina_screening_full/logs/CHEMBL2105827.log,796
CHEMBL449,BUTABARBITAL,Small molecule,4.0,1939.0,0,CCC(C)C1(CC)C(=O)NC(=O)NC1=O,"InChI=1S/C10H16N2O3/c1-4-6(3)10(5-2)7(13)11-9(15)12-8(10)14/h6H,4-5H2,1-3H3,(H2,11,12,13,14,15)",ZRIHAIZYIMGOAB-UHFFFAOYSA-N,212.25,212.25,0.79,75.27,2.0,3.0,0.0,2,CHEMBL1200982;CHEMBL449,BUTABARBITAL;BUTABARBITAL SODIUM,1,0.9901398181915284,True,True,True,1,False,C;N;O,,,False,False,15,3,False,0,0,212.249,75.27000000000001,0.7948999999999999,2,3,1,False,,True,ligands_pdbqt/CHEMBL449.pdbqt,-4.718,completed,vina_screening_full/poses/CHEMBL449_out.pdbqt,vina_screening_full/logs/CHEMBL449.log,797
CHEMBL666,FOSCARNET,Small molecule,4.0,1991.0,0,O=C(O)P(=O)(O)O,"InChI=1S/CH3O5P/c2-1(3)7(4,5)6/h(H,2,3)(H2,4,5,6)",ZJAOAACCNHFJAH-UHFFFAOYSA-N,126.0,126.0,-0.16,94.83,3.0,2.0,0.0,2,CHEMBL666;CHEMBL754,FOSCARNET;FOSCARNET SODIUM,1,0.9029229283332824,True,True,True,1,False,C;O;P,,,False,False,7,1,False,0,0,126.00399999999998,94.83,-0.1579000000000001,3,2,0,False,,True,ligands_pdbqt/CHEMBL666.pdbqt,-4.717,completed,vina_screening_full/poses/CHEMBL666_out.pdbqt,vina_screening_full/logs/CHEMBL666.log,798
CHEMBL3237547,CEDAZURIDINE,Small molecule,4.0,2020.0,0,O=C1N[C@H](O)CCN1[C@@H]1O[C@H](CO)[C@@H](O)C1(F)F,"InChI=1S/C9H14F2N2O5/c10-9(11)6(16)4(3-14)18-7(9)13-2-1-5(15)12-8(13)17/h4-7,14-16H,1-3H2,(H,12,17)/t4-,5-,6-,7-/m1/s1",VUDZSIYXZUYWSC-DBRKOABJSA-N,268.22,268.22,-1.57,102.26,4.0,5.0,0.0,1,CHEMBL3237547,CEDAZURIDINE,1,0.8464935660362244,True,True,True,1,False,C;F;N;O,,,False,False,18,2,False,0,0,268.216,102.26,-1.5664999999999996,4,5,2,False,,True,ligands_pdbqt/CHEMBL3237547.pdbqt,-4.716,completed,vina_screening_full/poses/CHEMBL3237547_out.pdbqt,vina_screening_full/logs/CHEMBL3237547.log,799
CHEMBL447,SECOBARBITAL,Small molecule,4.0,1950.0,1,C=CCC1(C(C)CCC)C(=O)NC(=O)NC1=O,"InChI=1S/C12H18N2O3/c1-4-6-8(3)12(7-5-2)9(15)13-11(17)14-10(12)16/h5,8H,2,4,6-7H2,1,3H3,(H2,13,14,15,16,17)",KQPKPCNLIDLUMF-UHFFFAOYSA-N,238.29,238.29,1.35,75.27,2.0,3.0,0.0,2,CHEMBL1200903;CHEMBL447,SECOBARBITAL;SECOBARBITAL SODIUM,1,0.991356599330902,True,True,True,1,False,C;N;O,,,False,False,17,5,False,0,0,238.287,75.27000000000001,1.3510999999999995,2,3,1,False,,True,ligands_pdbqt/CHEMBL447.pdbqt,-4.714,completed,vina_screening_full/poses/CHEMBL447_out.pdbqt,vina_screening_full/logs/CHEMBL447.log,800
CHEMBL7568,QUINACRINE,Small molecule,4.0,,1,CCN(CC)CCCC(C)Nc1c2ccc(Cl)cc2nc2ccc(OC)cc12,"InChI=1S/C23H30ClN3O/c1-5-27(6-2)13-7-8-16(3)25-23-19-11-9-17(24)14-22(19)26-21-12-10-18(28-4)15-20(21)23/h9-12,14-16H,5-8,13H2,1-4H3,(H,25,26)",GPKJTRJOBQGKQK-UHFFFAOYSA-N,399.97,399.97,5.97,37.39,1.0,4.0,1.0,1,CHEMBL7568,QUINACRINE,1,0.9710124373435974,True,True,True,1,False,C;Cl;N;O,,,False,False,28,9,False,0,0,399.9660000000002,37.39,5.972400000000006,1,4,3,False,,True,ligands_pdbqt/CHEMBL7568.pdbqt,-4.706,completed,vina_screening_full/poses/CHEMBL7568_out.pdbqt,vina_screening_full/logs/CHEMBL7568.log,801
CHEMBL1342,OXYBATE,Small molecule,4.0,2002.0,0,O=C(O)CCCO,"InChI=1S/C4H8O3/c5-3-1-2-4(6)7/h5H,1-3H2,(H,6,7)",SJZRECIVHVDYJC-UHFFFAOYSA-N,104.11,104.11,-0.16,57.53,2.0,2.0,0.0,5,CHEMBL1200682;CHEMBL1342;CHEMBL4594393;CHEMBL4594394;CHEMBL4594395,CALCIUM OXYBATE;MAGNESIUM OXYBATE;OXYBATE;POTASSIUM OXYBATE;SODIUM OXYBATE,1,0.7724058389663696,True,False,True,1,False,C;O,,,False,False,7,3,False,0,0,104.105,57.53,-0.1565,2,2,0,False,,True,ligands_pdbqt/CHEMBL1342.pdbqt,-4.701,completed,vina_screening_full/poses/CHEMBL1342_out.pdbqt,vina_screening_full/logs/CHEMBL1342.log,802
CHEMBL3348923,TOVORAFENIB,Small molecule,4.0,2024.0,0,C[C@@H](NC(=O)c1ncnc(N)c1Cl)c1ncc(C(=O)Nc2cc(C(F)(F)F)c(Cl)cn2)s1,"InChI=1S/C17H12Cl2F3N7O2S/c1-6(28-15(31)12-11(19)13(23)27-5-26-12)16-25-4-9(32-16)14(30)29-10-2-7(17(20,21)22)8(18)3-24-10/h2-6H,1H3,(H,28,31)(H2,23,26,27)(H,24,29,30)/t6-/m1/s1",VWMJHAFYPMOMGF-ZCFIWIBFSA-N,506.3,506.3,3.98,135.78,3.0,8.0,1.0,1,CHEMBL3348923,TOVORAFENIB,1,0.6229136526584625,True,False,True,1,False,C;Cl;F;N;O;S,,,False,False,32,5,False,0,0,506.2970000000001,135.78000000000003,3.9792000000000014,3,8,3,False,,True,ligands_pdbqt/CHEMBL3348923.pdbqt,-4.698,completed,vina_screening_full/poses/CHEMBL3348923_out.pdbqt,vina_screening_full/logs/CHEMBL3348923.log,803
CHEMBL1200802,TALBUTAL,Small molecule,4.0,1982.0,0,C=CCC1(C(C)CC)C(=O)NC(=O)NC1=O,"InChI=1S/C11H16N2O3/c1-4-6-11(7(3)5-2)8(14)12-10(16)13-9(11)15/h4,7H,1,5-6H2,2-3H3,(H2,12,13,14,15,16)",BJVVMKUXKQHWJK-UHFFFAOYSA-N,224.26,224.26,0.96,75.27,2.0,3.0,0.0,1,CHEMBL1200802,TALBUTAL,1,0.9901371121406556,True,True,True,1,False,C;N;O,,,False,False,16,4,False,0,0,224.26,75.27000000000001,0.961,2,3,1,False,,True,ligands_pdbqt/CHEMBL1200802.pdbqt,-4.68,completed,vina_screening_full/poses/CHEMBL1200802_out.pdbqt,vina_screening_full/logs/CHEMBL1200802.log,804
CHEMBL832,SULFINPYRAZONE,Small molecule,4.0,1959.0,0,O=C1C(CC[S+]([O-])c2ccccc2)C(=O)N(c2ccccc2)N1c1ccccc1,"InChI=1S/C23H20N2O3S/c26-22-21(16-17-29(28)20-14-8-3-9-15-20)23(27)25(19-12-6-2-7-13-19)24(22)18-10-4-1-5-11-18/h1-15,21H,16-17H2",MBGGBVCUIVRRBF-UHFFFAOYSA-N,404.49,404.49,3.8,63.68,0.0,3.0,0.0,1,CHEMBL832,SULFINPYRAZONE,1,0.7093626379966735,True,False,True,1,False,C;N;O;S,,,False,False,29,6,False,0,0,404.4910000000001,63.68,3.795500000000003,0,3,4,False,,True,ligands_pdbqt/CHEMBL832.pdbqt,-4.68,completed,vina_screening_full/poses/CHEMBL832_out.pdbqt,vina_screening_full/logs/CHEMBL832.log,805
CHEMBL1200468,MALATHION,Small molecule,4.0,1982.0,0,CCOC(=O)CC(SP(=S)(OC)OC)C(=O)OCC,"InChI=1S/C10H19O6PS2/c1-5-15-9(11)7-8(10(12)16-6-2)19-17(18,13-3)14-4/h8H,5-7H2,1-4H3",JXSJBGJIGXNWCI-UHFFFAOYSA-N,330.36,330.36,2.12,71.06,0.0,8.0,0.0,1,CHEMBL1200468,MALATHION,1,0.9257917881011964,True,True,True,1,False,C;O;P;S,,,False,False,19,9,False,0,0,330.3640000000001,71.06,2.1218000000000004,0,8,0,False,,True,ligands_pdbqt/CHEMBL1200468.pdbqt,-4.678,completed,vina_screening_full/poses/CHEMBL1200468_out.pdbqt,vina_screening_full/logs/CHEMBL1200468.log,806
CHEMBL726,FLUPHENAZINE,Small molecule,4.0,1959.0,0,OCCN1CCN(CCCN2c3ccccc3Sc3ccc(C(F)(F)F)cc32)CC1,"InChI=1S/C22H26F3N3OS/c23-22(24,25)17-6-7-21-19(16-17)28(18-4-1-2-5-20(18)30-21)9-3-8-26-10-12-27(13-11-26)14-15-29/h1-2,4-7,16,29H,3,8-15H2",PLDUPXSUYLZYBN-UHFFFAOYSA-N,437.53,437.53,4.31,29.95,1.0,5.0,0.0,2,CHEMBL1448187;CHEMBL726,FLUPHENAZINE;FLUPHENAZINE HYDROCHLORIDE,1,0.9839529037475586,True,True,True,1,False,C;F;N;O;S,,,False,False,30,6,False,0,0,437.5310000000002,29.950000000000003,4.308100000000003,1,5,4,False,,True,ligands_pdbqt/CHEMBL726.pdbqt,-4.674,completed,vina_screening_full/poses/CHEMBL726_out.pdbqt,vina_screening_full/logs/CHEMBL726.log,807
CHEMBL190,THEOPHYLLINE ANHYDROUS,Protein,4.0,1940.0,0,Cn1c(=O)c2[nH]cnc2n(C)c1=O,"InChI=1S/C7H8N4O2/c1-10-5-4(8-3-9-5)6(12)11(2)7(10)13/h3H,1-2H3,(H,8,9)",ZFXYFBGIUFBOJW-UHFFFAOYSA-N,180.17,180.17,-1.04,72.68,1.0,5.0,0.0,1,CHEMBL1200434,OXTRIPHYLLINE,1,0.800940752029419,True,True,True,1,False,C;N;O,,,False,False,13,0,False,0,0,180.167,72.68,-1.0397000000000003,1,3,2,False,,True,ligands_pdbqt/CHEMBL190.pdbqt,-4.664,completed,vina_screening_full/poses/CHEMBL190_out.pdbqt,vina_screening_full/logs/CHEMBL190.log,808
CHEMBL1581,PERINDOPRIL,Small molecule,4.0,1993.0,0,CCC[C@H](N[C@@H](C)C(=O)N1[C@H](C(=O)O)C[C@@H]2CCCC[C@@H]21)C(=O)OCC,"InChI=1S/C19H32N2O5/c1-4-8-14(19(25)26-5-2)20-12(3)17(22)21-15-10-7-6-9-13(15)11-16(21)18(23)24/h12-16,20H,4-11H2,1-3H3,(H,23,24)/t12-,13-,14-,15-,16-/m0/s1",IPVQLZZIHOAWMC-QXKUPLGCSA-N,368.47,368.47,1.94,95.94,2.0,5.0,0.0,3,CHEMBL1200343;CHEMBL1581;CHEMBL3544986,PERINDOPRIL;PERINDOPRIL ARGININE;PERINDOPRIL ERBUMINE,1,0.6489552021026611,True,False,True,1,False,C;N;O,,,False,False,26,8,False,0,0,368.47400000000016,95.94,1.940599999999999,2,5,2,False,,True,ligands_pdbqt/CHEMBL1581.pdbqt,-4.654,completed,vina_screening_full/poses/CHEMBL1581_out.pdbqt,vina_screening_full/logs/CHEMBL1581.log,809
CHEMBL296419,ASTEMIZOLE,Small molecule,4.0,1988.0,1,COc1ccc(CCN2CCC(Nc3nc4ccccc4n3Cc3ccc(F)cc3)CC2)cc1,"InChI=1S/C28H31FN4O/c1-34-25-12-8-21(9-13-25)14-17-32-18-15-24(16-19-32)30-28-31-26-4-2-3-5-27(26)33(28)20-22-6-10-23(29)11-7-22/h2-13,24H,14-20H2,1H3,(H,30,31)",GXDALQBWZGODGZ-UHFFFAOYSA-N,458.58,458.58,5.35,42.32,1.0,5.0,1.0,1,CHEMBL296419,ASTEMIZOLE,1,0.8598806977272033,True,True,True,1,False,C;F;N;O,,,False,False,34,8,False,0,0,458.5810000000002,42.32,5.351300000000005,1,4,5,False,,True,ligands_pdbqt/CHEMBL296419.pdbqt,-4.652,completed,vina_screening_full/poses/CHEMBL296419_out.pdbqt,vina_screening_full/logs/CHEMBL296419.log,810
CHEMBL660,AMANTADINE,Small molecule,4.0,1968.0,0,NC12CC3CC(CC(C3)C1)C2,"InChI=1S/C10H17N/c11-10-4-7-1-8(5-10)3-9(2-7)6-10/h7-9H,1-6,11H2",DKNWSYNQZKUICI-UHFFFAOYSA-N,151.25,151.25,1.91,26.02,1.0,1.0,0.0,2,CHEMBL1569;CHEMBL660,AMANTADINE;AMANTADINE HYDROCHLORIDE,1,0.9773152589797972,True,True,True,1,False,C;N,,,False,False,11,0,False,0,0,151.253,26.02,1.9139,1,1,4,False,,True,ligands_pdbqt/CHEMBL660.pdbqt,-4.636,completed,vina_screening_full/poses/CHEMBL660_out.pdbqt,vina_screening_full/logs/CHEMBL660.log,811
CHEMBL376359,ALOGLIPTIN,Small molecule,4.0,2013.0,0,Cn1c(=O)cc(N2CCC[C@@H](N)C2)n(Cc2ccccc2C#N)c1=O,"InChI=1S/C18H21N5O2/c1-21-17(24)9-16(22-8-4-7-15(20)12-22)23(18(21)25)11-14-6-3-2-5-13(14)10-19/h2-3,5-6,9,15H,4,7-8,11-12,20H2,1H3/t15-/m1/s1",ZSBOMTDTBDDKMP-OAHLLOKOSA-N,339.4,339.4,0.39,97.05,1.0,7.0,0.0,2,CHEMBL227529;CHEMBL376359,ALOGLIPTIN;ALOGLIPTIN BENZOATE,1,0.9563500642776488,True,True,True,1,False,C;N;O,,,False,False,25,3,False,0,0,339.39900000000006,97.05,0.3944800000000006,1,5,3,False,,True,ligands_pdbqt/CHEMBL376359.pdbqt,-4.631,completed,vina_screening_full/poses/CHEMBL376359_out.pdbqt,vina_screening_full/logs/CHEMBL376359.log,812
CHEMBL17860,LOFEXIDINE,Small molecule,4.0,2018.0,0,CC(Oc1c(Cl)cccc1Cl)C1=NCCN1,"InChI=1S/C11H12Cl2N2O/c1-7(11-14-5-6-15-11)16-10-8(12)3-2-4-9(10)13/h2-4,7H,5-6H2,1H3,(H,14,15)",KSMAGQUYOIHWFS-UHFFFAOYSA-N,259.14,259.14,2.76,33.62,1.0,3.0,0.0,2,CHEMBL17860;CHEMBL1788132,LOFEXIDINE;LOFEXIDINE HYDROCHLORIDE,1,0.8888011455535889,True,True,True,1,False,C;Cl;N;O,,,False,False,16,3,False,0,0,259.136,33.62,2.7624000000000004,1,3,2,False,,True,ligands_pdbqt/CHEMBL17860.pdbqt,-4.619,completed,vina_screening_full/poses/CHEMBL17860_out.pdbqt,vina_screening_full/logs/CHEMBL17860.log,813
CHEMBL809,SERTRALINE,Small molecule,4.0,1991.0,0,CN[C@H]1CC[C@@H](c2ccc(Cl)c(Cl)c2)c2ccccc21,"InChI=1S/C17H17Cl2N/c1-20-17-9-7-12(13-4-2-3-5-14(13)17)11-6-8-15(18)16(19)10-11/h2-6,8,10,12,17,20H,7,9H2,1H3/t12-,17-/m0/s1",VGKDLMBJGBXTGI-SJCJKPOMSA-N,306.24,306.24,5.18,12.03,1.0,1.0,1.0,2,CHEMBL1709;CHEMBL809,SERTRALINE;SERTRALINE HYDROCHLORIDE,1,0.976741373538971,True,True,True,1,False,C;Cl;N,,,False,False,20,2,False,0,0,306.236,12.03,5.179600000000004,1,1,3,False,,True,ligands_pdbqt/CHEMBL809.pdbqt,-4.61,completed,vina_screening_full/poses/CHEMBL809_out.pdbqt,vina_screening_full/logs/CHEMBL809.log,814
CHEMBL218490,DORZOLAMIDE,Small molecule,4.0,1994.0,0,CCN[C@H]1C[C@H](C)S(=O)(=O)c2sc(S(N)(=O)=O)cc21,"InChI=1S/C10H16N2O4S3/c1-3-12-8-4-6(2)18(13,14)10-7(8)5-9(17-10)19(11,15)16/h5-6,8,12H,3-4H2,1-2H3,(H2,11,15,16)/t6-,8-/m0/s1",IAVUPMFITXYVAF-XPUUQOCRSA-N,324.45,324.45,0.61,106.33,2.0,6.0,0.0,2,CHEMBL1201162;CHEMBL218490,DORZOLAMIDE;DORZOLAMIDE HYDROCHLORIDE,1,0.7082792043685913,True,False,True,1,False,C;N;O;S,,,False,False,19,3,False,0,0,324.44900000000007,106.32999999999998,0.612,2,6,2,False,,True,ligands_pdbqt/CHEMBL218490.pdbqt,-4.606,completed,vina_screening_full/poses/CHEMBL218490_out.pdbqt,vina_screening_full/logs/CHEMBL218490.log,815
CHEMBL647,APRACLONIDINE,Small molecule,4.0,1987.0,0,Nc1cc(Cl)c(N=C2NCCN2)c(Cl)c1,"InChI=1S/C9H10Cl2N4/c10-6-3-5(12)4-7(11)8(6)15-9-13-1-2-14-9/h3-4H,1-2,12H2,(H2,13,14,15)",IEJXVRYNEISIKR-UHFFFAOYSA-N,245.11,245.11,1.76,62.44,3.0,2.0,0.0,2,CHEMBL1200379;CHEMBL647,APRACLONIDINE;APRACLONIDINE HYDROCHLORIDE,1,0.7631484627723694,True,False,True,1,False,C;Cl;N,,,False,False,15,1,False,0,0,245.113,62.44,1.7558999999999998,3,2,2,False,,True,ligands_pdbqt/CHEMBL647.pdbqt,-4.605,completed,vina_screening_full/poses/CHEMBL647_out.pdbqt,vina_screening_full/logs/CHEMBL647.log,816
CHEMBL477,ADENOSINE,Small molecule,4.0,1989.0,0,Nc1ncnc2c1ncn2[C@@H]1O[C@H](CO)[C@@H](O)[C@H]1O,"InChI=1S/C10H13N5O4/c11-8-5-9(13-2-12-8)15(3-14-5)10-7(18)6(17)4(1-16)19-10/h2-4,6-7,10,16-18H,1H2,(H2,11,12,13)/t4-,6-,7-,10-/m1/s1",OIRDTQYFTABQOQ-KQYNXXCUSA-N,267.25,267.25,-1.98,139.54,4.0,9.0,0.0,1,CHEMBL477,ADENOSINE,1,0.6731948852539062,True,False,True,1,False,C;N;O,,,False,False,19,2,False,0,0,267.245,139.54000000000002,-1.9800000000000009,4,8,3,False,,True,ligands_pdbqt/CHEMBL477.pdbqt,-4.601,completed,vina_screening_full/poses/CHEMBL477_out.pdbqt,vina_screening_full/logs/CHEMBL477.log,817
CHEMBL2106441,NOXYTIOLIN,Small molecule,4.0,,0,CNC(=S)NCO,"InChI=1S/C3H8N2OS/c1-4-3(7)5-2-6/h6H,2H2,1H3,(H2,4,5,7)",JLMHZVYLAQPMOZ-UHFFFAOYSA-N,120.18,120.18,-0.97,44.29,3.0,2.0,0.0,1,CHEMBL2106441,NOXYTIOLIN,1,0.6468587100505829,True,False,True,1,False,C;N;O;S,,,False,False,7,1,False,0,0,120.177,44.29,-0.9699000000000002,3,2,0,False,,True,ligands_pdbqt/CHEMBL2106441.pdbqt,-4.585,completed,vina_screening_full/poses/CHEMBL2106441_out.pdbqt,vina_screening_full/logs/CHEMBL2106441.log,818
CHEMBL2079130,VONOPRAZAN,Small molecule,4.0,2022.0,0,CNCc1cc(-c2ccccc2F)n(S(=O)(=O)c2cccnc2)c1,"InChI=1S/C17H16FN3O2S/c1-19-10-13-9-17(15-6-2-3-7-16(15)18)21(12-13)24(22,23)14-5-4-8-20-11-14/h2-9,11-12,19H,10H2,1H3",BFDBKMOZYNOTPK-UHFFFAOYSA-N,345.4,345.4,2.65,63.99,1.0,5.0,0.0,2,CHEMBL2064032;CHEMBL2079130,VONOPRAZAN;VONOPRAZAN FUMARATE,1,0.8024021983146667,True,True,True,1,False,C;F;N;O;S,,,False,False,24,5,False,0,0,345.399,63.99,2.645600000000001,1,4,3,False,,True,ligands_pdbqt/CHEMBL2079130.pdbqt,-4.583,completed,vina_screening_full/poses/CHEMBL2079130_out.pdbqt,vina_screening_full/logs/CHEMBL2079130.log,819
CHEMBL667,ACETYLCHOLINE,Small molecule,4.0,1973.0,0,CC(=O)OCC[N+](C)(C)C,"InChI=1S/C7H16NO2/c1-7(9)10-6-5-8(2,3)4/h5-6H2,1-4H3/q+1",OIPILFWXSMYKGL-UHFFFAOYSA-N,146.21,146.21,0.26,26.3,0.0,2.0,0.0,2,CHEMBL1184;CHEMBL667,ACETYLCHOLINE;ACETYLCHOLINE CHLORIDE,1,0.7555403709411621,True,False,True,1,False,C;N;O,,,False,False,10,3,False,1,1,146.21,26.3,0.2557,0,2,0,False,,True,ligands_pdbqt/CHEMBL667.pdbqt,-4.581,completed,vina_screening_full/poses/CHEMBL667_out.pdbqt,vina_screening_full/logs/CHEMBL667.log,820
CHEMBL4650215,INAVOLISIB,Small molecule,4.0,2024.0,0,C[C@H](Nc1ccc2c(c1)OCCn1cc(N3C(=O)OC[C@H]3C(F)F)nc1-2)C(N)=O,"InChI=1S/C18H19F2N5O4/c1-9(16(21)26)22-10-2-3-11-13(6-10)28-5-4-24-7-14(23-17(11)24)25-12(15(19)20)8-29-18(25)27/h2-3,6-7,9,12,15,22H,4-5,8H2,1H3,(H2,21,26)/t9-,12-/m0/s1",SGEUNORSOZVTOL-CABZTGNLSA-N,407.38,407.38,1.82,111.71,2.0,7.0,0.0,1,CHEMBL4650215,INAVOLISIB,1,0.8404333472251893,True,True,True,1,False,C;F;N;O,,,False,False,29,5,False,0,0,407.37700000000007,111.71,1.8185,2,6,4,False,,True,ligands_pdbqt/CHEMBL4650215.pdbqt,-4.573,completed,vina_screening_full/poses/CHEMBL4650215_out.pdbqt,vina_screening_full/logs/CHEMBL4650215.log,821
CHEMBL1542,AZATHIOPRINE,Small molecule,4.0,1968.0,0,Cn1cnc([N+](=O)[O-])c1Sc1ncnc2[nH]cnc12,"InChI=1S/C9H7N7O2S/c1-15-4-14-7(16(17)18)9(15)19-8-5-6(11-2-10-5)12-3-13-8/h2-4H,1H3,(H,10,11,12,13)",LMEKQMALGUDUQG-UHFFFAOYSA-N,277.27,277.27,1.15,115.42,1.0,8.0,0.0,2,CHEMBL1200400;CHEMBL1542,AZATHIOPRINE;AZATHIOPRINE SODIUM,1,0.808471405506134,True,True,True,1,False,C;N;O;S,,,False,False,19,3,False,0,0,277.269,115.42,1.1457999999999997,1,7,3,False,,True,ligands_pdbqt/CHEMBL1542.pdbqt,-4.565,completed,vina_screening_full/poses/CHEMBL1542_out.pdbqt,vina_screening_full/logs/CHEMBL1542.log,822
CHEMBL406,INDAPAMIDE,Small molecule,4.0,1983.0,0,CC1Cc2ccccc2N1NC(=O)c1ccc(Cl)c(S(N)(=O)=O)c1,"InChI=1S/C16H16ClN3O3S/c1-10-8-11-4-2-3-5-14(11)20(10)19-16(21)12-6-7-13(17)15(9-12)24(18,22)23/h2-7,9-10H,8H2,1H3,(H,19,21)(H2,18,22,23)",NDDAHWYSQHTHNT-UHFFFAOYSA-N,365.84,365.84,2.08,92.5,2.0,4.0,0.0,1,CHEMBL406,INDAPAMIDE,1,0.6916562795639039,True,False,True,1,False,C;Cl;N;O;S,,,False,False,24,3,False,0,0,365.842,92.5,2.0834,2,4,3,False,,True,ligands_pdbqt/CHEMBL406.pdbqt,-4.552,completed,vina_screening_full/poses/CHEMBL406_out.pdbqt,vina_screening_full/logs/CHEMBL406.log,823
CHEMBL911,ZOLPIDEM,Small molecule,4.0,1992.0,0,Cc1ccc(-c2nc3ccc(C)cn3c2CC(=O)N(C)C)cc1,"InChI=1S/C19H21N3O/c1-13-5-8-15(9-6-13)19-16(11-18(23)21(3)4)22-12-14(2)7-10-17(22)20-19/h5-10,12H,11H2,1-4H3",ZAFYATHCZYHLPB-UHFFFAOYSA-N,307.4,307.4,3.25,37.61,0.0,3.0,0.0,2,CHEMBL3989820;CHEMBL911,ZOLPIDEM;ZOLPIDEM TARTRATE,1,0.9328150629997254,True,True,True,1,False,C;N;O,,,False,False,23,3,False,0,0,307.39700000000005,37.61000000000001,3.2488400000000013,0,2,3,False,,True,ligands_pdbqt/CHEMBL911.pdbqt,-4.552,completed,vina_screening_full/poses/CHEMBL911_out.pdbqt,vina_screening_full/logs/CHEMBL911.log,824
CHEMBL4596392,CRAVACITINIB,Small molecule,4.0,2022.0,0,CNC(=O)c1nnc(NC(=O)C2CC2)cc1Nc1cccc(-c2ncn(C)n2)c1OC,"InChI=1S/C20H22N8O3/c1-21-20(30)16-14(9-15(25-26-16)24-19(29)11-7-8-11)23-13-6-4-5-12(17(13)31-3)18-22-10-28(2)27-18/h4-6,9-11H,7-8H2,1-3H3,(H,21,30)(H2,23,24,25,29)",BZZKEPGENYLQSC-UHFFFAOYSA-N,422.45,422.45,1.73,135.95,3.0,9.0,0.0,2,CHEMBL4435170;CHEMBL4596392,CRAVACITINIB;DEUCRAVACITINIB,1,0.6199126243591309,True,False,True,1,False,C;N;O,,,False,False,31,7,False,0,0,422.4490000000002,135.95,1.7323999999999995,3,8,4,False,,True,ligands_pdbqt/CHEMBL4596392.pdbqt,-4.543,completed,vina_screening_full/poses/CHEMBL4596392_out.pdbqt,vina_screening_full/logs/CHEMBL4596392.log,825
CHEMBL2106915,METHOPHOLINE,Small molecule,4.0,,1,COc1cc2c(cc1OC)C(CCc1ccc(Cl)cc1)N(C)CC2,"InChI=1S/C20H24ClNO2/c1-22-11-10-15-12-19(23-2)20(24-3)13-17(15)18(22)9-6-14-4-7-16(21)8-5-14/h4-5,7-8,12-13,18H,6,9-11H2,1-3H3",YBCPYHQFUMNOJG-UHFFFAOYSA-N,345.87,345.87,4.52,21.7,0.0,3.0,0.0,1,CHEMBL2106915,METHOPHOLINE,1,0.9818607807159424,True,True,True,1,False,C;Cl;N;O,,,False,False,24,5,False,0,0,345.8700000000001,21.700000000000003,4.519000000000005,0,3,3,False,,True,ligands_pdbqt/CHEMBL2106915.pdbqt,-4.53,completed,vina_screening_full/poses/CHEMBL2106915_out.pdbqt,vina_screening_full/logs/CHEMBL2106915.log,826
CHEMBL1628227,DOXEPIN,Small molecule,4.0,1969.0,0,CN(C)CCC=C1c2ccccc2COc2ccccc21,"InChI=1S/C19H21NO/c1-20(2)13-7-11-17-16-9-4-3-8-15(16)14-21-19-12-6-5-10-18(17)19/h3-6,8-12H,7,13-14H2,1-2H3",ODQWQRRAPPTVAG-UHFFFAOYSA-N,279.38,279.38,3.96,12.47,0.0,2.0,0.0,2,CHEMBL1628227;CHEMBL1628234,DOXEPIN;DOXEPIN HYDROCHLORIDE,1,0.9963068723678588,True,True,True,1,False,C;N;O,,,False,False,21,3,False,0,0,279.383,12.47,3.9624000000000033,0,2,3,False,,True,ligands_pdbqt/CHEMBL1628227.pdbqt,-4.526,completed,vina_screening_full/poses/CHEMBL1628227_out.pdbqt,vina_screening_full/logs/CHEMBL1628227.log,827
CHEMBL1294,QUINIDINE,Small molecule,4.0,1950.0,0,C=C[C@H]1CN2CC[C@H]1C[C@@H]2[C@@H](O)c1ccnc2ccc(OC)cc12,"InChI=1S/C20H24N2O2/c1-3-13-12-22-9-7-14(13)10-19(22)20(23)16-6-8-21-18-5-4-15(24-2)11-17(16)18/h3-6,8,11,13-14,19-20,23H,1,7,9-10,12H2,2H3/t13-,14-,19+,20-/m0/s1",LOUPRKONTZGTKE-LHHVKLHASA-N,324.42,324.42,3.17,45.59,1.0,4.0,0.0,3,CHEMBL1200437;CHEMBL1294;CHEMBL3707183,QUINIDINE;QUINIDINE GLUCONATE;QUINIDINE SULFATE,1,0.8474568724632263,True,True,True,1,False,C;N;O,,,False,False,24,4,False,0,0,324.4240000000001,45.59,3.1732000000000014,1,4,5,False,,True,ligands_pdbqt/CHEMBL1294.pdbqt,-4.516,completed,vina_screening_full/poses/CHEMBL1294_out.pdbqt,vina_screening_full/logs/CHEMBL1294.log,828
CHEMBL1200559,LACTIC ACID,Small molecule,4.0,2006.0,0,CC(O)C(=O)O,"InChI=1S/C3H6O3/c1-2(4)3(5)6/h2,4H,1H3,(H,5,6)",JVTAAEKCZFNVCJ-UHFFFAOYSA-N,90.08,90.08,-0.55,57.53,2.0,2.0,0.0,1,CHEMBL1200559,LACTIC ACID,1,0.6738718211650848,True,False,True,1,False,C;O,,,False,False,6,1,False,0,0,90.078,57.53,-0.5482,2,2,0,False,,True,ligands_pdbqt/CHEMBL1200559.pdbqt,-4.515,completed,vina_screening_full/poses/CHEMBL1200559_out.pdbqt,vina_screening_full/logs/CHEMBL1200559.log,829
CHEMBL965,CARBAMOYLCHOLINE,Small molecule,4.0,1972.0,0,C[N+](C)(C)CCOC(N)=O,"InChI=1S/C6H14N2O2/c1-8(2,3)4-5-10-6(7)9/h4-5H2,1-3H3,(H-,7,9)/p+1",VPJXQGSRWJZDOB-UHFFFAOYSA-O,147.2,147.2,-0.21,52.32,1.0,2.0,0.0,2,CHEMBL14;CHEMBL965,CARBACHOL;CARBAMOYLCHOLINE,1,0.7133173763751983,True,False,True,1,False,C;N;O,,,False,False,10,3,False,1,1,147.19799999999998,52.32,-0.2121000000000003,1,2,0,False,,True,ligands_pdbqt/CHEMBL965.pdbqt,-4.512,completed,vina_screening_full/poses/CHEMBL965_out.pdbqt,vina_screening_full/logs/CHEMBL965.log,830
CHEMBL1908841,LEVOLEUCOVORIN,Small molecule,4.0,2008.0,0,Nc1nc(=O)c2c([nH]1)NC[C@H](CNc1ccc(C(=O)N[C@@H](CCC(=O)O)C(=O)O)cc1)N2C=O,"InChI=1S/C20H23N7O7/c21-20-25-16-15(18(32)26-20)27(9-28)12(8-23-16)7-22-11-3-1-10(2-4-11)17(31)24-13(19(33)34)5-6-14(29)30/h1-4,9,12-13,22H,5-8H2,(H,24,31)(H,29,30)(H,33,34)(H4,21,23,25,26,32)/t12-,13-/m0/s1",VVIAGPKUTFNRDU-STQMWFEESA-N,473.45,473.45,-0.73,219.84,7.0,9.0,1.0,2,CHEMBL1908361;CHEMBL1908841,LEVOLEUCOVORIN;LEVOLEUCOVORIN CALCIUM,1,0.5946941316127777,True,False,True,1,False,C;N;O,,,False,False,34,10,False,0,0,473.4460000000002,219.84,-0.7310999999999974,7,9,3,False,,True,ligands_pdbqt/CHEMBL1908841.pdbqt,-4.509,completed,vina_screening_full/poses/CHEMBL1908841_out.pdbqt,vina_screening_full/logs/CHEMBL1908841.log,831
CHEMBL1455,ALTRETAMINE,Small molecule,4.0,1990.0,0,CN(C)c1nc(N(C)C)nc(N(C)C)n1,InChI=1S/C9H18N6/c1-13(2)7-10-8(14(3)4)12-9(11-7)15(5)6/h1-6H3,UUVWYPNAQBNQJQ-UHFFFAOYSA-N,210.28,210.28,0.07,48.39,0.0,6.0,0.0,1,CHEMBL1455,ALTRETAMINE,1,0.9934509992599488,True,True,True,1,False,C;N,,,False,False,15,3,False,0,0,210.285,48.39000000000001,0.0696000000000001,0,6,1,False,,True,ligands_pdbqt/CHEMBL1455.pdbqt,-4.507,completed,vina_screening_full/poses/CHEMBL1455_out.pdbqt,vina_screening_full/logs/CHEMBL1455.log,832
CHEMBL454,BUTALBITAL,Small molecule,4.0,1983.0,0,C=CCC1(CC(C)C)C(=O)NC(=O)NC1=O,"InChI=1S/C11H16N2O3/c1-4-5-11(6-7(2)3)8(14)12-10(16)13-9(11)15/h4,7H,1,5-6H2,2-3H3,(H2,12,13,14,15,16)",UZVHFVZFNXBMQJ-UHFFFAOYSA-N,224.26,224.26,0.96,75.27,2.0,3.0,0.0,1,CHEMBL454,BUTALBITAL,1,0.9912173748016356,True,True,True,1,False,C;N;O,,,False,False,16,4,False,0,0,224.26,75.27000000000001,0.961,2,3,1,False,,True,ligands_pdbqt/CHEMBL454.pdbqt,-4.498,completed,vina_screening_full/poses/CHEMBL454_out.pdbqt,vina_screening_full/logs/CHEMBL454.log,833
CHEMBL1090,VIDARABINE,Small molecule,4.0,1976.0,0,Nc1ncnc2c1ncn2[C@@H]1O[C@H](CO)[C@@H](O)[C@@H]1O,"InChI=1S/C10H13N5O4/c11-8-5-9(13-2-12-8)15(3-14-5)10-7(18)6(17)4(1-16)19-10/h2-4,6-7,10,16-18H,1H2,(H2,11,12,13)/t4-,6-,7+,10-/m1/s1",OIRDTQYFTABQOQ-UHTZMRCNSA-N,267.25,267.25,-1.98,139.54,4.0,9.0,0.0,1,CHEMBL1090,VIDARABINE,1,0.6710342407226563,True,False,True,1,False,C;N;O,,,False,False,19,2,False,0,0,267.245,139.54000000000002,-1.9800000000000009,4,8,3,False,,True,ligands_pdbqt/CHEMBL1090.pdbqt,-4.49,completed,vina_screening_full/poses/CHEMBL1090_out.pdbqt,vina_screening_full/logs/CHEMBL1090.log,834
CHEMBL317094,IMIDAPRIL,Small molecule,4.0,1993.0,0,CCOC(=O)[C@H](CCc1ccccc1)N[C@@H](C)C(=O)N1C(=O)N(C)C[C@H]1C(=O)O,"InChI=1S/C20H27N3O6/c1-4-29-19(27)15(11-10-14-8-6-5-7-9-14)21-13(2)17(24)23-16(18(25)26)12-22(3)20(23)28/h5-9,13,15-16,21H,4,10-12H2,1-3H3,(H,25,26)/t13-,15-,16-/m0/s1",KLZWOWYOHUKJIG-BPUTZDHNSA-N,405.45,405.45,0.88,116.25,2.0,6.0,0.0,1,CHEMBL317094,IMIDAPRIL,1,0.7774156928062439,True,False,True,1,False,C;N;O,,,False,False,29,9,False,0,0,405.45100000000025,116.25,0.8762000000000008,2,6,2,False,,True,ligands_pdbqt/CHEMBL317094.pdbqt,-4.483,completed,vina_screening_full/poses/CHEMBL317094_out.pdbqt,vina_screening_full/logs/CHEMBL317094.log,835
CHEMBL370805,COCAINE,Small molecule,4.0,2017.0,0,COC(=O)[C@H]1[C@@H](OC(=O)c2ccccc2)C[C@@H]2CC[C@H]1N2C,"InChI=1S/C17H21NO4/c1-18-12-8-9-13(18)15(17(20)21-2)14(10-12)22-16(19)11-6-4-3-5-7-11/h3-7,12-15H,8-10H2,1-2H3/t12-,13+,14-,15+/m0/s1",ZPUCINDJVBIVPJ-LJISPDSOSA-N,303.36,303.36,1.87,55.84,0.0,5.0,0.0,2,CHEMBL370805;CHEMBL529437,COCAINE;COCAINE HYDROCHLORIDE,1,0.9844067335128784,True,True,True,1,False,C;N;O,,,False,False,22,3,False,0,0,303.35800000000006,55.84,1.8677,0,5,3,False,,True,ligands_pdbqt/CHEMBL370805.pdbqt,-4.481,completed,vina_screening_full/poses/CHEMBL370805_out.pdbqt,vina_screening_full/logs/CHEMBL370805.log,836
CHEMBL2165326,APROCITENTAN,Small molecule,4.0,2024.0,0,NS(=O)(=O)Nc1ncnc(OCCOc2ncc(Br)cn2)c1-c1ccc(Br)cc1,"InChI=1S/C16H14Br2N6O4S/c17-11-3-1-10(2-4-11)13-14(24-29(19,25)26)22-9-23-15(13)27-5-6-28-16-20-7-12(18)8-21-16/h1-4,7-9H,5-6H2,(H2,19,25,26)(H,22,23,24)",DKULOVKANLVDEA-UHFFFAOYSA-N,546.2,546.2,2.53,142.21,2.0,8.0,1.0,1,CHEMBL2165326,APROCITENTAN,1,0.7893651962280274,True,False,True,1,False,Br;C;N;O;S,,,False,False,29,8,False,0,0,546.201,142.20999999999998,2.5318000000000005,2,8,3,False,,True,ligands_pdbqt/CHEMBL2165326.pdbqt,-4.474,completed,vina_screening_full/poses/CHEMBL2165326_out.pdbqt,vina_screening_full/logs/CHEMBL2165326.log,837
CHEMBL1111,AMBRISENTAN,Small molecule,4.0,2007.0,0,COC(c1ccccc1)(c1ccccc1)[C@H](Oc1nc(C)cc(C)n1)C(=O)O,"InChI=1S/C22H22N2O4/c1-15-14-16(2)24-21(23-15)28-19(20(25)26)22(27-3,17-10-6-4-7-11-17)18-12-8-5-9-13-18/h4-14,19H,1-3H3,(H,25,26)/t19-/m1/s1",OUJTZYPIHDYQMC-LJQANCHMSA-N,378.43,378.43,3.52,81.54,1.0,5.0,0.0,1,CHEMBL1111,AMBRISENTAN,1,0.6988243699073792,True,False,True,1,False,C;N;O,,,False,False,28,7,False,0,0,378.4280000000001,81.54,3.515640000000001,1,5,3,False,,True,ligands_pdbqt/CHEMBL1111.pdbqt,-4.468,completed,vina_screening_full/poses/CHEMBL1111_out.pdbqt,vina_screening_full/logs/CHEMBL1111.log,838
CHEMBL126224,IPRINDOLE,Small molecule,4.0,,0,CN(C)CCCn1c2c(c3ccccc31)CCCCCC2,"InChI=1S/C19H28N2/c1-20(2)14-9-15-21-18-12-6-4-3-5-10-16(18)17-11-7-8-13-19(17)21/h7-8,11,13H,3-6,9-10,12,14-15H2,1-2H3",PLIGPBGDXASWPX-UHFFFAOYSA-N,284.45,284.45,4.25,8.17,0.0,2.0,0.0,1,CHEMBL126224,IPRINDOLE,1,0.998413383960724,True,True,True,1,False,C;N,,,False,False,21,4,False,0,0,284.44700000000006,8.17,4.252000000000004,0,1,3,False,,True,ligands_pdbqt/CHEMBL126224.pdbqt,-4.464,completed,vina_screening_full/poses/CHEMBL126224_out.pdbqt,vina_screening_full/logs/CHEMBL126224.log,839
CHEMBL489411,AMOROLFINE,Small molecule,4.0,,0,CCC(C)(C)c1ccc(CC(C)CN2C[C@@H](C)O[C@@H](C)C2)cc1,"InChI=1S/C21H35NO/c1-7-21(5,6)20-10-8-19(9-11-20)12-16(2)13-22-14-17(3)23-18(4)15-22/h8-11,16-18H,7,12-15H2,1-6H3/t16?,17-,18+",MQHLMHIZUIDKOO-AYHJJNSGSA-N,317.52,317.52,4.66,12.47,0.0,2.0,0.0,1,CHEMBL489411,AMOROLFINE,1,0.938827073574066,True,True,True,1,False,C;N;O,,,False,False,23,6,False,0,0,317.517,12.47,4.662000000000004,0,2,2,False,,True,ligands_pdbqt/CHEMBL489411.pdbqt,-4.45,completed,vina_screening_full/poses/CHEMBL489411_out.pdbqt,vina_screening_full/logs/CHEMBL489411.log,840
CHEMBL2105233,PROXIBARBAL,Small molecule,4.0,,1,C=CCC1(CC(C)O)C(=O)NC(=O)NC1=O,"InChI=1S/C10H14N2O4/c1-3-4-10(5-6(2)13)7(14)11-9(16)12-8(10)15/h3,6,13H,1,4-5H2,2H3,(H2,11,12,14,15,16)",VNLMRPAWAMPLNZ-UHFFFAOYSA-N,226.23,226.23,-0.31,95.5,3.0,4.0,0.0,1,CHEMBL2105233,PROXIBARBAL,1,0.9619506001472472,True,True,True,1,False,C;N;O,,,False,False,16,4,False,0,0,226.232,95.5,-0.3142,3,4,1,False,,True,ligands_pdbqt/CHEMBL2105233.pdbqt,-4.441,completed,vina_screening_full/poses/CHEMBL2105233_out.pdbqt,vina_screening_full/logs/CHEMBL2105233.log,841
CHEMBL1779710,EVOGLIPTIN,Small molecule,4.0,2015.0,0,CC(C)(C)OC[C@@H]1C(=O)NCCN1C(=O)C[C@H](N)Cc1cc(F)c(F)cc1F,"InChI=1S/C19H26F3N3O3/c1-19(2,3)28-10-16-18(27)24-4-5-25(16)17(26)8-12(23)6-11-7-14(21)15(22)9-13(11)20/h7,9,12,16H,4-6,8,10,23H2,1-3H3,(H,24,27)/t12-,16-/m1/s1",LCDDAGSJHKEABN-MLGOLLRUSA-N,401.43,401.43,1.51,84.66,2.0,4.0,0.0,1,CHEMBL1779710,EVOGLIPTIN,1,0.9461874842643738,True,True,True,1,False,C;F;N;O,,,False,False,28,6,False,0,0,401.4290000000001,84.66,1.5058999999999998,2,4,2,False,,True,ligands_pdbqt/CHEMBL1779710.pdbqt,-4.439,completed,vina_screening_full/poses/CHEMBL1779710_out.pdbqt,vina_screening_full/logs/CHEMBL1779710.log,842
CHEMBL22242,REMOXIPRIDE,Small molecule,4.0,1990.0,1,CCN1CCC[C@H]1CNC(=O)c1c(OC)ccc(Br)c1OC,"InChI=1S/C16H23BrN2O3/c1-4-19-9-5-6-11(19)10-18-16(20)14-13(21-2)8-7-12(17)15(14)22-3/h7-8,11H,4-6,9-10H2,1-3H3,(H,18,20)/t11-/m0/s1",GUJRSXAPGDDABA-NSHDSACASA-N,371.28,371.28,2.68,50.8,1.0,4.0,0.0,2,CHEMBL22242;CHEMBL3989556,REMOXIPRIDE;REMOXIPRIDE HYDROCHLORIDE,1,0.9831356048583983,True,True,True,1,False,Br;C;N;O,,,False,False,22,6,False,0,0,371.2750000000001,50.80000000000001,2.680400000000001,1,4,2,False,,True,ligands_pdbqt/CHEMBL22242.pdbqt,-4.429,completed,vina_screening_full/poses/CHEMBL22242_out.pdbqt,vina_screening_full/logs/CHEMBL22242.log,843
CHEMBL1515,METHIMAZOLE,Small molecule,4.0,1950.0,0,Cn1ccnc1S,"InChI=1S/C4H6N2S/c1-6-3-2-5-4(6)7/h2-3H,1H3,(H,5,7)",PMRYVIKBURPHAH-UHFFFAOYSA-N,114.17,114.17,0.71,17.82,1.0,3.0,0.0,1,CHEMBL1515,METHIMAZOLE,1,0.6786048591136933,True,False,True,1,False,C;N;S,,,False,False,7,0,False,0,0,114.173,17.82,0.7087999999999999,1,2,1,False,,True,ligands_pdbqt/CHEMBL1515.pdbqt,-4.428,completed,vina_screening_full/poses/CHEMBL1515_out.pdbqt,vina_screening_full/logs/CHEMBL1515.log,844
CHEMBL450,METHARBITAL,Small molecule,4.0,1982.0,0,CCC1(CC)C(=O)NC(=O)N(C)C1=O,"InChI=1S/C9H14N2O3/c1-4-9(5-2)6(12)10-8(14)11(3)7(9)13/h4-5H2,1-3H3,(H,10,12,14)",FWJKNZONDWOGMI-UHFFFAOYSA-N,198.22,198.22,0.5,66.48,1.0,3.0,0.0,1,CHEMBL450,METHARBITAL,1,0.9978630542755128,True,True,True,1,False,C;N;O,,,False,False,14,2,False,0,0,198.222,66.48,0.5009999999999999,1,3,1,False,,True,ligands_pdbqt/CHEMBL450.pdbqt,-4.417,completed,vina_screening_full/poses/CHEMBL450_out.pdbqt,vina_screening_full/logs/CHEMBL450.log,845
CHEMBL1201191,LEVOCETIRIZINE,Small molecule,4.0,2007.0,0,O=C(O)COCCN1CCN([C@H](c2ccccc2)c2ccc(Cl)cc2)CC1,"InChI=1S/C21H25ClN2O3/c22-19-8-6-18(7-9-19)21(17-4-2-1-3-5-17)24-12-10-23(11-13-24)14-15-27-16-20(25)26/h1-9,21H,10-16H2,(H,25,26)/t21-/m1/s1",ZKLPARSLTMPFCP-OAQYLSRUSA-N,388.9,388.9,3.15,53.01,1.0,4.0,0.0,2,CHEMBL1201190;CHEMBL1201191,LEVOCETIRIZINE;LEVOCETIRIZINE DIHYDROCHLORIDE,1,0.63506178855896,True,False,True,1,False,C;Cl;N;O,,,False,False,27,8,False,0,0,388.8950000000002,53.010000000000005,3.148200000000002,1,4,3,False,,True,ligands_pdbqt/CHEMBL1201191.pdbqt,-4.411,completed,vina_screening_full/poses/CHEMBL1201191_out.pdbqt,vina_screening_full/logs/CHEMBL1201191.log,846
CHEMBL1201196,SERTACONAZOLE,Small molecule,4.0,2003.0,0,Clc1ccc(C(Cn2ccnc2)OCc2csc3c(Cl)cccc23)c(Cl)c1,"InChI=1S/C20H15Cl3N2OS/c21-14-4-5-16(18(23)8-14)19(9-25-7-6-24-12-25)26-10-13-11-27-20-15(13)2-1-3-17(20)22/h1-8,11-12,19H,9-10H2",JLGKQTAYUIMGRK-UHFFFAOYSA-N,437.78,437.78,7.02,27.05,0.0,4.0,1.0,2,CHEMBL1200725;CHEMBL1201196,SERTACONAZOLE;SERTACONAZOLE NITRATE,1,0.7684372425079345,True,False,True,1,False,C;Cl;N;O;S,,,False,False,27,6,False,0,0,437.7790000000001,27.05,7.016100000000002,0,3,4,False,,True,ligands_pdbqt/CHEMBL1201196.pdbqt,-4.406,completed,vina_screening_full/poses/CHEMBL1201196_out.pdbqt,vina_screening_full/logs/CHEMBL1201196.log,847
CHEMBL467,HYDROXYUREA,Small molecule,4.0,1967.0,0,NC(=O)NO,"InChI=1S/CH4N2O2/c2-1(4)3-5/h5H,(H3,2,3,4)",VSNHCAURESNICA-UHFFFAOYSA-N,76.05,76.05,-0.96,75.35,3.0,2.0,0.0,1,CHEMBL467,HYDROXYUREA,1,0.9852338194847108,True,True,True,1,False,C;N;O,,,False,False,5,0,False,0,0,76.05499999999999,75.35000000000001,-0.9561000000000002,3,2,0,False,,True,ligands_pdbqt/CHEMBL467.pdbqt,-4.397,completed,vina_screening_full/poses/CHEMBL467_out.pdbqt,vina_screening_full/logs/CHEMBL467.log,848
CHEMBL2105581,VERALIPRIDE,Small molecule,4.0,1979.0,1,C=CCN1CCCC1CNC(=O)c1cc(S(N)(=O)=O)cc(OC)c1OC,"InChI=1S/C17H25N3O5S/c1-4-7-20-8-5-6-12(20)11-19-17(21)14-9-13(26(18,22)23)10-15(24-2)16(14)25-3/h4,9-10,12H,1,5-8,11H2,2-3H3,(H,19,21)(H2,18,22,23)",RYJXBGGBZJGVQF-UHFFFAOYSA-N,383.47,383.47,0.73,110.96,2.0,6.0,0.0,1,CHEMBL2105581,VERALIPRIDE,1,0.830072021484375,True,True,True,1,False,C;N;O;S,,,False,False,26,8,False,0,0,383.4700000000002,110.96,0.7314000000000015,2,6,2,False,,True,ligands_pdbqt/CHEMBL2105581.pdbqt,-4.386,completed,vina_screening_full/poses/CHEMBL2105581_out.pdbqt,vina_screening_full/logs/CHEMBL2105581.log,849
CHEMBL267894,AMOBARBITAL,Small molecule,4.0,,1,CCC1(CCC(C)C)C(=O)NC(=O)NC1=O,"InChI=1S/C11H18N2O3/c1-4-11(6-5-7(2)3)8(14)12-10(16)13-9(11)15/h7H,4-6H2,1-3H3,(H2,12,13,14,15,16)",VIROVYVQCGLCII-UHFFFAOYSA-N,226.28,226.28,1.18,75.27,2.0,3.0,0.0,2,CHEMBL2105941;CHEMBL267894,AMOBARBITAL;AMOBARBITAL SODIUM,1,0.9951644778251648,True,True,True,1,False,C;N;O,,,False,False,16,4,False,0,0,226.276,75.27000000000001,1.1849999999999998,2,3,1,False,,True,ligands_pdbqt/CHEMBL267894.pdbqt,-4.384,completed,vina_screening_full/poses/CHEMBL267894_out.pdbqt,vina_screening_full/logs/CHEMBL267894.log,850
CHEMBL193240,ROFLUMILAST,Small molecule,4.0,2010.0,0,O=C(Nc1c(Cl)cncc1Cl)c1ccc(OC(F)F)c(OCC2CC2)c1,"InChI=1S/C17H14Cl2F2N2O3/c18-11-6-22-7-12(19)15(11)23-16(24)10-3-4-13(26-17(20)21)14(5-10)25-8-9-1-2-9/h3-7,9,17H,1-2,8H2,(H,22,23,24)",MNDBXUUTURYVHR-UHFFFAOYSA-N,403.21,403.21,5.03,60.45,1.0,4.0,1.0,1,CHEMBL193240,ROFLUMILAST,1,0.9184792399406432,True,True,True,1,False,C;Cl;F;N;O,,,False,False,26,7,False,0,0,403.21200000000016,60.45,5.030900000000003,1,4,3,False,,True,ligands_pdbqt/CHEMBL193240.pdbqt,-4.377,completed,vina_screening_full/poses/CHEMBL193240_out.pdbqt,vina_screening_full/logs/CHEMBL193240.log,851
CHEMBL1008,BEPRIDIL,Small molecule,4.0,1990.0,0,CC(C)COCC(CN(Cc1ccccc1)c1ccccc1)N1CCCC1,"InChI=1S/C24H34N2O/c1-21(2)19-27-20-24(25-15-9-10-16-25)18-26(23-13-7-4-8-14-23)17-22-11-5-3-6-12-22/h3-8,11-14,21,24H,9-10,15-20H2,1-2H3",UIEATEWHFDRYRU-UHFFFAOYSA-N,366.55,366.55,4.83,15.71,0.0,3.0,0.0,2,CHEMBL1008;CHEMBL1200382,BEPRIDIL;BEPRIDIL HYDROCHLORIDE,1,0.9870228409767152,True,True,True,1,False,C;N;O,,,False,False,27,10,False,0,0,366.5490000000002,15.71,4.830200000000005,0,3,3,False,,True,ligands_pdbqt/CHEMBL1008.pdbqt,-4.376,completed,vina_screening_full/poses/CHEMBL1008_out.pdbqt,vina_screening_full/logs/CHEMBL1008.log,852
CHEMBL333826,DEQUALINIUM,Small molecule,4.0,,1,Cc1cc(N)c2ccccc2[n+]1CCCCCCCCCC[n+]1c(C)cc(N)c2ccccc21,"InChI=1S/C30H38N4/c1-23-21-27(31)25-15-9-11-17-29(25)33(23)19-13-7-5-3-4-6-8-14-20-34-24(2)22-28(32)26-16-10-12-18-30(26)34/h9-12,15-18,21-22,31-32H,3-8,13-14,19-20H2,1-2H3/p+2",PCSWXVJAIHCTMO-UHFFFAOYSA-P,456.68,456.68,6.17,59.8,2.0,2.0,1.0,2,CHEMBL121663;CHEMBL333826,DEQUALINIUM;DEQUALINIUM CHLORIDE,1,0.8566776633262634,True,True,True,1,False,C;N,,,False,False,34,11,False,2,2,456.6780000000002,59.8,6.170240000000007,2,2,4,False,,True,ligands_pdbqt/CHEMBL333826.pdbqt,-4.373,completed,vina_screening_full/poses/CHEMBL333826_out.pdbqt,vina_screening_full/logs/CHEMBL333826.log,853
CHEMBL1508,ESCITALOPRAM,Small molecule,4.0,2002.0,0,CN(C)CCC[C@@]1(c2ccc(F)cc2)OCc2cc(C#N)ccc21,"InChI=1S/C20H21FN2O/c1-23(2)11-3-10-20(17-5-7-18(21)8-6-17)19-9-4-15(13-22)12-16(19)14-24-20/h4-9,12H,3,10-11,14H2,1-2H3/t20-/m0/s1",WSEQXVZVJXJVFP-FQEVSTJZSA-N,324.4,324.4,3.81,36.26,0.0,3.0,0.0,2,CHEMBL1200322;CHEMBL1508,ESCITALOPRAM;ESCITALOPRAM OXALATE,1,0.9831465244293212,True,True,True,1,False,C;F;N;O,,,False,False,24,5,False,0,0,324.39900000000006,36.26,3.812980000000003,0,3,3,False,,True,ligands_pdbqt/CHEMBL1508.pdbqt,-4.367,completed,vina_screening_full/poses/CHEMBL1508_out.pdbqt,vina_screening_full/logs/CHEMBL1508.log,854
CHEMBL2396661,ALPELISIB,Small molecule,4.0,2019.0,0,Cc1nc(NC(=O)N2CCC[C@H]2C(N)=O)sc1-c1ccnc(C(C)(C)C(F)(F)F)c1,"InChI=1S/C19H22F3N5O2S/c1-10-14(11-6-7-24-13(9-11)18(2,3)19(20,21)22)30-16(25-10)26-17(29)27-8-4-5-12(27)15(23)28/h6-7,9,12H,4-5,8H2,1-3H3,(H2,23,28)(H,25,26,29)/t12-/m0/s1",STUWGJZDJHPWGZ-LBPRGKRZSA-N,441.48,441.48,3.84,101.21,2.0,5.0,0.0,1,CHEMBL2396661,ALPELISIB,1,0.9228200912475586,True,True,True,1,False,C;F;N;O;S,,,False,False,30,4,False,0,0,441.4790000000001,101.21,3.835020000000002,2,5,3,False,,True,ligands_pdbqt/CHEMBL2396661.pdbqt,-4.362,completed,vina_screening_full/poses/CHEMBL2396661_out.pdbqt,vina_screening_full/logs/CHEMBL2396661.log,855
CHEMBL418995,AMINEPTINE,Small molecule,4.0,,1,O=C(O)CCCCCCNC1c2ccccc2CCc2ccccc21,"InChI=1S/C22H27NO2/c24-21(25)13-3-1-2-8-16-23-22-19-11-6-4-9-17(19)14-15-18-10-5-7-12-20(18)22/h4-7,9-12,22-23H,1-3,8,13-16H2,(H,24,25)",ONNOFKFOZAJDHT-UHFFFAOYSA-N,337.46,337.46,4.5,49.33,2.0,2.0,0.0,1,CHEMBL418995,AMINEPTINE,1,0.8469949960708618,True,True,True,1,False,C;N;O,,,False,False,25,8,False,0,0,337.46300000000014,49.33,4.499300000000004,2,2,3,False,,True,ligands_pdbqt/CHEMBL418995.pdbqt,-4.355,completed,vina_screening_full/poses/CHEMBL418995_out.pdbqt,vina_screening_full/logs/CHEMBL418995.log,856
CHEMBL1024,IFOSFAMIDE,Small molecule,4.0,1988.0,0,O=P1(NCCCl)OCCCN1CCCl,"InChI=1S/C7H15Cl2N2O2P/c8-2-4-10-14(12)11(6-3-9)5-1-7-13-14/h1-7H2,(H,10,12)",HOMGKSMUEGBAAB-UHFFFAOYSA-N,261.09,261.09,1.88,41.57,1.0,2.0,0.0,1,CHEMBL1024,IFOSFAMIDE,1,0.9795618057250975,True,True,True,1,False,C;Cl;N;O;P,,,False,False,14,5,False,0,0,261.08899999999994,41.57,1.884,1,2,1,False,,True,ligands_pdbqt/CHEMBL1024.pdbqt,-4.351,completed,vina_screening_full/poses/CHEMBL1024_out.pdbqt,vina_screening_full/logs/CHEMBL1024.log,857
CHEMBL452,CLONAZEPAM,Small molecule,4.0,1975.0,0,O=C1CN=C(c2ccccc2Cl)c2cc([N+](=O)[O-])ccc2N1,"InChI=1S/C15H10ClN3O3/c16-12-4-2-1-3-10(12)15-11-7-9(19(21)22)5-6-13(11)18-14(20)8-17-15/h1-7H,8H2,(H,18,20)",DGBIGWXXNGSACT-UHFFFAOYSA-N,315.72,315.72,3.04,84.6,1.0,4.0,0.0,1,CHEMBL452,CLONAZEPAM,1,0.9902032375335692,True,True,True,1,False,C;Cl;N;O,,,False,False,22,2,False,0,0,315.716,84.6,3.037700000000001,1,4,3,False,,True,ligands_pdbqt/CHEMBL452.pdbqt,-4.341,completed,vina_screening_full/poses/CHEMBL452_out.pdbqt,vina_screening_full/logs/CHEMBL452.log,858
CHEMBL462547,URETHANE,Small molecule,4.0,,1,CCOC(N)=O,"InChI=1S/C3H7NO2/c1-2-6-3(4)5/h2H2,1H3,(H2,4,5)",JOYRKODLDBILNP-UHFFFAOYSA-N,89.09,89.09,0.1,52.32,1.0,2.0,0.0,1,CHEMBL462547,URETHANE,1,0.9976473808288574,True,True,True,1,False,C;N;O,,,False,False,6,1,False,0,0,89.09400000000001,52.32,0.1016000000000002,1,2,0,False,,True,ligands_pdbqt/CHEMBL462547.pdbqt,-4.338,completed,vina_screening_full/poses/CHEMBL462547_out.pdbqt,vina_screening_full/logs/CHEMBL462547.log,859
CHEMBL1771,CLOPIDOGREL,Small molecule,4.0,1997.0,0,COC(=O)[C@H](c1ccccc1Cl)N1CCc2sccc2C1,"InChI=1S/C16H16ClNO2S/c1-20-16(19)15(12-4-2-3-5-13(12)17)18-8-6-14-11(10-18)7-9-21-14/h2-5,7,9,15H,6,8,10H2,1H3/t15-/m0/s1",GKTWGGQPFAXNFI-HNNXBMFYSA-N,321.83,321.83,3.67,29.54,0.0,4.0,0.0,5,CHEMBL1083385;CHEMBL1771;CHEMBL6068333;CHEMBL6068338;CHEMBL6068343,CLOPIDOGREL;CLOPIDOGREL BESILATE;CLOPIDOGREL BISULFATE;CLOPIDOGREL HYDROBROMIDE;CLOPIDOGREL HYDROCHLORIDE,1,0.9648078680038452,True,True,True,1,False,C;Cl;N;O;S,,,False,False,21,3,False,0,0,321.829,29.54,3.6739000000000015,0,4,3,False,,True,ligands_pdbqt/CHEMBL1771.pdbqt,-4.336,completed,vina_screening_full/poses/CHEMBL1771_out.pdbqt,vina_screening_full/logs/CHEMBL1771.log,860
CHEMBL85,RISPERIDONE,Small molecule,4.0,1993.0,0,Cc1nc2n(c(=O)c1CCN1CCC(c3noc4cc(F)ccc34)CC1)CCCC2,"InChI=1S/C23H27FN4O2/c1-15-18(23(29)28-10-3-2-4-21(28)25-15)9-13-27-11-7-16(8-12-27)22-19-6-5-17(24)14-20(19)30-26-22/h5-6,14,16H,2-4,7-13H2,1H3",RAPZEAPATHNIPO-UHFFFAOYSA-N,410.49,410.49,3.59,64.16,0.0,6.0,0.0,1,CHEMBL85,RISPERIDONE,1,0.9954217314720154,True,True,True,1,False,C;F;N;O,,,False,False,30,4,False,0,0,410.4930000000003,64.16,3.5904200000000026,0,5,5,False,,True,ligands_pdbqt/CHEMBL85.pdbqt,-4.332,completed,vina_screening_full/poses/CHEMBL85_out.pdbqt,vina_screening_full/logs/CHEMBL85.log,861
CHEMBL863,CYSTEINE,Small molecule,4.0,1986.0,0,N[C@@H](CS)C(=O)O,"InChI=1S/C3H7NO2S/c4-2(1-7)3(5)6/h2,7H,1,4H2,(H,5,6)/t2-/m0/s1",XUJNEKJLAYXESH-REOHCLBHSA-N,121.16,121.16,-0.67,63.32,3.0,3.0,0.0,2,CHEMBL1200630;CHEMBL863,CYSTEINE;CYSTEINE HYDROCHLORIDE,1,0.7389266610145568,True,False,True,1,False,C;N;O;S,,,False,False,7,2,False,0,0,121.16099999999996,63.32000000000001,-0.6719000000000002,3,3,0,False,,True,ligands_pdbqt/CHEMBL863.pdbqt,-4.323,completed,vina_screening_full/poses/CHEMBL863_out.pdbqt,vina_screening_full/logs/CHEMBL863.log,862
CHEMBL1621,PALIPERIDONE,Small molecule,4.0,2006.0,0,Cc1nc2n(c(=O)c1CCN1CCC(c3noc4cc(F)ccc34)CC1)CCCC2O,"InChI=1S/C23H27FN4O3/c1-14-17(23(30)28-9-2-3-19(29)22(28)25-14)8-12-27-10-6-15(7-11-27)21-18-5-4-16(24)13-20(18)31-26-21/h4-5,13,15,19,29H,2-3,6-12H2,1H3",PMXMIIMHBWHSKN-UHFFFAOYSA-N,426.49,426.49,3.08,84.39,1.0,7.0,0.0,1,CHEMBL1621,PALIPERIDONE,1,0.972877550125122,True,True,True,1,False,C;F;N;O,,,False,False,31,4,False,0,0,426.49200000000025,84.39,3.081320000000002,1,6,5,False,,True,ligands_pdbqt/CHEMBL1621.pdbqt,-4.316,completed,vina_screening_full/poses/CHEMBL1621_out.pdbqt,vina_screening_full/logs/CHEMBL1621.log,863
CHEMBL284092,GEPIRONE,Small molecule,4.0,2023.0,0,CC1(C)CC(=O)N(CCCCN2CCN(c3ncccn3)CC2)C(=O)C1,"InChI=1S/C19H29N5O2/c1-19(2)14-16(25)24(17(26)15-19)9-4-3-8-22-10-12-23(13-11-22)18-20-6-5-7-21-18/h5-7H,3-4,8-15H2,1-2H3",QOIGKGMMAGJZNZ-UHFFFAOYSA-N,359.47,359.47,1.55,69.64,0.0,6.0,0.0,2,CHEMBL1204187;CHEMBL284092,GEPIRONE;GEPIRONE HYDROCHLORIDE,1,0.9942002177238464,True,True,True,1,False,C;N;O,,,False,False,26,6,False,0,0,359.47400000000016,69.64000000000001,1.5539999999999996,0,6,3,False,,True,ligands_pdbqt/CHEMBL284092.pdbqt,-4.312,completed,vina_screening_full/poses/CHEMBL284092_out.pdbqt,vina_screening_full/logs/CHEMBL284092.log,864
CHEMBL1714574,TERCONAZOLE,Small molecule,4.0,1987.0,0,CC(C)N1CCN(c2ccc(OCC3COC(Cn4cncn4)(c4ccc(Cl)cc4Cl)O3)cc2)CC1,"InChI=1S/C26H31Cl2N5O3/c1-19(2)31-9-11-32(12-10-31)21-4-6-22(7-5-21)34-14-23-15-35-26(36-23,16-33-18-29-17-30-33)24-8-3-20(27)13-25(24)28/h3-8,13,17-19,23H,9-12,14-16H2,1-2H3",BLSQLHNBWJLIBQ-UHFFFAOYSA-N,532.47,532.47,4.46,64.88,0.0,8.0,1.0,1,CHEMBL1714574,TERCONAZOLE,1,0.6548724114894867,True,False,True,1,False,C;Cl;N;O,,,False,False,36,8,False,0,0,532.472,64.88000000000001,4.462700000000003,0,7,5,False,,True,ligands_pdbqt/CHEMBL1714574.pdbqt,-4.31,completed,vina_screening_full/poses/CHEMBL1714574_out.pdbqt,vina_screening_full/logs/CHEMBL1714574.log,865
CHEMBL708,ZIPRASIDONE,Small molecule,4.0,2001.0,0,O=C1Cc2cc(CCN3CCN(c4nsc5ccccc45)CC3)c(Cl)cc2N1,"InChI=1S/C21H21ClN4OS/c22-17-13-18-15(12-20(27)23-18)11-14(17)5-6-25-7-9-26(10-8-25)21-16-3-1-2-4-19(16)28-24-21/h1-4,11,13H,5-10,12H2,(H,23,27)",MVWVFYHBGMAFLY-UHFFFAOYSA-N,412.95,412.95,3.81,48.47,1.0,5.0,0.0,3,CHEMBL1375743;CHEMBL3989833;CHEMBL708,ZIPRASIDONE;ZIPRASIDONE HYDROCHLORIDE;ZIPRASIDONE MESYLATE,1,0.9745340824127198,True,True,True,1,False,C;Cl;N;O;S,,,False,False,28,4,False,0,0,412.9460000000002,48.470000000000006,3.809000000000002,1,5,5,False,,True,ligands_pdbqt/CHEMBL708.pdbqt,-4.293,completed,vina_screening_full/poses/CHEMBL708_out.pdbqt,vina_screening_full/logs/CHEMBL708.log,866
CHEMBL1430,PENICILLAMINE,Small molecule,4.0,1970.0,0,CC(C)(S)[C@@H](N)C(=O)O,"InChI=1S/C5H11NO2S/c1-5(2,9)3(6)4(7)8/h3,9H,6H2,1-2H3,(H,7,8)/t3-/m0/s1",VVNCNSJFMMFHPL-VKHMYHEASA-N,149.21,149.21,0.11,63.32,3.0,3.0,0.0,1,CHEMBL1430,PENICILLAMINE,1,0.8046954274177551,True,True,True,1,False,C;N;O;S,,,False,False,9,2,False,0,0,149.215,63.32000000000001,0.1066999999999998,3,3,0,False,,True,ligands_pdbqt/CHEMBL1430.pdbqt,-4.289,completed,vina_screening_full/poses/CHEMBL1430_out.pdbqt,vina_screening_full/logs/CHEMBL1430.log,867
CHEMBL871,ETIDRONIC ACID,Small molecule,4.0,1977.0,0,CC(O)(P(=O)(O)O)P(=O)(O)O,"InChI=1S/C2H8O7P2/c1-2(3,10(4,5)6)11(7,8)9/h3H,1H3,(H2,4,5,6)(H2,7,8,9)",DBVJJBKOTRCVKF-UHFFFAOYSA-N,206.03,206.03,-0.99,135.29,5.0,3.0,0.0,2,CHEMBL1201042;CHEMBL871,ETIDRONATE DISODIUM;ETIDRONIC ACID,1,0.613605535030365,True,False,True,1,False,C;O;P,,,False,False,11,2,False,0,0,206.027,135.29000000000002,-0.9922000000000002,5,3,0,False,,True,ligands_pdbqt/CHEMBL871.pdbqt,-4.285,completed,vina_screening_full/poses/CHEMBL871_out.pdbqt,vina_screening_full/logs/CHEMBL871.log,868
CHEMBL1539,SULFADOXINE,Small molecule,4.0,1981.0,0,COc1ncnc(NS(=O)(=O)c2ccc(N)cc2)c1OC,"InChI=1S/C12H14N4O4S/c1-19-10-11(14-7-15-12(10)20-2)16-21(17,18)9-5-3-8(13)4-6-9/h3-7H,13H2,1-2H3,(H,14,15,16)",PJSFRIWCGOHTNF-UHFFFAOYSA-N,310.34,310.34,0.88,116.43,2.0,7.0,0.0,1,CHEMBL1539,SULFADOXINE,1,0.6917518496513366,True,False,True,1,False,C;N;O;S,,,False,False,21,5,False,0,0,310.33500000000004,116.43,0.8768,2,7,2,False,,True,ligands_pdbqt/CHEMBL1539.pdbqt,-4.284,completed,vina_screening_full/poses/CHEMBL1539_out.pdbqt,vina_screening_full/logs/CHEMBL1539.log,869
CHEMBL2218896,NABILONE,Small molecule,4.0,1985.0,0,CCCCCCC(C)(C)c1cc(O)c2c(c1)OC(C)(C)C1CCC(=O)CC21,"InChI=1S/C24H36O3/c1-6-7-8-9-12-23(2,3)16-13-20(26)22-18-15-17(25)10-11-19(18)24(4,5)27-21(22)14-16/h13-14,18-19,26H,6-12,15H2,1-5H3",GECBBEABIDMGGL-UHFFFAOYSA-N,372.55,372.55,6.26,46.53,1.0,3.0,1.0,1,CHEMBL2218896,NABILONE,1,0.9230756878852844,True,True,True,1,False,C;O,,,False,False,27,6,False,0,0,372.5490000000002,46.53,6.264000000000007,1,3,3,False,,True,ligands_pdbqt/CHEMBL2218896.pdbqt,-4.27,completed,vina_screening_full/poses/CHEMBL2218896_out.pdbqt,vina_screening_full/logs/CHEMBL2218896.log,870
CHEMBL503565,VINBARBITAL,Small molecule,4.0,,1,CC/C=C(\C)C1(CC)C(=O)NC(=O)NC1=O,"InChI=1S/C11H16N2O3/c1-4-6-7(3)11(5-2)8(14)12-10(16)13-9(11)15/h6H,4-5H2,1-3H3,(H2,12,13,14,15,16)/b7-6+",RAFOHKSPUDGZPR-VOTSOKGWSA-N,224.26,224.26,1.11,75.27,2.0,3.0,0.0,1,CHEMBL503565,VINBARBITAL,1,0.9898895859718324,True,True,True,1,False,C;N;O,,,False,False,16,3,False,0,0,224.26,75.27000000000001,1.1050999999999995,2,3,1,False,,True,ligands_pdbqt/CHEMBL503565.pdbqt,-4.235,completed,vina_screening_full/poses/CHEMBL503565_out.pdbqt,vina_screening_full/logs/CHEMBL503565.log,871
CHEMBL878,METOLAZONE,Small molecule,4.0,1973.0,0,Cc1ccccc1N1C(=O)c2cc(S(N)(=O)=O)c(Cl)cc2NC1C,"InChI=1S/C16H16ClN3O3S/c1-9-5-3-4-6-14(9)20-10(2)19-13-8-12(17)15(24(18,22)23)7-11(13)16(20)21/h3-8,10,19H,1-2H3,(H2,18,22,23)",AQCHWTWZEMGIFD-UHFFFAOYSA-N,365.84,365.84,2.71,92.5,2.0,4.0,0.0,1,CHEMBL878,METOLAZONE,1,0.6382004737854003,True,False,True,1,False,C;Cl;N;O;S,,,False,False,24,2,False,0,0,365.8420000000001,92.5,2.714120000000001,2,4,3,False,,True,ligands_pdbqt/CHEMBL878.pdbqt,-4.235,completed,vina_screening_full/poses/CHEMBL878_out.pdbqt,vina_screening_full/logs/CHEMBL878.log,872
CHEMBL167731,PIXANTRONE,Small molecule,4.0,2012.0,0,NCCNc1ccc(NCCN)c2c1C(=O)c1ccncc1C2=O,"InChI=1S/C17H19N5O2/c18-4-7-21-12-1-2-13(22-8-5-19)15-14(12)16(23)10-3-6-20-9-11(10)17(15)24/h1-3,6,9,21-22H,4-5,7-8,18-19H2",PEZPMAYDXJQYRV-UHFFFAOYSA-N,325.37,325.37,0.6,123.13,4.0,7.0,0.0,2,CHEMBL167731;CHEMBL2103844,PIXANTRONE;PIXANTRONE DIMALEATE,1,0.5971134245395661,True,False,True,1,False,C;N;O,,,False,False,24,6,False,0,0,325.372,123.13,0.5982000000000002,4,7,3,False,,True,ligands_pdbqt/CHEMBL167731.pdbqt,-4.227,completed,vina_screening_full/poses/CHEMBL167731_out.pdbqt,vina_screening_full/logs/CHEMBL167731.log,873
CHEMBL243712,AMISULPRIDE,Small molecule,4.0,1986.0,0,CCN1CCCC1CNC(=O)c1cc(S(=O)(=O)CC)c(N)cc1OC,"InChI=1S/C17H27N3O4S/c1-4-20-8-6-7-12(20)11-19-17(21)13-9-16(25(22,23)5-2)14(18)10-15(13)24-3/h9-10,12H,4-8,11,18H2,1-3H3,(H,19,21)",NTJOBXMMWNYJFB-UHFFFAOYSA-N,369.49,369.49,1.29,101.73,2.0,6.0,0.0,1,CHEMBL243712,AMISULPRIDE,1,0.9546600818634032,True,True,True,1,False,C;N;O;S,,,False,False,25,7,False,0,0,369.4870000000002,101.73,1.2851000000000006,2,6,2,False,,True,ligands_pdbqt/CHEMBL243712.pdbqt,-4.22,completed,vina_screening_full/poses/CHEMBL243712_out.pdbqt,vina_screening_full/logs/CHEMBL243712.log,874
CHEMBL1201341,ECHOTHIOPHATE,Small molecule,4.0,1960.0,0,CCOP(=O)(OCC)SCC[N+](C)(C)C,"InChI=1S/C9H23NO3PS/c1-6-12-14(11,13-7-2)15-9-8-10(3,4)5/h6-9H2,1-5H3/q+1",BJOLKYGKSZKIGU-UHFFFAOYSA-N,256.33,256.33,2.61,35.53,0.0,4.0,0.0,2,CHEMBL1200367;CHEMBL1201341,ECHOTHIOPHATE;ECHOTHIOPHATE IODIDE,1,0.9364306807518006,True,True,True,1,False,C;N;O;P;S,,,False,False,15,8,False,1,1,256.328,35.53,2.6069000000000004,0,4,0,False,,True,ligands_pdbqt/CHEMBL1201341.pdbqt,-4.199,completed,vina_screening_full/poses/CHEMBL1201341_out.pdbqt,vina_screening_full/logs/CHEMBL1201341.log,875
CHEMBL1200714,CHLORMEZANONE,Small molecule,4.0,1960.0,1,CN1C(=O)CCS(=O)(=O)C1c1ccc(Cl)cc1,"InChI=1S/C11H12ClNO3S/c1-13-10(14)6-7-17(15,16)11(13)8-2-4-9(12)5-3-8/h2-5,11H,6-7H2,1H3",WEQAYVWKMWHEJO-UHFFFAOYSA-N,273.74,273.74,1.62,54.45,0.0,3.0,0.0,1,CHEMBL1200714,CHLORMEZANONE,1,0.9623959422111512,True,True,True,1,False,C;Cl;N;O;S,,,False,False,17,1,False,0,0,273.741,54.45,1.6155000000000002,0,3,2,False,,True,ligands_pdbqt/CHEMBL1200714.pdbqt,-4.192,completed,vina_screening_full/poses/CHEMBL1200714_out.pdbqt,vina_screening_full/logs/CHEMBL1200714.log,876
CHEMBL314437,MEPTAZINOL,Small molecule,4.0,,0,CCC1(c2cccc(O)c2)CCCCN(C)C1,"InChI=1S/C15H23NO/c1-3-15(9-4-5-10-16(2)12-15)13-7-6-8-14(17)11-13/h6-8,11,17H,3-5,9-10,12H2,1-2H3",JLICHNCFTLFZJN-UHFFFAOYSA-N,233.35,233.35,3.16,23.47,1.0,2.0,0.0,2,CHEMBL1477274;CHEMBL314437,MEPTAZINOL;MEPTAZINOL HYDROCHLORIDE,1,0.9484196424484252,True,True,True,1,False,C;N;O,,,False,False,17,2,False,0,0,233.3549999999999,23.47,3.1557000000000013,1,2,2,False,,True,ligands_pdbqt/CHEMBL314437.pdbqt,-4.183,completed,vina_screening_full/poses/CHEMBL314437_out.pdbqt,vina_screening_full/logs/CHEMBL314437.log,877
CHEMBL440,THIAMYLAL,Small molecule,4.0,1982.0,0,C=CCC1(C(C)CCC)C(=O)NC(=S)NC1=O,"InChI=1S/C12H18N2O2S/c1-4-6-8(3)12(7-5-2)9(15)13-11(17)14-10(12)16/h5,8H,2,4,6-7H2,1,3H3,(H2,13,14,15,16,17)",XLOMZPUITCYLMJ-UHFFFAOYSA-N,254.35,254.35,1.52,58.2,2.0,3.0,0.0,2,CHEMBL1201065;CHEMBL440,THIAMYLAL;THIAMYLAL SODIUM,1,0.900358259677887,True,True,True,1,False,C;N;O;S,,,False,False,17,5,False,0,0,254.355,58.2,1.5159999999999998,2,3,1,False,,True,ligands_pdbqt/CHEMBL440.pdbqt,-4.174,completed,vina_screening_full/poses/CHEMBL440_out.pdbqt,vina_screening_full/logs/CHEMBL440.log,878
CHEMBL1201322,THONZONIUM,Small molecule,4.0,1982.0,0,CCCCCCCCCCCCCCCC[N+](C)(C)CCN(Cc1ccc(OC)cc1)c1ncccn1,"InChI=1S/C32H55N4O/c1-5-6-7-8-9-10-11-12-13-14-15-16-17-18-27-36(2,3)28-26-35(32-33-24-19-25-34-32)29-30-20-22-31(37-4)23-21-30/h19-25H,5-18,26-29H2,1-4H3/q+1",IOYZYMQFUSNATM-UHFFFAOYSA-N,511.82,511.82,8.05,38.25,0.0,4.0,2.0,2,CHEMBL1200883;CHEMBL1201322,THONZONIUM;THONZONIUM BROMIDE,1,0.6683527231216431,True,False,True,1,False,C;N;O,,,False,False,37,22,False,1,1,511.8190000000002,38.25,8.049500000000009,0,4,2,False,,True,ligands_pdbqt/CHEMBL1201322.pdbqt,-4.148,completed,vina_screening_full/poses/CHEMBL1201322_out.pdbqt,vina_screening_full/logs/CHEMBL1201322.log,879
CHEMBL734,ACETOHYDROXAMIC ACID,Small molecule,4.0,1983.0,0,CC(=O)NO,"InChI=1S/C2H5NO2/c1-2(4)3-5/h5H,1H3,(H,3,4)",RRUDCFGSUDOHDG-UHFFFAOYSA-N,75.07,75.07,-0.49,49.33,2.0,2.0,0.0,1,CHEMBL734,ACETOHYDROXAMIC ACID,1,0.9726295351982116,True,True,True,1,False,C;N;O,,,False,False,5,0,False,0,0,75.067,49.33,-0.4882999999999999,2,2,0,False,,True,ligands_pdbqt/CHEMBL734.pdbqt,-4.145,completed,vina_screening_full/poses/CHEMBL734_out.pdbqt,vina_screening_full/logs/CHEMBL734.log,880
CHEMBL3989866,BICTEGRAVIR,Small molecule,4.0,2018.0,0,O=C(NCc1c(F)cc(F)cc1F)c1cn2c(c(O)c1=O)C(=O)N1[C@H]3CC[C@H](C3)O[C@@H]1C2,"InChI=1S/C21H18F3N3O5/c22-9-3-14(23)12(15(24)4-9)6-25-20(30)13-7-26-8-16-27(10-1-2-11(5-10)32-16)21(31)17(26)19(29)18(13)28/h3-4,7,10-11,16,29H,1-2,5-6,8H2,(H,25,30)/t10-,11+,16+/m0/s1",SOLUWJRYJLAZCX-LYOVBCGYSA-N,449.39,449.39,1.63,100.87,2.0,6.0,0.0,2,CHEMBL3989866;CHEMBL3989867,BICTEGRAVIR;BICTEGRAVIR SODIUM,1,0.8015488743782043,True,True,True,1,False,C;F;N;O,,,False,False,32,3,False,0,0,449.3850000000003,100.87,1.6344,2,5,5,False,,True,ligands_pdbqt/CHEMBL3989866.pdbqt,-4.141,completed,vina_screening_full/poses/CHEMBL3989866_out.pdbqt,vina_screening_full/logs/CHEMBL3989866.log,881
CHEMBL964,DISULFIRAM,Small molecule,4.0,1951.0,0,CCN(CC)C(=S)SSC(=S)N(CC)CC,"InChI=1S/C10H20N2S4/c1-5-11(6-2)9(13)15-16-10(14)12(7-3)8-4/h5-8H2,1-4H3",AUZONCFQVSMFAP-UHFFFAOYSA-N,296.55,296.55,3.62,6.48,0.0,4.0,0.0,1,CHEMBL964,DISULFIRAM,1,0.8740837693214416,True,True,True,1,False,C;N;S,,,False,False,16,4,False,0,0,296.5520000000001,6.48,3.621200000000002,0,4,0,False,,True,ligands_pdbqt/CHEMBL964.pdbqt,-4.119,completed,vina_screening_full/poses/CHEMBL964_out.pdbqt,vina_screening_full/logs/CHEMBL964.log,882
CHEMBL2028019,CARIPRAZINE,Small molecule,4.0,2015.0,0,CN(C)C(=O)N[C@H]1CC[C@H](CCN2CCN(c3cccc(Cl)c3Cl)CC2)CC1,"InChI=1S/C21H32Cl2N4O/c1-25(2)21(28)24-17-8-6-16(7-9-17)10-11-26-12-14-27(15-13-26)19-5-3-4-18(22)20(19)23/h3-5,16-17H,6-15H2,1-2H3,(H,24,28)/t16-,17-",KPWSJANDNDDRMB-QAQDUYKDSA-N,427.42,427.42,4.34,38.82,1.0,3.0,0.0,2,CHEMBL2024517;CHEMBL2028019,CARIPRAZINE;CARIPRAZINE HYDROCHLORIDE,1,0.9737993478775024,True,True,True,1,False,C;Cl;N;O,,,False,False,28,5,False,0,0,427.4200000000002,38.82000000000001,4.335500000000003,1,3,3,False,,True,ligands_pdbqt/CHEMBL2028019.pdbqt,-4.091,completed,vina_screening_full/poses/CHEMBL2028019_out.pdbqt,vina_screening_full/logs/CHEMBL2028019.log,883
CHEMBL455917,CHLORAL HYDRATE,Small molecule,4.0,,0,OC(O)C(Cl)(Cl)Cl,"InChI=1S/C2H3Cl3O2/c3-2(4,5)1(6)7/h1,6-7H",RNFNDJAIBTYOQL-UHFFFAOYSA-N,165.4,165.4,0.67,40.46,2.0,2.0,0.0,1,CHEMBL455917,CHLORAL HYDRATE,1,0.9899202227592468,True,True,True,1,False,C;Cl;O,,,False,False,7,0,False,0,0,165.403,40.46,0.6672999999999998,2,2,0,False,,True,ligands_pdbqt/CHEMBL455917.pdbqt,-4.085,completed,vina_screening_full/poses/CHEMBL455917_out.pdbqt,vina_screening_full/logs/CHEMBL455917.log,884
CHEMBL441,THIOPENTAL,Small molecule,4.0,1982.0,0,CCCC(C)C1(CC)C(=O)NC(=S)NC1=O,"InChI=1S/C11H18N2O2S/c1-4-6-7(3)11(5-2)8(14)12-10(16)13-9(11)15/h7H,4-6H2,1-3H3,(H2,12,13,14,15,16)",IUJDSEJGGMCXSG-UHFFFAOYSA-N,242.34,242.34,1.35,58.2,2.0,3.0,0.0,2,CHEMBL441;CHEMBL738,THIOPENTAL;THIOPENTAL SODIUM,1,0.8826634407043457,True,True,True,1,False,C;N;O;S,,,False,False,16,4,False,0,0,242.344,58.2,1.3499,2,3,1,False,,True,ligands_pdbqt/CHEMBL441.pdbqt,-4.083,completed,vina_screening_full/poses/CHEMBL441_out.pdbqt,vina_screening_full/logs/CHEMBL441.log,885
CHEMBL1442422,DIBENZEPIN,Small molecule,4.0,,1,CN(C)CCN1C(=O)c2ccccc2N(C)c2ccccc21,"InChI=1S/C18H21N3O/c1-19(2)12-13-21-17-11-7-6-10-16(17)20(3)15-9-5-4-8-14(15)18(21)22/h4-11H,12-13H2,1-3H3",QPGGEKPRGVJKQB-UHFFFAOYSA-N,295.39,295.39,2.98,26.79,0.0,3.0,0.0,2,CHEMBL1442422;CHEMBL2104287,DIBENZEPIN;DIBENZEPIN HYDROCHLORIDE,1,0.997599971294403,True,True,True,1,False,C;N;O,,,False,False,22,3,False,0,0,295.386,26.79,2.976300000000001,0,3,3,False,,True,ligands_pdbqt/CHEMBL1442422.pdbqt,-4.083,completed,vina_screening_full/poses/CHEMBL1442422_out.pdbqt,vina_screening_full/logs/CHEMBL1442422.log,886
CHEMBL2103877,EFINACONAZOLE,Small molecule,4.0,2014.0,0,C=C1CCN([C@H](C)[C@](O)(Cn2cncn2)c2ccc(F)cc2F)CC1,"InChI=1S/C18H22F2N4O/c1-13-5-7-23(8-6-13)14(2)18(25,10-24-12-21-11-22-24)16-4-3-15(19)9-17(16)20/h3-4,9,11-12,14,25H,1,5-8,10H2,2H3/t14-,18-/m1/s1",NFEZZTICAUWDHU-RDTXWAMCSA-N,348.4,348.4,2.48,54.18,1.0,5.0,0.0,1,CHEMBL2103877,EFINACONAZOLE,1,0.945674216747284,True,True,True,1,False,C;F;N;O,,,False,False,25,5,False,0,0,348.3970000000001,54.18,2.4846000000000004,1,4,3,False,,True,ligands_pdbqt/CHEMBL2103877.pdbqt,-4.074,completed,vina_screening_full/poses/CHEMBL2103877_out.pdbqt,vina_screening_full/logs/CHEMBL2103877.log,887
CHEMBL1201772,PRASUGREL,Small molecule,4.0,2009.0,0,CC(=O)Oc1cc2c(s1)CCN(C(C(=O)C1CC1)c1ccccc1F)C2,"InChI=1S/C20H20FNO3S/c1-12(23)25-18-10-14-11-22(9-8-17(14)26-18)19(20(24)13-6-7-13)15-4-2-3-5-16(15)21/h2-5,10,13,19H,6-9,11H2,1H3",DTGLZDAWLRGWQN-UHFFFAOYSA-N,373.45,373.45,3.89,46.61,0.0,5.0,0.0,3,CHEMBL1201772;CHEMBL1201773;CHEMBL6068340,PRASUGREL;PRASUGREL BESYLATE;PRASUGREL HYDROCHLORIDE,1,0.994739842414856,True,True,True,1,False,C;F;N;O;S,,,False,False,26,5,False,0,0,373.44900000000007,46.61,3.891000000000004,0,5,4,False,,True,ligands_pdbqt/CHEMBL1201772.pdbqt,-4.069,completed,vina_screening_full/poses/CHEMBL1201772_out.pdbqt,vina_screening_full/logs/CHEMBL1201772.log,888
CHEMBL427,MECHLORETHAMINE,Small molecule,4.0,1949.0,0,CN(CCCl)CCCl,"InChI=1S/C5H11Cl2N/c1-8(4-2-6)5-3-7/h2-5H2,1H3",HAWPXGHAZFHHAD-UHFFFAOYSA-N,156.06,156.06,1.4,3.24,0.0,1.0,0.0,2,CHEMBL1201001;CHEMBL427,MECHLORETHAMINE;MECHLORETHAMINE HYDROCHLORIDE,1,0.9540373802185058,True,True,True,1,False,C;Cl;N,,,False,False,8,4,False,0,0,156.056,3.24,1.3958,0,1,0,False,,True,ligands_pdbqt/CHEMBL427.pdbqt,-4.067,completed,vina_screening_full/poses/CHEMBL427_out.pdbqt,vina_screening_full/logs/CHEMBL427.log,889
CHEMBL43064,CINNARIZINE,Small molecule,4.0,,0,C(=C/c1ccccc1)\CN1CCN(C(c2ccccc2)c2ccccc2)CC1,"InChI=1S/C26H28N2/c1-4-11-23(12-5-1)13-10-18-27-19-21-28(22-20-27)26(24-14-6-2-7-15-24)25-16-8-3-9-17-25/h1-17,26H,18-22H2/b13-10+",DERZBLKQOCDDDZ-JLHYYAGUSA-N,368.52,368.52,5.11,6.48,0.0,2.0,1.0,1,CHEMBL43064,CINNARIZINE,1,0.9732781410217284,True,True,True,1,False,C;N,,,False,False,28,6,False,0,0,368.5240000000001,6.48,5.1070000000000055,0,2,4,False,,True,ligands_pdbqt/CHEMBL43064.pdbqt,-4.066,completed,vina_screening_full/poses/CHEMBL43064_out.pdbqt,vina_screening_full/logs/CHEMBL43064.log,890
CHEMBL713,ENTECAVIR ANHYDROUS,Small molecule,4.0,2005.0,0,C=C1[C@H](CO)[C@@H](O)C[C@@H]1n1cnc2c(=O)[nH]c(N)nc21,"InChI=1S/C12H15N5O3/c1-5-6(3-18)8(19)2-7(5)17-4-14-9-10(17)15-12(13)16-11(9)20/h4,6-8,18-19H,1-3H2,(H3,13,15,16,20)/t6-,7-,8-/m0/s1",QDGZDCVAUDNJFG-FXQIFTODSA-N,277.28,277.28,-0.83,130.05,4.0,7.0,0.0,2,CHEMBL5314362;CHEMBL713,ENTECAVIR;ENTECAVIR ANHYDROUS,1,0.5512971758842469,True,False,True,1,False,C;N;O,,,False,False,20,2,False,0,0,277.284,130.04999999999998,-0.8278000000000001,4,6,3,False,,True,ligands_pdbqt/CHEMBL713.pdbqt,-4.057,completed,vina_screening_full/poses/CHEMBL713_out.pdbqt,vina_screening_full/logs/CHEMBL713.log,891
CHEMBL492,ETIDOCAINE,Small molecule,4.0,1976.0,0,CCCN(CC)C(CC)C(=O)Nc1c(C)cccc1C,"InChI=1S/C17H28N2O/c1-6-12-19(8-3)15(7-2)17(20)18-16-13(4)10-9-11-14(16)5/h9-11,15H,6-8,12H2,1-5H3,(H,18,20)",VTUSIVBDOCDNHS-UHFFFAOYSA-N,276.42,276.42,3.75,32.34,1.0,2.0,0.0,2,CHEMBL1200597;CHEMBL492,ETIDOCAINE;ETIDOCAINE HYDROCHLORIDE,1,0.9941649913787842,True,True,True,1,False,C;N;O,,,False,False,20,7,False,0,0,276.42400000000004,32.34,3.7524400000000018,1,2,1,False,,True,ligands_pdbqt/CHEMBL492.pdbqt,-4.052,completed,vina_screening_full/poses/CHEMBL492_out.pdbqt,vina_screening_full/logs/CHEMBL492.log,892
CHEMBL1584,PIPERACETAZINE,Small molecule,4.0,1969.0,0,CC(=O)c1ccc2c(c1)N(CCCN1CCC(CCO)CC1)c1ccccc1S2,"InChI=1S/C24H30N2O2S/c1-18(28)20-7-8-24-22(17-20)26(21-5-2-3-6-23(21)29-24)13-4-12-25-14-9-19(10-15-25)11-16-27/h2-3,5-8,17,19,27H,4,9-16H2,1H3",BTFMCMVEUCGQDX-UHFFFAOYSA-N,410.58,410.58,4.98,43.78,1.0,5.0,0.0,1,CHEMBL1584,PIPERACETAZINE,1,0.9937425255775452,True,True,True,1,False,C;N;O;S,,,False,False,29,7,False,0,0,410.5830000000001,43.78,4.976400000000005,1,5,4,False,,True,ligands_pdbqt/CHEMBL1584.pdbqt,-4.048,completed,vina_screening_full/poses/CHEMBL1584_out.pdbqt,vina_screening_full/logs/CHEMBL1584.log,893
CHEMBL1456,MYCOPHENOLATE MOFETIL,Small molecule,4.0,1995.0,0,COc1c(C)c2c(c(O)c1C/C=C(\C)CCC(=O)OCCN1CCOCC1)C(=O)OC2,"InChI=1S/C23H31NO7/c1-15(5-7-19(25)30-13-10-24-8-11-29-12-9-24)4-6-17-21(26)20-18(14-31-23(20)27)16(2)22(17)28-3/h4,26H,5-14H2,1-3H3/b15-4+",RTGDFNSFWBGLEC-SYZQJQIISA-N,433.5,433.5,2.52,94.53,1.0,8.0,0.0,2,CHEMBL1200955;CHEMBL1456,MYCOPHENOLATE MOFETIL;MYCOPHENOLATE MOFETIL HYDROCHLORIDE,1,0.6013568341732025,True,False,True,1,False,C;N;O,,,False,False,31,9,False,0,0,433.5010000000003,94.53000000000002,2.52402,1,8,3,False,,True,ligands_pdbqt/CHEMBL1456.pdbqt,-4.014,completed,vina_screening_full/poses/CHEMBL1456_out.pdbqt,vina_screening_full/logs/CHEMBL1456.log,894
CHEMBL436,TOLRESTAT,Small molecule,4.0,1989.0,1,COc1ccc2c(C(=S)N(C)CC(=O)O)cccc2c1C(F)(F)F,"InChI=1S/C16H14F3NO3S/c1-20(8-13(21)22)15(24)11-5-3-4-10-9(11)6-7-12(23-2)14(10)16(17,18)19/h3-7H,8H2,1-2H3,(H,21,22)",LUBHDINQXIHVLS-UHFFFAOYSA-N,357.35,357.35,3.56,49.77,1.0,3.0,0.0,1,CHEMBL436,TOLRESTAT,1,0.8378185987472534,True,True,True,1,False,C;F;N;O;S,,,False,False,24,4,False,0,0,357.353,49.77,3.5591000000000026,1,3,2,False,,True,ligands_pdbqt/CHEMBL436.pdbqt,-4.007,completed,vina_screening_full/poses/CHEMBL436_out.pdbqt,vina_screening_full/logs/CHEMBL436.log,895
CHEMBL4204794,AVAPRITINIB,Small molecule,4.0,2020.0,0,Cn1cc(-c2cc3c(N4CCN(c5ncc([C@@](C)(N)c6ccc(F)cc6)cn5)CC4)ncnn3c2)cn1,"InChI=1S/C26H27FN10/c1-26(28,20-3-5-22(27)6-4-20)21-13-29-25(30-14-21)36-9-7-35(8-10-36)24-23-11-18(16-37(23)33-17-31-24)19-12-32-34(2)15-19/h3-6,11-17H,7-10,28H2,1-2H3/t26-/m0/s1",DWYRIWUZIJHQKQ-SANMLTNESA-N,498.57,498.57,2.61,106.29,1.0,10.0,0.0,1,CHEMBL4204794,AVAPRITINIB,1,0.6088699996471405,True,False,True,1,False,C;F;N,,,False,False,37,5,False,0,0,498.57000000000016,106.29,2.6077000000000004,1,8,6,False,,True,ligands_pdbqt/CHEMBL4204794.pdbqt,-4.004,completed,vina_screening_full/poses/CHEMBL4204794_out.pdbqt,vina_screening_full/logs/CHEMBL4204794.log,896
CHEMBL3545376,ERDAFITINIB,Small molecule,4.0,2019.0,0,COc1cc(OC)cc(N(CCNC(C)C)c2ccc3ncc(-c4cnn(C)c4)nc3c2)c1,"InChI=1S/C25H30N6O2/c1-17(2)26-8-9-31(20-10-21(32-4)13-22(11-20)33-5)19-6-7-23-24(12-19)29-25(15-27-23)18-14-28-30(3)16-18/h6-7,10-17,26H,8-9H2,1-5H3",OLAHOMJCDNXHFI-UHFFFAOYSA-N,446.56,446.56,4.18,77.33,1.0,8.0,0.0,1,CHEMBL3545376,ERDAFITINIB,1,0.6821174263954163,True,False,True,1,False,C;N;O,,,False,False,33,9,False,0,0,446.5550000000001,77.33,4.183600000000003,1,7,4,False,,True,ligands_pdbqt/CHEMBL3545376.pdbqt,-4.0,completed,vina_screening_full/poses/CHEMBL3545376_out.pdbqt,vina_screening_full/logs/CHEMBL3545376.log,897
CHEMBL1374379,BENZONATATE,Small molecule,4.0,1958.0,0,CCCCNc1ccc(C(=O)OCCOCCOCCOCCOCCOCCOCCOCCOCCOC)cc1,"InChI=1S/C30H53NO11/c1-3-4-9-31-29-7-5-28(6-8-29)30(32)42-27-26-41-25-24-40-23-22-39-21-20-38-19-18-37-17-16-36-15-14-35-13-12-34-11-10-33-2/h5-8,31H,3-4,9-27H2,1-2H3",MAFMQEKGGFWBAB-UHFFFAOYSA-N,603.75,603.75,2.83,121.4,1.0,12.0,2.0,1,CHEMBL1374379,BENZONATATE,1,0.7107600927352905,True,False,True,1,False,C;N;O,,,False,False,42,32,False,0,0,603.7500000000003,121.40000000000003,2.834600000000004,1,12,1,False,,True,ligands_pdbqt/CHEMBL1374379.pdbqt,-3.99,completed,vina_screening_full/poses/CHEMBL1374379_out.pdbqt,vina_screening_full/logs/CHEMBL1374379.log,898
CHEMBL2364608,DORAVIRINE,Small molecule,4.0,2018.0,0,Cn1c(Cn2ccc(C(F)(F)F)c(Oc3cc(Cl)cc(C#N)c3)c2=O)n[nH]c1=O,"InChI=1S/C17H11ClF3N5O3/c1-25-13(23-24-16(25)28)8-26-3-2-12(17(19,20)21)14(15(26)27)29-11-5-9(7-22)4-10(18)6-11/h2-6H,8H2,1H3,(H,24,28)",ZIAOVIPSKUPPQW-UHFFFAOYSA-N,425.75,425.75,2.65,105.7,1.0,7.0,0.0,1,CHEMBL2364608,DORAVIRINE,1,0.7149628400802612,True,False,True,1,False,C;Cl;F;N;O,,,False,False,29,4,False,0,0,425.7540000000001,105.7,2.654580000000001,1,5,3,False,,True,ligands_pdbqt/CHEMBL2364608.pdbqt,-3.981,completed,vina_screening_full/poses/CHEMBL2364608_out.pdbqt,vina_screening_full/logs/CHEMBL2364608.log,899
CHEMBL1199080,BRETYLIUM,Small molecule,4.0,1982.0,0,CC[N+](C)(C)Cc1ccccc1Br,"InChI=1S/C11H17BrN/c1-4-13(2,3)9-10-7-5-6-8-11(10)12/h5-8H,4,9H2,1-3H3/q+1",AAQOQKQBGPPFNS-UHFFFAOYSA-N,243.17,243.17,3.05,0.0,0.0,0.0,0.0,2,CHEMBL1095292;CHEMBL1199080,BRETYLIUM;BRETYLIUM TOSYLATE,1,0.829648244380951,True,True,True,1,False,Br;C;N,,,False,False,13,3,False,1,1,243.168,0.0,3.0454000000000017,0,0,1,False,,True,ligands_pdbqt/CHEMBL1199080.pdbqt,-3.981,completed,vina_screening_full/poses/CHEMBL1199080_out.pdbqt,vina_screening_full/logs/CHEMBL1199080.log,900
CHEMBL2403238,CABOTEGRAVIR,Small molecule,4.0,2021.0,0,C[C@H]1CO[C@@H]2Cn3cc(C(=O)NCc4ccc(F)cc4F)c(=O)c(O)c3C(=O)N12,"InChI=1S/C19H17F2N3O5/c1-9-8-29-14-7-23-6-12(16(25)17(26)15(23)19(28)24(9)14)18(27)22-5-10-2-3-11(20)4-13(10)21/h2-4,6,9,14,26H,5,7-8H2,1H3,(H,22,27)/t9-,14+/m0/s1",WCWSTNLSLKSJPK-LKFCYVNXSA-N,405.36,405.36,0.96,100.87,2.0,6.0,0.0,2,CHEMBL2403238;CHEMBL3137330,CABOTEGRAVIR;CABOTEGRAVIR SODIUM,1,0.7140647530555725,True,False,True,1,False,C;F;N;O,,,False,False,29,3,False,0,0,405.35700000000014,100.87,0.9626999999999996,2,5,4,False,,True,ligands_pdbqt/CHEMBL2403238.pdbqt,-3.964,completed,vina_screening_full/poses/CHEMBL2403238_out.pdbqt,vina_screening_full/logs/CHEMBL2403238.log,901
CHEMBL1201073,SUCCIMER,Small molecule,4.0,1991.0,0,O=C(O)[C@@H](S)[C@@H](S)C(=O)O,"InChI=1S/C4H6O4S2/c5-3(6)1(9)2(10)4(7)8/h1-2,9-10H,(H,5,6)(H,7,8)/t1-,2+",ACTRVOBWPAIOHC-XIXRPRMCSA-N,182.22,182.22,-0.25,74.6,4.0,4.0,0.0,1,CHEMBL1201073,SUCCIMER,1,0.7462511658668518,True,False,True,1,False,C;O;S,,,False,False,10,3,False,0,0,182.222,74.6,-0.2476000000000001,4,4,0,False,,True,ligands_pdbqt/CHEMBL1201073.pdbqt,-3.957,completed,vina_screening_full/poses/CHEMBL1201073_out.pdbqt,vina_screening_full/logs/CHEMBL1201073.log,902
CHEMBL594,EMEDASTINE,Small molecule,4.0,1997.0,0,CCOCCn1c(N2CCCN(C)CC2)nc2ccccc21,"InChI=1S/C17H26N4O/c1-3-22-14-13-21-16-8-5-4-7-15(16)18-17(21)20-10-6-9-19(2)11-12-20/h4-5,7-8H,3,6,9-14H2,1-2H3",KBUZBQVCBVDWKX-UHFFFAOYSA-N,302.42,302.42,2.21,33.53,0.0,5.0,0.0,2,CHEMBL2103739;CHEMBL594,EMEDASTINE;EMEDASTINE DIFUMARATE,1,0.998012399673462,True,True,True,1,False,C;N;O,,,False,False,22,5,False,0,0,302.422,33.53,2.2147,0,4,3,False,,True,ligands_pdbqt/CHEMBL594.pdbqt,-3.952,completed,vina_screening_full/poses/CHEMBL594_out.pdbqt,vina_screening_full/logs/CHEMBL594.log,903
CHEMBL277062,BROMAZEPAM,Small molecule,4.0,,0,O=C1CN=C(c2ccccn2)c2cc(Br)ccc2N1,"InChI=1S/C14H10BrN3O/c15-9-4-5-11-10(7-9)14(17-8-13(19)18-11)12-3-1-2-6-16-12/h1-7H,8H2,(H,18,19)",VMIYHDSEFNYJSL-UHFFFAOYSA-N,316.16,316.16,2.63,54.35,1.0,3.0,0.0,1,CHEMBL277062,BROMAZEPAM,1,0.994743824005127,True,True,True,1,False,Br;C;N;O,,,False,False,19,1,False,0,0,316.158,54.35,2.6336000000000004,1,3,3,False,,True,ligands_pdbqt/CHEMBL277062.pdbqt,-3.949,completed,vina_screening_full/poses/CHEMBL277062_out.pdbqt,vina_screening_full/logs/CHEMBL277062.log,904
CHEMBL3716057,GEFAPIXANT,Small molecule,4.0,2023.0,0,COc1cc(C(C)C)c(Oc2cnc(N)nc2N)cc1S(N)(=O)=O,"InChI=1S/C14H19N5O4S/c1-7(2)8-4-10(22-3)12(24(17,20)21)5-9(8)23-11-6-18-14(16)19-13(11)15/h4-7H,1-3H3,(H2,17,20,21)(H4,15,16,18,19)",HLWURFKMDLAKOD-UHFFFAOYSA-N,353.4,353.4,1.21,156.44,3.0,8.0,0.0,2,CHEMBL3716057;CHEMBL4594278,GEFAPIXANT;GEFAPIXANT CITRATE,1,0.7563379168510437,True,False,True,1,False,C;N;O;S,,,False,False,24,5,False,0,0,353.40400000000005,156.44,1.2127,3,8,2,False,,True,ligands_pdbqt/CHEMBL3716057.pdbqt,-3.945,completed,vina_screening_full/poses/CHEMBL3716057_out.pdbqt,vina_screening_full/logs/CHEMBL3716057.log,905
CHEMBL803,CYTARABINE,Small molecule,4.0,1969.0,0,Nc1ccn([C@@H]2O[C@H](CO)[C@@H](O)[C@@H]2O)c(=O)n1,"InChI=1S/C9H13N3O5/c10-5-1-2-12(9(16)11-5)8-7(15)6(14)4(3-13)17-8/h1-2,4,6-8,13-15H,3H2,(H2,10,11,16)/t4-,6-,7+,8-/m1/s1",UHDGCWIWMRVCDJ-CCXZUQQUSA-N,243.22,243.22,-2.56,130.83,4.0,8.0,0.0,1,CHEMBL803,CYTARABINE,1,0.7766975641250611,True,False,True,1,False,C;N;O,,,False,False,17,2,False,0,0,243.219,130.82999999999998,-2.563,4,7,2,False,,True,ligands_pdbqt/CHEMBL803.pdbqt,-3.94,completed,vina_screening_full/poses/CHEMBL803_out.pdbqt,vina_screening_full/logs/CHEMBL803.log,906
CHEMBL1173655,AFATINIB,Small molecule,4.0,2013.0,0,CN(C)C/C=C/C(=O)Nc1cc2c(Nc3ccc(F)c(Cl)c3)ncnc2cc1O[C@H]1CCOC1,"InChI=1S/C24H25ClFN5O3/c1-31(2)8-3-4-23(32)30-21-11-17-20(12-22(21)34-16-7-9-33-13-16)27-14-28-24(17)29-15-5-6-19(26)18(25)10-15/h3-6,10-12,14,16H,7-9,13H2,1-2H3,(H,30,32)(H,27,28,29)/b4-3+/t16-/m0/s1",ULXXDDBFHOBEHA-CWDCEQMOSA-N,485.95,485.95,4.39,88.61,2.0,7.0,0.0,2,CHEMBL1173655;CHEMBL2105712,AFATINIB;AFATINIB DIMALEATE,1,0.6591566324234008,True,False,True,1,False,C;Cl;F;N;O,,,False,False,34,8,False,0,0,485.9470000000002,88.61000000000001,4.389900000000002,2,7,4,False,,True,ligands_pdbqt/CHEMBL1173655.pdbqt,-3.939,completed,vina_screening_full/poses/CHEMBL1173655_out.pdbqt,vina_screening_full/logs/CHEMBL1173655.log,907
CHEMBL1729,CISAPRIDE,Small molecule,4.0,1993.0,1,COc1cc(N)c(Cl)cc1C(=O)NC1CCN(CCCOc2ccc(F)cc2)CC1OC,"InChI=1S/C23H29ClFN3O4/c1-30-21-13-19(26)18(24)12-17(21)23(29)27-20-8-10-28(14-22(20)31-2)9-3-11-32-16-6-4-15(25)5-7-16/h4-7,12-13,20,22H,3,8-11,14,26H2,1-2H3,(H,27,29)",DCSUBABJRXZOMT-UHFFFAOYSA-N,465.95,465.95,3.36,86.05,2.0,6.0,0.0,2,CHEMBL1200788;CHEMBL1729,CISAPRIDE;CISAPRIDE MONOHYDRATE,1,0.909048569202423,True,True,True,1,False,C;Cl;F;N;O,,,False,False,32,9,False,0,0,465.9530000000003,86.05,3.358100000000002,2,6,3,False,,True,ligands_pdbqt/CHEMBL1729.pdbqt,-3.934,completed,vina_screening_full/poses/CHEMBL1729_out.pdbqt,vina_screening_full/logs/CHEMBL1729.log,908
CHEMBL83,TAMOXIFEN,Small molecule,4.0,1977.0,0,CC/C(=C(\c1ccccc1)c1ccc(OCCN(C)C)cc1)c1ccccc1,"InChI=1S/C26H29NO/c1-4-25(21-11-7-5-8-12-21)26(22-13-9-6-10-14-22)23-15-17-24(18-16-23)28-20-19-27(2)3/h5-18H,4,19-20H2,1-3H3/b26-25-",NKANXQFJJICGDU-QPLCGJKRSA-N,371.52,371.52,6.0,12.47,0.0,2.0,1.0,2,CHEMBL786;CHEMBL83,TAMOXIFEN;TAMOXIFEN CITRATE,1,0.6735814809799194,True,False,True,1,False,C;N;O,,,False,False,28,8,False,0,0,371.524,12.47,5.9961000000000055,0,2,3,False,,True,ligands_pdbqt/CHEMBL83.pdbqt,-3.931,completed,vina_screening_full/poses/CHEMBL83_out.pdbqt,vina_screening_full/logs/CHEMBL83.log,909
CHEMBL1482,BETHANECHOL,Small molecule,4.0,1948.0,0,CC(C[N+](C)(C)C)OC(N)=O,"InChI=1S/C7H16N2O2/c1-6(11-7(8)10)5-9(2,3)4/h6H,5H2,1-4H3,(H-,8,10)/p+1",NZUPCNDJBJXXRF-UHFFFAOYSA-O,161.22,161.22,0.18,52.32,1.0,2.0,0.0,2,CHEMBL1482;CHEMBL1768,BETHANECHOL;BETHANECHOL CHLORIDE,1,0.5026568323373795,True,False,True,1,False,C;N;O,,,False,False,11,3,False,1,1,161.22499999999997,52.32,0.1764,1,2,0,False,,True,ligands_pdbqt/CHEMBL1482.pdbqt,-3.911,completed,vina_screening_full/poses/CHEMBL1482_out.pdbqt,vina_screening_full/logs/CHEMBL1482.log,910
CHEMBL1200627,PROPIOLACTONE,Small molecule,4.0,1982.0,0,O=C1CCO1,InChI=1S/C3H4O2/c4-3-1-2-5-3/h1-2H2,VEZXCJBBBCKRPI-UHFFFAOYSA-N,72.06,72.06,-0.07,26.3,0.0,2.0,0.0,1,CHEMBL1200627,PROPIOLACTONE,1,0.9926039099693298,True,True,True,1,False,C;O,,,False,False,5,0,False,0,0,72.063,26.3,-0.0666999999999999,0,2,1,False,,True,ligands_pdbqt/CHEMBL1200627.pdbqt,-3.908,completed,vina_screening_full/poses/CHEMBL1200627_out.pdbqt,vina_screening_full/logs/CHEMBL1200627.log,911
CHEMBL189171,ACEMETACIN,Small molecule,4.0,,0,COc1ccc2c(c1)c(CC(=O)OCC(=O)O)c(C)n2C(=O)c1ccc(Cl)cc1,"InChI=1S/C21H18ClNO6/c1-12-16(10-20(26)29-11-19(24)25)17-9-15(28-2)7-8-18(17)23(12)21(27)13-3-5-14(22)6-4-13/h3-9H,10-11H2,1-2H3,(H,24,25)",FSQKKOOTNAMONP-UHFFFAOYSA-N,415.83,415.83,3.47,94.83,1.0,6.0,0.0,1,CHEMBL189171,ACEMETACIN,1,0.6750901699066162,True,False,True,1,False,C;Cl;N;O,,,False,False,29,6,False,0,0,415.82900000000006,94.82999999999998,3.4705200000000014,1,5,3,False,,True,ligands_pdbqt/CHEMBL189171.pdbqt,-3.907,completed,vina_screening_full/poses/CHEMBL189171_out.pdbqt,vina_screening_full/logs/CHEMBL189171.log,912
CHEMBL870,ALENDRONIC ACID,Small molecule,4.0,1995.0,0,NCCCC(O)(P(=O)(O)O)P(=O)(O)O,"InChI=1S/C4H13NO7P2/c5-3-1-2-4(6,13(7,8)9)14(10,11)12/h6H,1-3,5H2,(H2,7,8,9)(H2,10,11,12)",OGSPWJRAVKPPFI-UHFFFAOYSA-N,249.1,249.1,-1.27,161.31,6.0,4.0,1.0,2,CHEMBL675;CHEMBL870,ALENDRONATE SODIUM;ALENDRONIC ACID,1,0.5595886826515197,True,False,True,1,False,C;N;O;P,,,False,False,14,5,False,0,0,249.096,161.30999999999997,-1.2732,6,4,0,False,,True,ligands_pdbqt/CHEMBL870.pdbqt,-3.904,completed,vina_screening_full/poses/CHEMBL870_out.pdbqt,vina_screening_full/logs/CHEMBL870.log,913
CHEMBL2104537,AMOPROXAN,Small molecule,4.0,,1,COc1cc(C(=O)OC(COCCC(C)C)CN2CCOCC2)cc(OC)c1OC,"InChI=1S/C22H35NO7/c1-16(2)6-9-29-15-18(14-23-7-10-28-11-8-23)30-22(24)17-12-19(25-3)21(27-5)20(13-17)26-4/h12-13,16,18H,6-11,14-15H2,1-5H3",YOKPRDAUBGOISU-UHFFFAOYSA-N,425.52,425.52,2.63,75.69,0.0,8.0,0.0,1,CHEMBL2104537,AMOPROXAN,1,0.8701278448104859,True,True,True,1,False,C;N;O,,,False,False,30,12,False,0,0,425.5220000000003,75.69000000000001,2.6327000000000007,0,8,2,False,,True,ligands_pdbqt/CHEMBL2104537.pdbqt,-3.902,completed,vina_screening_full/poses/CHEMBL2104537_out.pdbqt,vina_screening_full/logs/CHEMBL2104537.log,914
CHEMBL319144,MINODRONIC ACID,Small molecule,4.0,,0,O=P(O)(O)C(O)(Cc1cnc2ccccn12)P(=O)(O)O,"InChI=1S/C9H12N2O7P2/c12-9(19(13,14)15,20(16,17)18)5-7-6-10-8-3-1-2-4-11(7)8/h1-4,6,12H,5H2,(H2,13,14,15)(H2,16,17,18)",VMMKGHQPQIEGSQ-UHFFFAOYSA-N,322.15,322.15,-0.12,152.59,5.0,5.0,0.0,1,CHEMBL319144,MINODRONIC ACID,1,0.6764130353927612,True,False,True,1,False,C;N;O;P,,,False,False,20,4,False,0,0,322.15000000000003,152.58999999999995,-0.1217,5,4,2,False,,True,ligands_pdbqt/CHEMBL319144.pdbqt,-3.9,completed,vina_screening_full/poses/CHEMBL319144_out.pdbqt,vina_screening_full/logs/CHEMBL319144.log,915
CHEMBL908,CHLORPROTHIXENE,Small molecule,4.0,1967.0,0,CN(C)CC/C=C1/c2ccccc2Sc2ccc(Cl)cc21,"InChI=1S/C18H18ClNS/c1-20(2)11-5-7-14-15-6-3-4-8-17(15)21-18-10-9-13(19)12-16(14)18/h3-4,6-10,12H,5,11H2,1-2H3/b14-7-",WSPOMRSOLSGNFJ-AUWJEWJLSA-N,315.87,315.87,5.19,3.24,0.0,2.0,1.0,1,CHEMBL908,CHLORPROTHIXENE,1,0.9966030597686768,True,True,True,1,False,C;Cl;N;S,,,False,False,21,3,False,0,0,315.869,3.24,5.188000000000004,0,2,3,False,,True,ligands_pdbqt/CHEMBL908.pdbqt,-3.877,completed,vina_screening_full/poses/CHEMBL908_out.pdbqt,vina_screening_full/logs/CHEMBL908.log,916
CHEMBL7863,APROBARBITAL,Small molecule,4.0,,1,C=CCC1(C(C)C)C(=O)NC(=O)NC1=O,"InChI=1S/C10H14N2O3/c1-4-5-10(6(2)3)7(13)11-9(15)12-8(10)14/h4,6H,1,5H2,2-3H3,(H2,11,12,13,14,15)",UORJNBVJVRLXMQ-UHFFFAOYSA-N,210.23,210.23,0.57,75.27,2.0,3.0,0.0,1,CHEMBL7863,APROBARBITAL,1,0.9890905618667604,True,True,True,1,False,C;N;O,,,False,False,15,3,False,0,0,210.233,75.27000000000001,0.5709000000000001,2,3,1,False,,True,ligands_pdbqt/CHEMBL7863.pdbqt,-3.868,completed,vina_screening_full/poses/CHEMBL7863_out.pdbqt,vina_screening_full/logs/CHEMBL7863.log,917
CHEMBL2110978,METHIODAL,Small molecule,4.0,,1,O=S(=O)(O)CI,"InChI=1S/CH3IO3S/c2-1-6(3,4)5/h1H2,(H,3,4,5)",RDFJFVXMRYVOAC-UHFFFAOYSA-N,222.0,222.0,0.27,54.37,1.0,2.0,0.0,2,CHEMBL2106907;CHEMBL2110978,METHIODAL;METHIODAL SODIUM,1,0.9405219435691834,True,True,True,1,False,C;I;O;S,,,False,False,6,1,False,0,0,222.003,54.370000000000005,0.2667000000000002,1,2,0,False,,True,ligands_pdbqt/CHEMBL2110978.pdbqt,-3.864,completed,vina_screening_full/poses/CHEMBL2110978_out.pdbqt,vina_screening_full/logs/CHEMBL2110978.log,918
CHEMBL113,CAFFEINE,Small molecule,4.0,1948.0,0,Cn1c(=O)c2c(ncn2C)n(C)c1=O,"InChI=1S/C8H10N4O2/c1-10-4-9-6-5(10)7(13)12(3)8(14)11(6)2/h4H,1-3H3",RYYVLZVUVIJVGH-UHFFFAOYSA-N,194.19,194.19,-1.03,61.82,0.0,6.0,0.0,2,CHEMBL113;CHEMBL1200569,CAFFEINE;CAFFEINE CITRATE,1,0.9697720527648924,True,True,True,1,False,C;N;O,,,False,False,14,0,False,0,0,194.194,61.82,-1.0293,0,3,2,False,,True,ligands_pdbqt/CHEMBL113.pdbqt,-3.854,completed,vina_screening_full/poses/CHEMBL113_out.pdbqt,vina_screening_full/logs/CHEMBL113.log,919
CHEMBL1493,FLAVOXATE,Small molecule,4.0,1970.0,0,Cc1c(-c2ccccc2)oc2c(C(=O)OCCN3CCCCC3)cccc2c1=O,"InChI=1S/C24H25NO4/c1-17-21(26)19-11-8-12-20(23(19)29-22(17)18-9-4-2-5-10-18)24(27)28-16-15-25-13-6-3-7-14-25/h2,4-5,8-12H,3,6-7,13-16H2,1H3",SPIUTQOUKAMGCX-UHFFFAOYSA-N,391.47,391.47,4.41,59.75,0.0,5.0,0.0,2,CHEMBL1200875;CHEMBL1493,FLAVOXATE;FLAVOXATE HYDROCHLORIDE,1,0.9835201621055604,True,True,True,1,False,C;N;O,,,False,False,29,5,False,0,0,391.46700000000016,59.75,4.411120000000004,0,5,4,False,,True,ligands_pdbqt/CHEMBL1493.pdbqt,-3.84,completed,vina_screening_full/poses/CHEMBL1493_out.pdbqt,vina_screening_full/logs/CHEMBL1493.log,920
CHEMBL1201317,TRICLOFOS,Small molecule,4.0,1982.0,0,O=P(O)(O)OCC(Cl)(Cl)Cl,"InChI=1S/C2H4Cl3O4P/c3-2(4,5)1-9-10(6,7)8/h1H2,(H2,6,7,8)",YYQRGCZGSFRBAM-UHFFFAOYSA-N,229.38,229.38,1.47,66.76,2.0,2.0,0.0,2,CHEMBL1200789;CHEMBL1201317,TRICLOFOS;TRICLOFOS SODIUM,1,0.9947808384895324,True,True,True,1,False,C;Cl;O;P,,,False,False,10,2,False,0,0,229.383,66.76,1.4658999999999998,2,2,0,False,,True,ligands_pdbqt/CHEMBL1201317.pdbqt,-3.836,completed,vina_screening_full/poses/CHEMBL1201317_out.pdbqt,vina_screening_full/logs/CHEMBL1201317.log,921
CHEMBL1404,RANOLAZINE,Small molecule,4.0,2006.0,0,COc1ccccc1OCC(O)CN1CCN(CC(=O)Nc2c(C)cccc2C)CC1,"InChI=1S/C24H33N3O4/c1-18-7-6-8-19(2)24(18)25-23(29)16-27-13-11-26(12-14-27)15-20(28)17-31-22-10-5-4-9-21(22)30-3/h4-10,20,28H,11-17H2,1-3H3,(H,25,29)",XKLMZUWKNUAPSZ-UHFFFAOYSA-N,427.55,427.55,2.31,74.27,2.0,6.0,0.0,1,CHEMBL1404,RANOLAZINE,1,0.7043967068195343,True,False,True,1,False,C;N;O,,,False,False,31,9,False,0,0,427.5450000000002,74.27,2.30804,2,6,3,False,,True,ligands_pdbqt/CHEMBL1404.pdbqt,-3.826,completed,vina_screening_full/poses/CHEMBL1404_out.pdbqt,vina_screening_full/logs/CHEMBL1404.log,922
CHEMBL1536,ERGOCALCIFEROL,Small molecule,4.0,1941.0,0,C=C1CC[C@H](O)C/C1=C/C=C1\CCC[C@]2(C)[C@@H]([C@H](C)/C=C/[C@H](C)C(C)C)CC[C@@H]12,"InChI=1S/C28H44O/c1-19(2)20(3)9-10-22(5)26-15-16-27-23(8-7-17-28(26,27)6)12-13-24-18-25(29)14-11-21(24)4/h9-10,12-13,19-20,22,25-27,29H,4,7-8,11,14-18H2,1-3,5-6H3/b10-9+,23-12+,24-13-/t20-,22+,25-,26+,27-,28+/m0/s1",MECHNRXZTMCUDQ-RKHKHRCZSA-N,396.66,396.66,7.64,20.23,1.0,1.0,1.0,1,CHEMBL1536,ERGOCALCIFEROL,1,0.7989371061325073,True,False,True,1,False,C;O,,,False,False,29,5,False,0,0,396.6590000000001,20.23,7.641000000000008,1,1,3,False,,True,ligands_pdbqt/CHEMBL1536.pdbqt,-3.809,completed,vina_screening_full/poses/CHEMBL1536_out.pdbqt,vina_screening_full/logs/CHEMBL1536.log,923
CHEMBL3544988,DAPRODUSTAT,Small molecule,4.0,2023.0,0,O=C(O)CNC(=O)C1C(=O)N(C2CCCCC2)C(=O)N(C2CCCCC2)C1=O,"InChI=1S/C19H27N3O6/c23-14(24)11-20-16(25)15-17(26)21(12-7-3-1-4-8-12)19(28)22(18(15)27)13-9-5-2-6-10-13/h12-13,15H,1-11H2,(H,20,25)(H,23,24)",RUEYEZADQJCKGV-UHFFFAOYSA-N,393.44,393.44,1.26,124.09,2.0,5.0,0.0,1,CHEMBL3544988,DAPRODUSTAT,1,0.9165651082992554,True,True,True,1,False,C;N;O,,,False,False,28,5,False,0,0,393.4400000000002,124.09,1.2595999999999992,2,5,3,False,,True,ligands_pdbqt/CHEMBL3544988.pdbqt,-3.802,completed,vina_screening_full/poses/CHEMBL3544988_out.pdbqt,vina_screening_full/logs/CHEMBL3544988.log,924
CHEMBL3187723,BINIMETINIB,Small molecule,4.0,2018.0,0,Cn1cnc2c(F)c(Nc3ccc(Br)cc3F)c(C(=O)NOCCO)cc21,"InChI=1S/C17H15BrF2N4O3/c1-24-8-21-16-13(24)7-10(17(26)23-27-5-4-25)15(14(16)20)22-12-3-2-9(18)6-11(12)19/h2-3,6-8,22,25H,4-5H2,1H3,(H,23,26)",ACWZRVQXLIRSDF-UHFFFAOYSA-N,441.23,441.23,3.01,88.41,3.0,6.0,0.0,1,CHEMBL3187723,BINIMETINIB,1,0.7271180033683777,True,False,True,1,False,Br;C;F;N;O,,,False,False,27,6,False,0,0,441.2320000000002,88.41000000000001,3.0113000000000003,3,5,3,False,,True,ligands_pdbqt/CHEMBL3187723.pdbqt,-3.801,completed,vina_screening_full/poses/CHEMBL3187723_out.pdbqt,vina_screening_full/logs/CHEMBL3187723.log,925
CHEMBL16080,TRICHLOROETHANE,Small molecule,4.0,,1,CC(Cl)(Cl)Cl,"InChI=1S/C2H3Cl3/c1-2(3,4)5/h1H3",UOCLXMDMGBRAIB-UHFFFAOYSA-N,133.41,133.41,2.38,0.0,0.0,0.0,0.0,1,CHEMBL16080,TRICHLOROETHANE,1,0.999641227722168,True,True,True,1,False,C;Cl,,,False,False,5,0,False,0,0,133.405,0.0,2.376500000000001,0,0,0,False,,True,ligands_pdbqt/CHEMBL16080.pdbqt,-3.795,completed,vina_screening_full/poses/CHEMBL16080_out.pdbqt,vina_screening_full/logs/CHEMBL16080.log,926
CHEMBL2355051,CLOMIPHENE,Small molecule,4.0,1967.0,0,CCN(CC)CCOc1ccc(C(=C(Cl)c2ccccc2)c2ccccc2)cc1,"InChI=1S/C26H28ClNO/c1-3-28(4-2)19-20-29-24-17-15-22(16-18-24)25(21-11-7-5-8-12-21)26(27)23-13-9-6-10-14-23/h5-18H,3-4,19-20H2,1-2H3",GKIRPKYJQBWNGO-UHFFFAOYSA-N,405.97,405.97,6.56,12.47,0.0,2.0,1.0,2,CHEMBL2355051;CHEMBL3185958,CLOMIPHENE;CLOMIPHENE CITRATE,1,0.5750547587871552,True,False,True,1,False,C;Cl;N;O,,,False,False,29,9,False,0,0,405.9690000000001,12.47,6.562600000000006,0,2,3,False,,True,ligands_pdbqt/CHEMBL2355051.pdbqt,-3.79,completed,vina_screening_full/poses/CHEMBL2355051_out.pdbqt,vina_screening_full/logs/CHEMBL2355051.log,927
CHEMBL568,OXAZEPAM,Small molecule,4.0,1965.0,0,O=C1Nc2ccc(Cl)cc2C(c2ccccc2)=NC1O,"InChI=1S/C15H11ClN2O2/c16-10-6-7-12-11(8-10)13(9-4-2-1-3-5-9)18-15(20)14(19)17-12/h1-8,15,20H,(H,17,19)",ADIMAYPTOBDMTL-UHFFFAOYSA-N,286.72,286.72,2.45,61.69,2.0,3.0,0.0,1,CHEMBL568,OXAZEPAM,1,0.9847269535064698,True,True,True,1,False,C;Cl;N;O,,,False,False,20,1,False,0,0,286.718,61.69,2.4479,2,3,3,False,,True,ligands_pdbqt/CHEMBL568.pdbqt,-3.788,completed,vina_screening_full/poses/CHEMBL568_out.pdbqt,vina_screening_full/logs/CHEMBL568.log,928
CHEMBL773,GLYCINE,Small molecule,4.0,1982.0,0,NCC(=O)O,"InChI=1S/C2H5NO2/c3-1-2(4)5/h1,3H2,(H,4,5)",DHMQDGOQFOQNFH-UHFFFAOYSA-N,75.07,75.07,-0.97,63.32,2.0,2.0,0.0,1,CHEMBL773,GLYCINE,1,0.8035423278808593,True,True,True,1,False,C;N;O,,,False,False,5,1,False,0,0,75.067,63.32000000000001,-0.9703,2,2,0,False,,True,ligands_pdbqt/CHEMBL773.pdbqt,-3.788,completed,vina_screening_full/poses/CHEMBL773_out.pdbqt,vina_screening_full/logs/CHEMBL773.log,929
CHEMBL1098319,2-MERCAPTOETHANESULFONIC ACID,Small molecule,4.0,1988.0,0,O=S(=O)(O)CCS,"InChI=1S/C2H6O3S2/c3-7(4,5)2-1-6/h6H,1-2H2,(H,3,4,5)",ZNEWHQLOPFWXOF-UHFFFAOYSA-N,142.2,142.2,-0.2,54.37,2.0,3.0,0.0,2,CHEMBL1098319;CHEMBL975,2-MERCAPTOETHANESULFONIC ACID;MESNA,1,0.7771565318107605,True,False,True,1,False,C;O;S,,,False,False,7,2,False,0,0,142.201,54.370000000000005,-0.1959999999999998,2,3,0,False,,True,ligands_pdbqt/CHEMBL1098319.pdbqt,-3.78,completed,vina_screening_full/poses/CHEMBL1098319_out.pdbqt,vina_screening_full/logs/CHEMBL1098319.log,930
CHEMBL1423,PIMOZIDE,Small molecule,4.0,1984.0,0,O=c1[nH]c2ccccc2n1C1CCN(CCCC(c2ccc(F)cc2)c2ccc(F)cc2)CC1,"InChI=1S/C28H29F2N3O/c29-22-11-7-20(8-12-22)25(21-9-13-23(30)14-10-21)4-3-17-32-18-15-24(16-19-32)33-27-6-2-1-5-26(27)31-28(33)34/h1-2,5-14,24-25H,3-4,15-19H2,(H,31,34)",YVUQSNJEYSNKRX-UHFFFAOYSA-N,461.56,461.56,5.86,41.03,1.0,3.0,1.0,1,CHEMBL1423,PIMOZIDE,1,0.9088837385177612,True,True,True,1,False,C;F;N;O,,,False,False,34,7,False,0,0,461.5560000000001,41.03,5.8570000000000055,1,2,5,False,,True,ligands_pdbqt/CHEMBL1423.pdbqt,-3.777,completed,vina_screening_full/poses/CHEMBL1423_out.pdbqt,vina_screening_full/logs/CHEMBL1423.log,931
CHEMBL473417,VISMODEGIB,Small molecule,4.0,2012.0,0,CS(=O)(=O)c1ccc(C(=O)Nc2ccc(Cl)c(-c3ccccn3)c2)c(Cl)c1,"InChI=1S/C19H14Cl2N2O3S/c1-27(25,26)13-6-7-14(17(21)11-13)19(24)23-12-5-8-16(20)15(10-12)18-4-2-3-9-22-18/h2-11H,1H3,(H,23,24)",BPQMGSKTAYIVFO-UHFFFAOYSA-N,421.31,421.31,4.71,76.13,1.0,4.0,0.0,1,CHEMBL473417,VISMODEGIB,1,0.8278461217880249,True,True,True,1,False,C;Cl;N;O;S,,,False,False,27,4,False,0,0,421.30500000000006,76.13,4.7112000000000025,1,4,3,False,,True,ligands_pdbqt/CHEMBL473417.pdbqt,-3.771,completed,vina_screening_full/poses/CHEMBL473417_out.pdbqt,vina_screening_full/logs/CHEMBL473417.log,932
CHEMBL634,ALFENTANIL,Small molecule,4.0,1986.0,0,CCC(=O)N(c1ccccc1)C1(COC)CCN(CCn2nnn(CC)c2=O)CC1,"InChI=1S/C21H32N6O3/c1-4-19(28)27(18-9-7-6-8-10-18)21(17-30-3)11-13-24(14-12-21)15-16-26-20(29)25(5-2)22-23-26/h6-10H,4-5,11-17H2,1-3H3",IDBPHNDTYPBSNI-UHFFFAOYSA-N,416.53,416.53,1.38,85.49,0.0,8.0,0.0,2,CHEMBL1200531;CHEMBL634,ALFENTANIL;ALFENTANIL HYDROCHLORIDE,1,0.9813443541526794,True,True,True,1,False,C;N;O,,,False,False,30,9,False,0,0,416.5260000000002,85.49000000000001,1.3838999999999997,0,6,3,False,,True,ligands_pdbqt/CHEMBL634.pdbqt,-3.764,completed,vina_screening_full/poses/CHEMBL634_out.pdbqt,vina_screening_full/logs/CHEMBL634.log,933
CHEMBL807,MEMANTINE,Small molecule,4.0,2002.0,0,CC12CC3CC(C)(C1)CC(N)(C3)C2,"InChI=1S/C12H21N/c1-10-3-9-4-11(2,6-10)8-12(13,5-9)7-10/h9H,3-8,13H2,1-2H3",BUGYDGFZZOZRHP-UHFFFAOYSA-N,179.31,179.31,2.69,26.02,1.0,1.0,0.0,2,CHEMBL1699;CHEMBL807,MEMANTINE;MEMANTINE HYDROCHLORIDE,1,0.989543902873993,True,True,True,1,False,C;N,,,False,False,13,0,False,0,0,179.307,26.02,2.6941000000000006,1,1,4,False,,True,ligands_pdbqt/CHEMBL807.pdbqt,-3.753,completed,vina_screening_full/poses/CHEMBL807_out.pdbqt,vina_screening_full/logs/CHEMBL807.log,934
CHEMBL1180725,PROPANTHELINE,Small molecule,4.0,1953.0,0,CC(C)[N+](C)(CCOC(=O)C1c2ccccc2Oc2ccccc21)C(C)C,"InChI=1S/C23H30NO3/c1-16(2)24(5,17(3)4)14-15-26-23(25)22-18-10-6-8-12-20(18)27-21-13-9-7-11-19(21)22/h6-13,16-17,22H,14-15H2,1-5H3/q+1",VVWYOYDLCMFIEM-UHFFFAOYSA-N,368.5,368.5,4.73,35.53,0.0,3.0,0.0,2,CHEMBL1180725;CHEMBL1240,PROPANTHELINE;PROPANTHELINE BROMIDE,1,0.587423437833786,True,False,True,1,False,C;N;O,,,False,False,27,6,False,1,1,368.4970000000001,35.53,4.730800000000005,0,3,3,False,,True,ligands_pdbqt/CHEMBL1180725.pdbqt,-3.748,completed,vina_screening_full/poses/CHEMBL1180725_out.pdbqt,vina_screening_full/logs/CHEMBL1180725.log,935
CHEMBL1201340,DIPHEMANIL,Small molecule,4.0,1982.0,0,C[N+]1(C)CCC(=C(c2ccccc2)c2ccccc2)CC1,"InChI=1S/C20H24N/c1-21(2)15-13-19(14-16-21)20(17-9-5-3-6-10-17)18-11-7-4-8-12-18/h3-12H,13-16H2,1-2H3/q+1",LCTZPQRFOZKZNK-UHFFFAOYSA-N,278.42,278.42,4.36,0.0,0.0,0.0,0.0,2,CHEMBL1200880;CHEMBL1201340,DIPHEMANIL;DIPHEMANIL METHYLSULFATE,1,0.8697423934936523,True,True,True,1,False,C;N,,,False,False,21,2,False,1,1,278.4190000000001,0.0,4.358700000000004,0,0,3,False,,True,ligands_pdbqt/CHEMBL1201340.pdbqt,-3.739,completed,vina_screening_full/poses/CHEMBL1201340_out.pdbqt,vina_screening_full/logs/CHEMBL1201340.log,936
CHEMBL601719,CRIZOTINIB,Small molecule,4.0,2011.0,0,C[C@@H](Oc1cc(-c2cnn(C3CCNCC3)c2)cnc1N)c1c(Cl)ccc(F)c1Cl,"InChI=1S/C21H22Cl2FN5O/c1-12(19-16(22)2-3-17(24)20(19)23)30-18-8-13(9-27-21(18)25)14-10-28-29(11-14)15-4-6-26-7-5-15/h2-3,8-12,15,26H,4-7H2,1H3,(H2,25,27)/t12-/m1/s1",KTEIFNKAUNYNJU-GFCCVEGCSA-N,450.35,450.35,5.04,77.99,2.0,6.0,1.0,1,CHEMBL601719,CRIZOTINIB,1,0.8516871333122253,True,True,True,1,False,C;Cl;F;N;O,,,False,False,30,5,False,0,0,450.34500000000014,77.99,5.037700000000004,2,5,4,False,,True,ligands_pdbqt/CHEMBL601719.pdbqt,-3.724,completed,vina_screening_full/poses/CHEMBL601719_out.pdbqt,vina_screening_full/logs/CHEMBL601719.log,937
CHEMBL4585668,BELZUTIFAN,Small molecule,4.0,2021.0,0,CS(=O)(=O)c1ccc(Oc2cc(F)cc(C#N)c2)c2c1[C@H](O)[C@H](F)[C@@H]2F,"InChI=1S/C17H12F3NO4S/c1-26(23,24)12-3-2-11(13-14(12)17(22)16(20)15(13)19)25-10-5-8(7-21)4-9(18)6-10/h2-6,15-17,22H,1H3/t15-,16-,17+/m1/s1",LOMMPXLFBTZENJ-ZACQAIPSSA-N,383.35,383.35,3.29,87.39,1.0,5.0,0.0,1,CHEMBL4585668,BELZUTIFAN,1,0.9067141532897948,True,True,True,1,False,C;F;N;O;S,,,False,False,26,3,False,0,0,383.347,87.39,3.2888800000000016,1,5,3,False,,True,ligands_pdbqt/CHEMBL4585668.pdbqt,-3.72,completed,vina_screening_full/poses/CHEMBL4585668_out.pdbqt,vina_screening_full/logs/CHEMBL4585668.log,938
CHEMBL6966,VERAPAMIL,Small molecule,4.0,1981.0,0,COc1ccc(CCN(C)CCCC(C#N)(c2ccc(OC)c(OC)c2)C(C)C)cc1OC,"InChI=1S/C27H38N2O4/c1-20(2)27(19-28,22-10-12-24(31-5)26(18-22)33-7)14-8-15-29(3)16-13-21-9-11-23(30-4)25(17-21)32-6/h9-12,17-18,20H,8,13-16H2,1-7H3",SGTNSNPWRIOYBX-UHFFFAOYSA-N,454.61,454.61,5.09,63.95,0.0,6.0,1.0,2,CHEMBL1280;CHEMBL6966,VERAPAMIL;VERAPAMIL HYDROCHLORIDE,1,0.690173065662384,True,False,True,1,False,C;N;O,,,False,False,33,13,False,0,0,454.6110000000002,63.95,5.093080000000005,0,6,2,False,,True,ligands_pdbqt/CHEMBL6966.pdbqt,-3.707,completed,vina_screening_full/poses/CHEMBL6966_out.pdbqt,vina_screening_full/logs/CHEMBL6966.log,939
CHEMBL2107381,URIDINE TRIACETATE,Small molecule,4.0,2015.0,0,CC(=O)OC[C@H]1O[C@@H](n2ccc(=O)[nH]c2=O)[C@H](OC(C)=O)[C@@H]1OC(C)=O,"InChI=1S/C15H18N2O9/c1-7(18)23-6-10-12(24-8(2)19)13(25-9(3)20)14(26-10)17-5-4-11(21)16-15(17)22/h4-5,10,12-14H,6H2,1-3H3,(H,16,21,22)/t10-,12-,13-,14-/m1/s1",AUFUWRKPQLGTGF-FMKGYKFTSA-N,370.31,370.31,-1.14,142.99,1.0,10.0,0.0,1,CHEMBL2107381,URIDINE TRIACETATE,1,0.6876759827136993,True,False,True,1,False,C;N;O,,,False,False,26,5,False,0,0,370.31400000000014,142.99,-1.1394999999999988,1,9,2,False,,True,ligands_pdbqt/CHEMBL2107381.pdbqt,-3.699,completed,vina_screening_full/poses/CHEMBL2107381_out.pdbqt,vina_screening_full/logs/CHEMBL2107381.log,940
CHEMBL220491,BRINZOLAMIDE,Small molecule,4.0,1998.0,0,CCN[C@H]1CN(CCCOC)S(=O)(=O)c2sc(S(N)(=O)=O)cc21,"InChI=1S/C12H21N3O5S3/c1-3-14-10-8-15(5-4-6-20-2)23(18,19)12-9(10)7-11(21-12)22(13,16)17/h7,10,14H,3-6,8H2,1-2H3,(H2,13,16,17)/t10-/m0/s1",HCRKCZRJWPKOAR-JTQLQIEISA-N,383.52,383.52,0.09,118.8,2.0,7.0,0.0,1,CHEMBL220491,BRINZOLAMIDE,1,0.7817896604537964,True,False,True,1,False,C;N;O;S,,,False,False,23,7,False,0,0,383.5170000000001,118.79999999999998,0.0869000000000016,2,7,2,False,,True,ligands_pdbqt/CHEMBL220491.pdbqt,-3.681,completed,vina_screening_full/poses/CHEMBL220491_out.pdbqt,vina_screening_full/logs/CHEMBL220491.log,941
CHEMBL1222250,DEXTROSE,Small molecule,4.0,1982.0,0,OC[C@H]1OC(O)[C@H](O)[C@@H](O)[C@@H]1O,"InChI=1S/C6H12O6/c7-1-2-3(8)4(9)5(10)6(11)12-2/h2-11H,1H2/t2-,3-,4+,5-,6?/m1/s1",WQZGKKKJIJFFOK-GASJEMHNSA-N,180.16,180.16,-3.22,110.38,5.0,6.0,0.0,1,CHEMBL1222250,DEXTROSE,1,0.7885944247245789,True,False,True,1,False,C;O,,,False,False,12,1,False,0,0,180.156,110.38,-3.2214000000000005,5,6,1,False,,True,ligands_pdbqt/CHEMBL1222250.pdbqt,-3.68,completed,vina_screening_full/poses/CHEMBL1222250_out.pdbqt,vina_screening_full/logs/CHEMBL1222250.log,942
CHEMBL238804,SELEXIPAG,Small molecule,4.0,2015.0,0,CC(C)N(CCCCOCC(=O)NS(C)(=O)=O)c1cnc(-c2ccccc2)c(-c2ccccc2)n1,"InChI=1S/C26H32N4O4S/c1-20(2)30(16-10-11-17-34-19-24(31)29-35(3,32)33)23-18-27-25(21-12-6-4-7-13-21)26(28-23)22-14-8-5-9-15-22/h4-9,12-15,18,20H,10-11,16-17,19H2,1-3H3,(H,29,31)",QXWZQTURMXZVHJ-UHFFFAOYSA-N,496.63,496.63,3.9,101.49,1.0,7.0,0.0,1,CHEMBL238804,SELEXIPAG,1,0.7900509834289551,True,False,True,1,False,C;N;O;S,,,False,False,35,12,False,0,0,496.6330000000002,101.49,3.8980000000000032,1,7,3,False,,True,ligands_pdbqt/CHEMBL238804.pdbqt,-3.671,completed,vina_screening_full/poses/CHEMBL238804_out.pdbqt,vina_screening_full/logs/CHEMBL238804.log,943
CHEMBL2105720,LESINURAD,Small molecule,4.0,2015.0,0,O=C(O)CSc1nnc(Br)n1-c1ccc(C2CC2)c2ccccc12,"InChI=1S/C17H14BrN3O2S/c18-16-19-20-17(24-9-15(22)23)21(16)14-8-7-11(10-5-6-10)12-3-1-2-4-13(12)14/h1-4,7-8,10H,5-6,9H2,(H,22,23)",FGQFOYHRJSUHMR-UHFFFAOYSA-N,404.29,404.29,4.24,68.01,1.0,5.0,0.0,1,CHEMBL2105720,LESINURAD,1,0.8688957571983338,True,True,True,1,False,Br;C;N;O;S,,,False,False,24,5,False,0,0,404.28900000000016,68.00999999999999,4.2371000000000025,1,4,4,False,,True,ligands_pdbqt/CHEMBL2105720.pdbqt,-3.671,completed,vina_screening_full/poses/CHEMBL2105720_out.pdbqt,vina_screening_full/logs/CHEMBL2105720.log,944
CHEMBL684,DIETHYLCARBAMAZINE,Small molecule,4.0,1950.0,0,CCN(CC)C(=O)N1CCN(C)CC1,"InChI=1S/C10H21N3O/c1-4-12(5-2)10(14)13-8-6-11(3)7-9-13/h4-9H2,1-3H3",RCKMWOKWVGPNJF-UHFFFAOYSA-N,199.3,199.3,0.7,26.79,0.0,2.0,0.0,2,CHEMBL684;CHEMBL937,DIETHYLCARBAMAZINE;DIETHYLCARBAMAZINE CITRATE,1,0.9823753237724304,True,True,True,1,False,C;N;O,,,False,False,14,2,False,0,0,199.298,26.790000000000006,0.6956,0,2,1,False,,True,ligands_pdbqt/CHEMBL684.pdbqt,-3.671,completed,vina_screening_full/poses/CHEMBL684_out.pdbqt,vina_screening_full/logs/CHEMBL684.log,945
CHEMBL1519,TRANDOLAPRIL,Small molecule,4.0,1996.0,0,CCOC(=O)[C@H](CCc1ccccc1)N[C@@H](C)C(=O)N1[C@H](C(=O)O)C[C@H]2CCCC[C@@H]21,"InChI=1S/C24H34N2O5/c1-3-31-24(30)19(14-13-17-9-5-4-6-10-17)25-16(2)22(27)26-20-12-8-7-11-18(20)15-21(26)23(28)29/h4-6,9-10,16,18-21,25H,3,7-8,11-15H2,1-2H3,(H,28,29)/t16-,18+,19-,20-,21-/m0/s1",VXFJYXUZANRPDJ-WTNASJBWSA-N,430.55,430.55,2.77,95.94,2.0,5.0,0.0,1,CHEMBL1519,TRANDOLAPRIL,1,0.5636112451553345,True,False,True,1,False,C;N;O,,,False,False,31,9,False,0,0,430.5450000000004,95.94,2.7733000000000008,2,5,3,False,,True,ligands_pdbqt/CHEMBL1519.pdbqt,-3.659,completed,vina_screening_full/poses/CHEMBL1519_out.pdbqt,vina_screening_full/logs/CHEMBL1519.log,946
CHEMBL1742423,BILASTINE,Small molecule,4.0,,0,CCOCCn1c(C2CCN(CCc3ccc(C(C)(C)C(=O)O)cc3)CC2)nc2ccccc21,"InChI=1S/C28H37N3O3/c1-4-34-20-19-31-25-8-6-5-7-24(25)29-26(31)22-14-17-30(18-15-22)16-13-21-9-11-23(12-10-21)28(2,3)27(32)33/h5-12,22H,4,13-20H2,1-3H3,(H,32,33)",ACCMWZWAEFYUGZ-UHFFFAOYSA-N,463.62,463.62,4.86,67.59,1.0,5.0,0.0,1,CHEMBL1742423,BILASTINE,1,0.809595787525177,True,True,True,1,False,C;N;O,,,False,False,34,10,False,0,0,463.6220000000002,67.59,4.857100000000004,1,4,4,False,,True,ligands_pdbqt/CHEMBL1742423.pdbqt,-3.652,completed,vina_screening_full/poses/CHEMBL1742423_out.pdbqt,vina_screening_full/logs/CHEMBL1742423.log,947
CHEMBL1323,DARUNAVIR,Small molecule,4.0,2006.0,0,CC(C)CN(C[C@@H](O)[C@H](Cc1ccccc1)NC(=O)O[C@H]1CO[C@H]2OCC[C@H]21)S(=O)(=O)c1ccc(N)cc1,"InChI=1S/C27H37N3O7S/c1-18(2)15-30(38(33,34)21-10-8-20(28)9-11-21)16-24(31)23(14-19-6-4-3-5-7-19)29-27(32)37-25-17-36-26-22(25)12-13-35-26/h3-11,18,22-26,31H,12-17,28H2,1-2H3,(H,29,32)/t22-,23-,24+,25-,26+/m0/s1",CJBJHOAVZSMMDJ-HEXNFIEUSA-N,547.67,547.67,2.38,140.42,3.0,8.0,1.0,2,CHEMBL1201127;CHEMBL1323,DARUNAVIR;DARUNAVIR ETHANOLATE,1,0.5598269760608673,True,False,True,1,False,C;N;O;S,,,False,False,38,11,False,0,0,547.6740000000003,140.42000000000002,2.3753,3,8,4,False,,True,ligands_pdbqt/CHEMBL1323.pdbqt,-3.615,completed,vina_screening_full/poses/CHEMBL1323_out.pdbqt,vina_screening_full/logs/CHEMBL1323.log,948
CHEMBL54349,ALPIDEM,Small molecule,4.0,,1,CCCN(CCC)C(=O)Cc1c(-c2ccc(Cl)cc2)nc2ccc(Cl)cn12,"InChI=1S/C21H23Cl2N3O/c1-3-11-25(12-4-2)20(27)13-18-21(15-5-7-16(22)8-6-15)24-19-10-9-17(23)14-26(18)19/h5-10,14H,3-4,11-13H2,1-2H3",JRTIDHTUMYMPRU-UHFFFAOYSA-N,404.34,404.34,5.5,37.61,0.0,3.0,1.0,1,CHEMBL54349,ALPIDEM,1,0.8849490404129028,True,True,True,1,False,C;Cl;N;O,,,False,False,27,7,False,0,0,404.34100000000007,37.61,5.4992000000000045,0,2,3,False,,True,ligands_pdbqt/CHEMBL54349.pdbqt,-3.613,completed,vina_screening_full/poses/CHEMBL54349_out.pdbqt,vina_screening_full/logs/CHEMBL54349.log,949
CHEMBL198362,RIVAROXABAN,Small molecule,4.0,2008.0,0,O=C(NC[C@H]1CN(c2ccc(N3CCOCC3=O)cc2)C(=O)O1)c1ccc(Cl)s1,"InChI=1S/C19H18ClN3O5S/c20-16-6-5-15(29-16)18(25)21-9-14-10-23(19(26)28-14)13-3-1-12(2-4-13)22-7-8-27-11-17(22)24/h1-6,14H,7-11H2,(H,21,25)/t14-/m0/s1",KGFYHTZWPPHNLQ-AWEZNQCLSA-N,435.89,435.89,2.52,88.18,1.0,6.0,0.0,1,CHEMBL198362,RIVAROXABAN,1,0.6629881739616394,True,False,True,1,False,C;Cl;N;O;S,,,False,False,29,5,False,0,0,435.8890000000001,88.18,2.5199000000000007,1,6,4,False,,True,ligands_pdbqt/CHEMBL198362.pdbqt,-3.612,completed,vina_screening_full/poses/CHEMBL198362_out.pdbqt,vina_screening_full/logs/CHEMBL198362.log,950
CHEMBL416956,MEFLOQUINE,Small molecule,4.0,1989.0,0,OC(c1cc(C(F)(F)F)nc2c(C(F)(F)F)cccc12)C1CCCCN1,"InChI=1S/C17H16F6N2O/c18-16(19,20)11-5-3-4-9-10(15(26)12-6-1-2-7-24-12)8-13(17(21,22)23)25-14(9)11/h3-5,8,12,15,24,26H,1-2,6-7H2",XEEQGYMUWCZPDN-UHFFFAOYSA-N,378.32,378.32,4.45,45.15,2.0,3.0,0.0,2,CHEMBL416956;CHEMBL535650,MEFLOQUINE;MEFLOQUINE HYDROCHLORIDE,1,0.9703986644744872,True,True,True,1,False,C;F;N;O,,,False,False,26,2,False,0,0,378.31600000000014,45.150000000000006,4.447900000000003,2,3,3,False,,True,ligands_pdbqt/CHEMBL416956.pdbqt,-3.605,completed,vina_screening_full/poses/CHEMBL416956_out.pdbqt,vina_screening_full/logs/CHEMBL416956.log,951
CHEMBL416146,ETORICOXIB,Small molecule,4.0,,0,Cc1ccc(-c2ncc(Cl)cc2-c2ccc(S(C)(=O)=O)cc2)cn1,"InChI=1S/C18H15ClN2O2S/c1-12-3-4-14(10-20-12)18-17(9-15(19)11-21-18)13-5-7-16(8-6-13)24(2,22)23/h3-11H,1-2H3",MNJVRJDLRVPLFE-UHFFFAOYSA-N,358.85,358.85,4.18,59.92,0.0,4.0,0.0,1,CHEMBL416146,ETORICOXIB,1,0.8784817218780517,True,True,True,1,False,C;Cl;N;O;S,,,False,False,24,3,False,0,0,358.8500000000001,59.92,4.175920000000004,0,4,3,False,,True,ligands_pdbqt/CHEMBL416146.pdbqt,-3.6,completed,vina_screening_full/poses/CHEMBL416146_out.pdbqt,vina_screening_full/logs/CHEMBL416146.log,952
CHEMBL2068864,FLUDEOXYGLUCOSE,Small molecule,4.0,1994.0,0,OC[C@H]1OC(O)[C@H](F)[C@@H](O)[C@@H]1O,"InChI=1S/C6H11FO5/c7-3-5(10)4(9)2(1-8)12-6(3)11/h2-6,8-11H,1H2/t2-,3-,4-,5-,6?/m1/s1",ZCXUVYAZINUVJD-IVMDWMLBSA-N,182.15,182.15,-2.24,90.15,4.0,5.0,0.0,2,CHEMBL2030434;CHEMBL2068864,FLUDEOXYGLUCOSE;FLUDEOXYGLUCOSE F 18,1,0.9439818620681762,True,True,True,1,False,C;F;O,,,False,False,12,1,False,0,0,182.147,90.15,-2.2442,4,5,1,False,,True,ligands_pdbqt/CHEMBL2068864.pdbqt,-3.6,completed,vina_screening_full/poses/CHEMBL2068864_out.pdbqt,vina_screening_full/logs/CHEMBL2068864.log,953
CHEMBL360328,LORCASERIN,Small molecule,4.0,2012.0,1,C[C@H]1CNCCc2ccc(Cl)cc21,"InChI=1S/C11H14ClN/c1-8-7-13-5-4-9-2-3-10(12)6-11(8)9/h2-3,6,8,13H,4-5,7H2,1H3/t8-/m0/s1",XTTZERNUQAFMOF-QMMMGPOBSA-N,195.69,195.69,2.59,12.03,1.0,1.0,0.0,2,CHEMBL2095211;CHEMBL360328,LORCASERIN;LORCASERIN HYDROCHLORIDE,1,0.9827589750289916,True,True,True,1,False,C;Cl;N,,,False,False,13,0,False,0,0,195.693,12.03,2.589200000000001,1,1,2,False,,True,ligands_pdbqt/CHEMBL360328.pdbqt,-3.592,completed,vina_screening_full/poses/CHEMBL360328_out.pdbqt,vina_screening_full/logs/CHEMBL360328.log,954
CHEMBL46,ONDANSETRON,Small molecule,4.0,1991.0,0,Cc1nccn1CC1CCc2c(c3ccccc3n2C)C1=O,"InChI=1S/C18H19N3O/c1-12-19-9-10-21(12)11-13-7-8-16-17(18(13)22)14-5-3-4-6-15(14)20(16)2/h3-6,9-10,13H,7-8,11H2,1-2H3",FELGMEQIXOGIFQ-UHFFFAOYSA-N,293.37,293.37,3.13,39.82,0.0,4.0,0.0,2,CHEMBL3186492;CHEMBL46,ONDANSETRON;ONDANSETRON HYDROCHLORIDE,1,0.9918163418769836,True,True,True,1,False,C;N;O,,,False,False,22,2,False,0,0,293.37000000000006,39.82,3.1285200000000017,0,2,4,False,,True,ligands_pdbqt/CHEMBL46.pdbqt,-3.564,completed,vina_screening_full/poses/CHEMBL46_out.pdbqt,vina_screening_full/logs/CHEMBL46.log,955
CHEMBL1623,MECLIZINE,Small molecule,4.0,1957.0,0,Cc1cccc(CN2CCN(C(c3ccccc3)c3ccc(Cl)cc3)CC2)c1,"InChI=1S/C25H27ClN2/c1-20-6-5-7-21(18-20)19-27-14-16-28(17-15-27)25(22-8-3-2-4-9-22)23-10-12-24(26)13-11-23/h2-13,18,25H,14-17,19H2,1H3",OCJYIGYOJCODJL-UHFFFAOYSA-N,390.96,390.96,5.56,6.48,0.0,2.0,1.0,2,CHEMBL1623;CHEMBL3989555,MECLIZINE;MECLIZINE HYDROCHLORIDE,1,0.9462274551391602,True,True,True,1,False,C;Cl;N,,,False,False,28,5,False,0,0,390.9580000000002,6.48,5.555620000000006,0,2,4,False,,True,ligands_pdbqt/CHEMBL1623.pdbqt,-3.556,completed,vina_screening_full/poses/CHEMBL1623_out.pdbqt,vina_screening_full/logs/CHEMBL1623.log,956
CHEMBL567,PERPHENAZINE,Small molecule,4.0,1957.0,0,OCCN1CCN(CCCN2c3ccccc3Sc3ccc(Cl)cc32)CC1,"InChI=1S/C21H26ClN3OS/c22-17-6-7-21-19(16-17)25(18-4-1-2-5-20(18)27-21)9-3-8-23-10-12-24(13-11-23)14-15-26/h1-2,4-7,16,26H,3,8-15H2",RGCVKNLCSQQDEP-UHFFFAOYSA-N,403.98,403.98,3.94,29.95,1.0,5.0,0.0,1,CHEMBL567,PERPHENAZINE,1,0.9909245252609252,True,True,True,1,False,C;Cl;N;O;S,,,False,False,27,6,False,0,0,403.9790000000002,29.950000000000003,3.942700000000003,1,5,4,False,,True,ligands_pdbqt/CHEMBL567.pdbqt,-3.545,completed,vina_screening_full/poses/CHEMBL567_out.pdbqt,vina_screening_full/logs/CHEMBL567.log,957
CHEMBL611,TERAZOSIN,Small molecule,4.0,1987.0,0,COc1cc2nc(N3CCN(C(=O)C4CCCO4)CC3)nc(N)c2cc1OC,"InChI=1S/C19H25N5O4/c1-26-15-10-12-13(11-16(15)27-2)21-19(22-17(12)20)24-7-5-23(6-8-24)18(25)14-4-3-9-28-14/h10-11,14H,3-9H2,1-2H3,(H2,20,21,22)",VCKUSRYTPJJLNI-UHFFFAOYSA-N,387.44,387.44,1.06,103.04,1.0,8.0,0.0,2,CHEMBL3989562;CHEMBL611,TERAZOSIN;TERAZOSIN HYDROCHLORIDE,1,0.8579087138175965,True,True,True,1,False,C;N;O,,,False,False,28,4,False,0,0,387.44000000000017,103.04,1.0567999999999995,1,8,4,False,,True,ligands_pdbqt/CHEMBL611.pdbqt,-3.522,completed,vina_screening_full/poses/CHEMBL611_out.pdbqt,vina_screening_full/logs/CHEMBL611.log,958
CHEMBL1597,DIMERCAPROL,Small molecule,4.0,1946.0,0,OCC(S)CS,"InChI=1S/C3H8OS2/c4-1-3(6)2-5/h3-6H,1-2H2",WQABCVAJNWAXTE-UHFFFAOYSA-N,124.23,124.23,0.21,20.23,3.0,3.0,0.0,1,CHEMBL1597,DIMERCAPROL,1,0.7733026564121246,True,False,True,1,False,C;O;S,,,False,False,6,2,False,0,0,124.23,20.23,0.2069,3,3,0,False,,True,ligands_pdbqt/CHEMBL1597.pdbqt,-3.513,completed,vina_screening_full/poses/CHEMBL1597_out.pdbqt,vina_screening_full/logs/CHEMBL1597.log,959
CHEMBL1419,SIBUTRAMINE,Small molecule,4.0,1997.0,1,CC(C)CC(N(C)C)C1(c2ccc(Cl)cc2)CCC1,"InChI=1S/C17H26ClN/c1-13(2)12-16(19(3)4)17(10-5-11-17)14-6-8-15(18)9-7-14/h6-9,13,16H,5,10-12H2,1-4H3",UNAANXDKBXWMLN-UHFFFAOYSA-N,279.86,279.86,4.74,3.24,0.0,1.0,0.0,2,CHEMBL1419;CHEMBL3989830,SIBUTRAMINE;SIBUTRAMINE HYDROCHLORIDE,1,0.9948671102523804,True,True,True,1,False,C;Cl;N,,,False,False,19,5,False,0,0,279.8550000000001,3.24,4.738000000000005,0,1,2,False,,True,ligands_pdbqt/CHEMBL1419.pdbqt,-3.512,completed,vina_screening_full/poses/CHEMBL1419_out.pdbqt,vina_screening_full/logs/CHEMBL1419.log,960
CHEMBL44618,CHLOROFORM,Small molecule,4.0,,1,ClC(Cl)Cl,InChI=1S/CHCl3/c2-1(3)4/h1H,HEDRZPFGACZZDS-UHFFFAOYSA-N,119.38,119.38,1.99,0.0,0.0,0.0,0.0,1,CHEMBL44618,CHLOROFORM,1,0.9998856306076048,True,True,True,1,False,C;Cl,,,False,False,4,0,False,0,0,119.378,0.0,1.9864,0,0,0,False,,True,ligands_pdbqt/CHEMBL44618.pdbqt,-3.507,completed,vina_screening_full/poses/CHEMBL44618_out.pdbqt,vina_screening_full/logs/CHEMBL44618.log,961
CHEMBL2,PRAZOSIN,Small molecule,4.0,1976.0,0,COc1cc2nc(N3CCN(C(=O)c4ccco4)CC3)nc(N)c2cc1OC,"InChI=1S/C19H21N5O4/c1-26-15-10-12-13(11-16(15)27-2)21-19(22-17(12)20)24-7-5-23(6-8-24)18(25)14-4-3-9-28-14/h3-4,9-11H,5-8H2,1-2H3,(H2,20,21,22)",IENZQIKPVFGBNW-UHFFFAOYSA-N,383.41,383.41,1.78,106.95,1.0,8.0,0.0,2,CHEMBL1558;CHEMBL2,PRAZOSIN;PRAZOSIN HYDROCHLORIDE,1,0.828060781955719,True,True,True,1,False,C;N;O,,,False,False,28,4,False,0,0,383.4080000000002,106.95,1.7845999999999995,1,8,4,False,,True,ligands_pdbqt/CHEMBL2.pdbqt,-3.503,completed,vina_screening_full/poses/CHEMBL2_out.pdbqt,vina_screening_full/logs/CHEMBL2.log,962
CHEMBL529888,GLIBORNURIDE,Small molecule,4.0,,0,Cc1ccc(S(=O)(=O)NC(=O)N[C@H]2[C@H]3CC[C@@](C)([C@H]2O)C3(C)C)cc1,"InChI=1S/C18H26N2O4S/c1-11-5-7-12(8-6-11)25(23,24)20-16(22)19-14-13-9-10-18(4,15(14)21)17(13,2)3/h5-8,13-15,21H,9-10H2,1-4H3,(H2,19,20,22)/t13-,14+,15+,18+/m1/s1",RMTYNAPTNBJHQI-LLDVTBCESA-N,366.48,366.48,2.17,95.5,3.0,4.0,0.0,1,CHEMBL529888,GLIBORNURIDE,1,0.6965891182422638,True,False,True,1,False,C;N;O;S,,,False,False,25,3,False,0,0,366.4830000000001,95.5,2.16852,3,4,3,False,,True,ligands_pdbqt/CHEMBL529888.pdbqt,-3.501,completed,vina_screening_full/poses/CHEMBL529888_out.pdbqt,vina_screening_full/logs/CHEMBL529888.log,963
CHEMBL2356023,DIHYDROTACHYSTEROL,Small molecule,4.0,,0,CC(C)[C@@H](C)/C=C/[C@@H](C)[C@H]1CC[C@H]2/C(=C/C=C3\C[C@@H](O)CC[C@@H]3C)CCC[C@]12C,"InChI=1S/C28H46O/c1-19(2)20(3)9-10-22(5)26-15-16-27-23(8-7-17-28(26,27)6)12-13-24-18-25(29)14-11-21(24)4/h9-10,12-13,19-22,25-27,29H,7-8,11,14-18H2,1-6H3/b10-9+,23-12+,24-13+/t20-,21-,22+,25-,26+,27-,28+/m0/s1",ILYCWAKSDCYMBB-OPCMSESCSA-N,398.68,398.68,7.72,20.23,1.0,1.0,1.0,1,CHEMBL2356023,DIHYDROTACHYSTEROL,1,0.7979190230369568,True,False,True,1,False,C;O,,,False,False,29,5,False,0,0,398.6750000000002,20.23,7.720900000000009,1,1,3,False,,True,ligands_pdbqt/CHEMBL2356023.pdbqt,-3.501,completed,vina_screening_full/poses/CHEMBL2356023_out.pdbqt,vina_screening_full/logs/CHEMBL2356023.log,964
CHEMBL3402762,TEPOTINIB,Small molecule,4.0,2021.0,0,CN1CCC(COc2cnc(-c3cccc(Cn4nc(-c5cccc(C#N)c5)ccc4=O)c3)nc2)CC1,"InChI=1S/C29H28N6O2/c1-34-12-10-21(11-13-34)20-37-26-17-31-29(32-18-26)25-7-3-5-23(15-25)19-35-28(36)9-8-27(33-35)24-6-2-4-22(14-24)16-30/h2-9,14-15,17-18,21H,10-13,19-20H2,1H3",AHYMHWXQRWRBKT-UHFFFAOYSA-N,492.58,492.58,4.01,96.93,0.0,8.0,0.0,2,CHEMBL3402762;CHEMBL4594292,TEPOTINIB;TEPOTINIB HYDROCHLORIDE,1,0.7238463997840882,True,False,True,1,False,C;N;O,,,False,False,37,7,False,0,0,492.58300000000025,96.93,4.007880000000003,0,7,5,False,,True,ligands_pdbqt/CHEMBL3402762.pdbqt,-3.5,completed,vina_screening_full/poses/CHEMBL3402762_out.pdbqt,vina_screening_full/logs/CHEMBL3402762.log,965
CHEMBL2105497,ZIPEPROL,Small molecule,4.0,,1,COC(CN1CCN(CC(O)C(OC)c2ccccc2)CC1)c1ccccc1,"InChI=1S/C23H32N2O3/c1-27-22(19-9-5-3-6-10-19)18-25-15-13-24(14-16-25)17-21(26)23(28-2)20-11-7-4-8-12-20/h3-12,21-23,26H,13-18H2,1-2H3",VSTNNAYSCJQCQI-UHFFFAOYSA-N,384.52,384.52,2.74,45.17,1.0,5.0,0.0,1,CHEMBL2105497,ZIPEPROL,1,0.810575008392334,True,True,True,1,False,C;N;O,,,False,False,28,9,False,0,0,384.52000000000015,45.17,2.7403000000000004,1,5,3,False,,True,ligands_pdbqt/CHEMBL2105497.pdbqt,-3.496,completed,vina_screening_full/poses/CHEMBL2105497_out.pdbqt,vina_screening_full/logs/CHEMBL2105497.log,966
CHEMBL985,UREA,Small molecule,4.0,1982.0,0,NC(N)=O,"InChI=1S/CH4N2O/c2-1(3)4/h(H4,2,3,4)",XSQUKJJJFZCRTK-UHFFFAOYSA-N,60.06,60.06,-0.98,69.11,2.0,1.0,0.0,3,CHEMBL2096635;CHEMBL2096648;CHEMBL985,UREA;UREA C 13;UREA C 14,1,0.9786656737327576,True,True,True,1,False,C;N;O,,,False,False,4,0,False,0,0,60.056,69.11,-0.9762000000000002,2,1,0,False,,True,ligands_pdbqt/CHEMBL985.pdbqt,-3.471,completed,vina_screening_full/poses/CHEMBL985_out.pdbqt,vina_screening_full/logs/CHEMBL985.log,967
CHEMBL9967,PIRENZEPINE,Small molecule,4.0,,0,CN1CCN(CC(=O)N2c3ccccc3C(=O)Nc3cccnc32)CC1,"InChI=1S/C19H21N5O2/c1-22-9-11-23(12-10-22)13-17(25)24-16-7-3-2-5-14(16)19(26)21-15-6-4-8-20-18(15)24/h2-8H,9-13H2,1H3,(H,21,26)",RMHMFHUVIITRHF-UHFFFAOYSA-N,351.41,351.41,1.56,68.78,1.0,5.0,0.0,2,CHEMBL1531864;CHEMBL9967,PIRENZEPINE;PIRENZEPINE HYDROCHLORIDE,1,0.9761901021003724,True,True,True,1,False,C;N;O,,,False,False,26,2,False,0,0,351.41000000000014,68.78,1.5593999999999992,1,5,4,False,,True,ligands_pdbqt/CHEMBL9967.pdbqt,-3.462,completed,vina_screening_full/poses/CHEMBL9967_out.pdbqt,vina_screening_full/logs/CHEMBL9967.log,968
CHEMBL821,GUANIDINE,Small molecule,4.0,1939.0,0,N=C(N)N,"InChI=1S/CH5N3/c2-1(3)4/h(H5,2,3,4)",ZRALSGWEFCBTJO-UHFFFAOYSA-N,59.07,59.07,-1.16,75.89,3.0,1.0,0.0,2,CHEMBL1200728;CHEMBL821,GUANIDINE;GUANIDINE HYDROCHLORIDE,1,0.5887129247188568,True,False,True,1,False,C;N,,,False,False,4,0,False,0,0,59.072,75.89,-1.1614300000000002,3,1,0,False,,True,ligands_pdbqt/CHEMBL821.pdbqt,-3.45,completed,vina_screening_full/poses/CHEMBL821_out.pdbqt,vina_screening_full/logs/CHEMBL821.log,969
CHEMBL2107011,OXYPERTINE,Small molecule,4.0,,0,COc1cc2[nH]c(C)c(CCN3CCN(c4ccccc4)CC3)c2cc1OC,"InChI=1S/C23H29N3O2/c1-17-19(20-15-22(27-2)23(28-3)16-21(20)24-17)9-10-25-11-13-26(14-12-25)18-7-5-4-6-8-18/h4-8,15-16,24H,9-14H2,1-3H3",XCWPUUGSGHNIDZ-UHFFFAOYSA-N,379.5,379.5,3.86,40.73,1.0,4.0,0.0,1,CHEMBL2107011,OXYPERTINE,1,0.9811711072921752,True,True,True,1,False,C;N;O,,,False,False,28,6,False,0,0,379.5040000000001,40.73,3.858220000000003,1,4,4,False,,True,ligands_pdbqt/CHEMBL2107011.pdbqt,-3.445,completed,vina_screening_full/poses/CHEMBL2107011_out.pdbqt,vina_screening_full/logs/CHEMBL2107011.log,970
CHEMBL1229211,DOLUTEGRAVIR,Small molecule,4.0,2013.0,0,C[C@@H]1CCO[C@H]2Cn3cc(C(=O)NCc4ccc(F)cc4F)c(=O)c(O)c3C(=O)N12,"InChI=1S/C20H19F2N3O5/c1-10-4-5-30-15-9-24-8-13(17(26)18(27)16(24)20(29)25(10)15)19(28)23-7-11-2-3-12(21)6-14(11)22/h2-3,6,8,10,15,27H,4-5,7,9H2,1H3,(H,23,28)/t10-,15+/m1/s1",RHWKPHLQXYSBKR-BMIGLBTASA-N,419.38,419.38,1.35,100.87,2.0,6.0,0.0,2,CHEMBL1213165;CHEMBL1229211,DOLUTEGRAVIR;DOLUTEGRAVIR SODIUM,1,0.7052190661430359,True,False,True,1,False,C;F;N;O,,,False,False,30,3,False,0,0,419.3840000000002,100.87,1.3528,2,5,4,False,,True,ligands_pdbqt/CHEMBL1229211.pdbqt,-3.411,completed,vina_screening_full/poses/CHEMBL1229211_out.pdbqt,vina_screening_full/logs/CHEMBL1229211.log,971
CHEMBL1909324,PINAVERIUM,Small molecule,4.0,,0,COc1cc(Br)c(C[N+]2(CCOCCC3CCC4CC3C4(C)C)CCOCC2)cc1OC,"InChI=1S/C26H41BrNO4/c1-26(2)21-6-5-19(22(26)16-21)7-11-31-12-8-28(9-13-32-14-10-28)18-20-15-24(29-3)25(30-4)17-23(20)27/h15,17,19,21-22H,5-14,16,18H2,1-4H3/q+1",DDHUTBKXLWCZCO-UHFFFAOYSA-N,511.52,511.52,5.29,36.92,0.0,4.0,2.0,2,CHEMBL1909298;CHEMBL1909324,PINAVERIUM;PINAVERIUM BROMIDE,1,0.8206094026565551,True,True,True,1,False,Br;C;N;O,,,False,False,32,10,False,1,1,511.52100000000047,36.92,5.292300000000005,0,4,5,False,,True,ligands_pdbqt/CHEMBL1909324.pdbqt,-3.408,completed,vina_screening_full/poses/CHEMBL1909324_out.pdbqt,vina_screening_full/logs/CHEMBL1909324.log,972
CHEMBL582,ISOPROPYL ALCOHOL,Small molecule,4.0,2000.0,0,CC(C)O,"InChI=1S/C3H8O/c1-3(2)4/h3-4H,1-2H3",KFZMGEQAYNKOFK-UHFFFAOYSA-N,60.1,60.1,0.39,20.23,1.0,1.0,0.0,1,CHEMBL582,ISOPROPYL ALCOHOL,1,0.9701687335968018,True,True,True,1,False,C;O,,,False,False,4,0,False,0,0,60.096,20.23,0.3871,1,1,0,False,,True,ligands_pdbqt/CHEMBL582.pdbqt,-3.399,completed,vina_screening_full/poses/CHEMBL582_out.pdbqt,vina_screening_full/logs/CHEMBL582.log,973
CHEMBL762,OXYMETAZOLINE,Small molecule,4.0,1986.0,0,Cc1cc(C(C)(C)C)c(O)c(C)c1CC1=NCCN1,"InChI=1S/C16H24N2O/c1-10-8-13(16(3,4)5)15(19)11(2)12(10)9-14-17-6-7-18-14/h8,19H,6-7,9H2,1-5H3,(H,17,18)",WYWIFABBXFUGLM-UHFFFAOYSA-N,260.38,260.38,2.85,44.62,2.0,3.0,0.0,2,CHEMBL1200791;CHEMBL762,OXYMETAZOLINE;OXYMETAZOLINE HYDROCHLORIDE,1,0.8172338604927063,True,True,True,1,False,C;N;O,,,False,False,19,2,False,0,0,260.3809999999999,44.620000000000005,2.850740000000001,2,3,2,False,,True,ligands_pdbqt/CHEMBL762.pdbqt,-3.393,completed,vina_screening_full/poses/CHEMBL762_out.pdbqt,vina_screening_full/logs/CHEMBL762.log,974
CHEMBL1201271,BUCLIZINE,Small molecule,4.0,1982.0,0,CC(C)(C)c1ccc(CN2CCN(C(c3ccccc3)c3ccc(Cl)cc3)CC2)cc1,"InChI=1S/C28H33ClN2/c1-28(2,3)25-13-9-22(10-14-25)21-30-17-19-31(20-18-30)27(23-7-5-4-6-8-23)24-11-15-26(29)16-12-24/h4-16,27H,17-21H2,1-3H3",MOYGZHXDRJNJEP-UHFFFAOYSA-N,433.04,433.04,6.54,6.48,0.0,2.0,1.0,2,CHEMBL1201271;CHEMBL2360580,BUCLIZINE;BUCLIZINE HYDROCHLORIDE,1,0.913789939880371,True,True,True,1,False,C;Cl;N,,,False,False,31,5,False,0,0,433.0390000000001,6.48,6.544700000000008,0,2,4,False,,True,ligands_pdbqt/CHEMBL1201271.pdbqt,-3.377,completed,vina_screening_full/poses/CHEMBL1201271_out.pdbqt,vina_screening_full/logs/CHEMBL1201271.log,975
CHEMBL1201270,METHENAMINE,Small molecule,4.0,1967.0,0,C1N2CN3CN1CN(C2)C3,InChI=1S/C6H12N4/c1-7-2-9-4-8(1)5-10(3-7)6-9/h1-6H2,VKYKSIONXSXAKP-UHFFFAOYSA-N,140.19,140.19,-1.02,12.96,0.0,4.0,0.0,2,CHEMBL1201104;CHEMBL1201270,METHENAMINE;METHENAMINE HIPPURATE,1,0.9528478741645812,True,True,True,1,False,C;N,,,False,False,10,0,False,0,0,140.19,12.96,-1.0197999999999992,0,4,4,False,,True,ligands_pdbqt/CHEMBL1201270.pdbqt,-3.373,completed,vina_screening_full/poses/CHEMBL1201270_out.pdbqt,vina_screening_full/logs/CHEMBL1201270.log,976
CHEMBL1257073,TECOVIRIMAT,Small molecule,4.0,2018.0,0,O=C(NN1C(=O)[C@@H]2[C@@H]3C=C[C@@H]([C@H]4C[C@@H]34)[C@@H]2C1=O)c1ccc(C(F)(F)F)cc1,"InChI=1S/C19H15F3N2O3/c20-19(21,22)9-3-1-8(2-4-9)16(25)23-24-17(26)14-10-5-6-11(13-7-12(10)13)15(14)18(24)27/h1-6,10-15H,7H2,(H,23,25)/t10-,11+,12+,13-,14-,15+",CSKDFZIMJXRJGH-VWLPUNTISA-N,376.33,376.33,2.4,66.48,1.0,3.0,0.0,2,CHEMBL1257073;CHEMBL5315121,TECOVIRIMAT;TECOVIRIMAT MONOHYDRATE,1,0.930979871749878,True,True,True,1,False,C;F;N;O,,,False,False,27,2,False,0,0,376.334,66.48,2.4033000000000007,1,3,6,False,,True,ligands_pdbqt/CHEMBL1257073.pdbqt,-3.373,completed,vina_screening_full/poses/CHEMBL1257073_out.pdbqt,vina_screening_full/logs/CHEMBL1257073.log,977
CHEMBL1200910,SULFISOXAZOLE ACETYL,Small molecule,4.0,1953.0,0,CC(=O)N(c1onc(C)c1C)S(=O)(=O)c1ccc(N)cc1,"InChI=1S/C13H15N3O4S/c1-8-9(2)15-20-13(8)16(10(3)17)21(18,19)12-6-4-11(14)5-7-12/h4-7H,14H2,1-3H3",JFNWFXVFBDDWCX-UHFFFAOYSA-N,309.35,309.35,1.62,106.5,1.0,6.0,0.0,1,CHEMBL1200910,SULFISOXAZOLE ACETYL,1,0.7914830565452575,True,False,True,1,False,C;N;O;S,,,False,False,21,3,False,0,0,309.34700000000004,106.5,1.6154400000000002,1,6,2,False,,True,ligands_pdbqt/CHEMBL1200910.pdbqt,-3.36,completed,vina_screening_full/poses/CHEMBL1200910_out.pdbqt,vina_screening_full/logs/CHEMBL1200910.log,978
CHEMBL1083659,SUVOREXANT,Small molecule,4.0,2014.0,0,Cc1ccc(-n2nccn2)c(C(=O)N2CCN(c3nc4cc(Cl)ccc4o3)CC[C@H]2C)c1,"InChI=1S/C23H23ClN6O2/c1-15-3-5-20(30-25-8-9-26-30)18(13-15)22(31)29-12-11-28(10-7-16(29)2)23-27-19-14-17(24)4-6-21(19)32-23/h3-6,8-9,13-14,16H,7,10-12H2,1-2H3/t16-/m1/s1",JYTNQNCOQXFQPK-MRXNPFEDSA-N,450.93,450.93,4.11,80.29,0.0,7.0,0.0,1,CHEMBL1083659,SUVOREXANT,1,0.8482842683792114,True,True,True,1,False,C;Cl;N;O,,,False,False,32,3,False,0,0,450.9300000000002,80.29,4.111320000000004,0,6,5,False,,True,ligands_pdbqt/CHEMBL1083659.pdbqt,-3.35,completed,vina_screening_full/poses/CHEMBL1083659_out.pdbqt,vina_screening_full/logs/CHEMBL1083659.log,979
CHEMBL1511,ESTRADIOL VALERATE,Small molecule,4.0,1982.0,0,CCCCC(=O)O[C@H]1CC[C@H]2[C@@H]3CCc4cc(O)ccc4[C@H]3CC[C@]12C,"InChI=1S/C23H32O3/c1-3-4-5-22(25)26-21-11-10-20-19-8-6-15-14-16(24)7-9-17(15)18(19)12-13-23(20,21)2/h7,9,14,18-21,24H,3-6,8,10-13H2,1-2H3/t18-,19-,20+,21+,23+/m1/s1",RSEPBGGWRJCQGY-RBRWEJTLSA-N,356.51,356.51,5.35,46.53,1.0,3.0,1.0,1,CHEMBL1511,ESTRADIOL VALERATE,1,0.5509877622127533,True,False,True,1,False,C;O,,,False,False,26,4,False,0,0,356.5060000000001,46.53,5.350300000000006,1,3,4,False,,True,ligands_pdbqt/CHEMBL1511.pdbqt,-3.343,completed,vina_screening_full/poses/CHEMBL1511_out.pdbqt,vina_screening_full/logs/CHEMBL1511.log,980
CHEMBL539,ACETIC ACID,Small molecule,4.0,1982.0,0,CC(=O)O,"InChI=1S/C2H4O2/c1-2(3)4/h1H3,(H,3,4)",QTBSBXVTEAMEQO-UHFFFAOYSA-N,60.05,60.05,0.09,37.3,1.0,1.0,0.0,1,CHEMBL539,ACETIC ACID,1,0.9483079314231871,True,True,True,1,False,C;O,,,False,False,4,0,False,0,0,60.05200000000001,37.3,0.0908999999999999,1,1,0,False,,True,ligands_pdbqt/CHEMBL539.pdbqt,-3.341,completed,vina_screening_full/poses/CHEMBL539_out.pdbqt,vina_screening_full/logs/CHEMBL539.log,981
CHEMBL1078261,PROPIVERINE,Small molecule,4.0,,0,CCCOC(C(=O)OC1CCN(C)CC1)(c1ccccc1)c1ccccc1,"InChI=1S/C23H29NO3/c1-3-18-26-23(19-10-6-4-7-11-19,20-12-8-5-9-13-20)22(25)27-21-14-16-24(2)17-15-21/h4-13,21H,3,14-18H2,1-2H3",QPCVHQBVMYCJOM-UHFFFAOYSA-N,367.49,367.49,3.99,38.77,0.0,4.0,0.0,1,CHEMBL1078261,PROPIVERINE,1,0.8819105386734009,True,True,True,1,False,C;N;O,,,False,False,27,7,False,0,0,367.489,38.77,3.994200000000003,0,4,3,False,,True,ligands_pdbqt/CHEMBL1078261.pdbqt,-3.322,completed,vina_screening_full/poses/CHEMBL1078261_out.pdbqt,vina_screening_full/logs/CHEMBL1078261.log,982
CHEMBL2111030,PROTHIPENDYL,Small molecule,4.0,,0,CN(C)CCCN1c2ccccc2Sc2cccnc21,"InChI=1S/C16H19N3S/c1-18(2)11-6-12-19-13-7-3-4-8-14(13)20-15-9-5-10-17-16(15)19/h3-5,7-10H,6,11-12H2,1-2H3",JTTAUPUMOLRVRA-UHFFFAOYSA-N,285.42,285.42,3.64,19.37,0.0,4.0,0.0,2,CHEMBL2107124;CHEMBL2111030,PROTHIPENDYL;PROTHIPENDYL HYDROCHLORIDE,1,0.9980005741119384,True,True,True,1,False,C;N;S,,,False,False,20,4,False,0,0,285.41600000000005,19.37,3.636000000000003,0,4,3,False,,True,ligands_pdbqt/CHEMBL2111030.pdbqt,-3.307,completed,vina_screening_full/poses/CHEMBL2111030_out.pdbqt,vina_screening_full/logs/CHEMBL2111030.log,983
CHEMBL1214124,PERAMPANEL,Small molecule,4.0,2012.0,0,N#Cc1ccccc1-c1cc(-c2ccccn2)cn(-c2ccccc2)c1=O,"InChI=1S/C23H15N3O/c24-15-17-8-4-5-11-20(17)21-14-18(22-12-6-7-13-25-22)16-26(23(21)27)19-9-2-1-3-10-19/h1-14,16H",PRMWGUBFXWROHD-UHFFFAOYSA-N,349.39,349.39,4.44,58.68,0.0,4.0,0.0,1,CHEMBL1214124,PERAMPANEL,1,0.796098256111145,True,False,True,1,False,C;N;O,,,False,False,27,3,False,0,0,349.3930000000001,58.68,4.4381800000000045,0,3,4,False,,True,ligands_pdbqt/CHEMBL1214124.pdbqt,-3.289,completed,vina_screening_full/poses/CHEMBL1214124_out.pdbqt,vina_screening_full/logs/CHEMBL1214124.log,984
CHEMBL3622821,UPADACITINIB,Small molecule,4.0,2019.0,0,CC[C@@H]1CN(C(=O)NCC(F)(F)F)C[C@@H]1c1cnc2cnc3[nH]ccc3n12,"InChI=1S/C17H19F3N6O/c1-2-10-7-25(16(27)24-9-17(18,19)20)8-11(10)13-5-22-14-6-23-15-12(26(13)14)3-4-21-15/h3-6,10-11,21H,2,7-9H2,1H3,(H,24,27)/t10-,11+/m1/s1",WYQFJHHDOKWSHR-MNOVXSKESA-N,380.37,380.37,2.91,78.32,2.0,4.0,0.0,2,CHEMBL3622821;CHEMBL5315119,UPADACITINIB;UPADACITINIB HEMIHYDRATE,1,0.9251955032348632,True,True,True,1,False,C;F;N;O,,,False,False,27,3,False,0,0,380.374,78.32,2.9079000000000006,2,3,4,False,,True,ligands_pdbqt/CHEMBL3622821.pdbqt,-3.279,completed,vina_screening_full/poses/CHEMBL3622821_out.pdbqt,vina_screening_full/logs/CHEMBL3622821.log,985
CHEMBL445,NORTRIPTYLINE,Small molecule,4.0,1964.0,0,CNCCC=C1c2ccccc2CCc2ccccc21,"InChI=1S/C19H21N/c1-20-14-6-11-19-17-9-4-2-7-15(17)12-13-16-8-3-5-10-18(16)19/h2-5,7-11,20H,6,12-14H2,1H3",PHVGLTMQBUFIQQ-UHFFFAOYSA-N,263.38,263.38,3.83,12.03,1.0,1.0,0.0,2,CHEMBL1201156;CHEMBL445,NORTRIPTYLINE;NORTRIPTYLINE HYDROCHLORIDE,1,0.9928779125213624,True,True,True,1,False,C;N,,,False,False,20,3,False,0,0,263.384,12.03,3.826400000000003,1,1,3,False,,True,ligands_pdbqt/CHEMBL445.pdbqt,-3.277,completed,vina_screening_full/poses/CHEMBL445_out.pdbqt,vina_screening_full/logs/CHEMBL445.log,986
CHEMBL184412,DRONEDARONE,Small molecule,4.0,2009.0,0,CCCCc1oc2ccc(NS(C)(=O)=O)cc2c1C(=O)c1ccc(OCCCN(CCCC)CCCC)cc1,"InChI=1S/C31H44N2O5S/c1-5-8-12-29-30(27-23-25(32-39(4,35)36)15-18-28(27)38-29)31(34)24-13-16-26(17-14-24)37-22-11-21-33(19-9-6-2)20-10-7-3/h13-18,23,32H,5-12,19-22H2,1-4H3",ZQTNQVWKHCQYLQ-UHFFFAOYSA-N,556.77,556.77,7.05,88.85,1.0,6.0,2.0,2,CHEMBL1201729;CHEMBL184412,DRONEDARONE;DRONEDARONE HYDROCHLORIDE,1,0.6824320077896118,True,False,True,1,False,C;N;O;S,,,False,False,39,18,False,0,0,556.7690000000005,88.85,7.049000000000008,1,6,3,False,,True,ligands_pdbqt/CHEMBL184412.pdbqt,-3.275,completed,vina_screening_full/poses/CHEMBL184412_out.pdbqt,vina_screening_full/logs/CHEMBL184412.log,987
CHEMBL1201325,HEXOCYCLIUM,Small molecule,4.0,1982.0,0,C[N+]1(C)CCN(CC(O)(c2ccccc2)C2CCCCC2)CC1,"InChI=1S/C20H33N2O/c1-22(2)15-13-21(14-16-22)17-20(23,18-9-5-3-6-10-18)19-11-7-4-8-12-19/h3,5-6,9-10,19,23H,4,7-8,11-17H2,1-2H3/q+1",ZRYHPQCHHOKSMD-UHFFFAOYSA-N,317.5,317.5,2.85,23.47,1.0,2.0,0.0,2,CHEMBL1201325;CHEMBL1626570,HEXOCYCLIUM;HEXOCYCLIUM METHYLSULFATE,1,0.7638535380363465,True,False,True,1,False,C;N;O,,,False,False,23,4,False,1,1,317.49700000000024,23.47,2.8465000000000007,1,2,3,False,,True,ligands_pdbqt/CHEMBL1201325.pdbqt,-3.261,completed,vina_screening_full/poses/CHEMBL1201325_out.pdbqt,vina_screening_full/logs/CHEMBL1201325.log,988
CHEMBL1201753,PITAVASTATIN,Small molecule,4.0,2009.0,0,O=C(O)C[C@H](O)C[C@H](O)/C=C/c1c(C2CC2)nc2ccccc2c1-c1ccc(F)cc1,"InChI=1S/C25H24FNO4/c26-17-9-7-15(8-10-17)24-20-3-1-2-4-22(20)27-25(16-5-6-16)21(24)12-11-18(28)13-19(29)14-23(30)31/h1-4,7-12,16,18-19,28-29H,5-6,13-14H2,(H,30,31)/b12-11+/t18-,19-/m1/s1",VGYFMXBACGZSIL-MCBHFWOFSA-N,421.47,421.47,4.52,90.65,3.0,4.0,0.0,4,CHEMBL1201753;CHEMBL1237061;CHEMBL3989920;CHEMBL3989923,PITAVASTATIN;PITAVASTATIN CALCIUM;PITAVASTATIN MAGNESIUM;PITAVASTATIN SODIUM,1,0.8325243592262268,True,True,True,1,False,C;F;N;O,,,False,False,31,8,False,0,0,421.4680000000001,90.65,4.518100000000003,3,4,4,False,,True,ligands_pdbqt/CHEMBL1201753.pdbqt,-3.243,completed,vina_screening_full/poses/CHEMBL1201753_out.pdbqt,vina_screening_full/logs/CHEMBL1201753.log,989
CHEMBL3353410,OSIMERTINIB,Small molecule,4.0,2015.0,0,C=CC(=O)Nc1cc(Nc2nccc(-c3cn(C)c4ccccc34)n2)c(OC)cc1N(C)CCN(C)C,"InChI=1S/C28H33N7O2/c1-7-27(36)30-22-16-23(26(37-6)17-25(22)34(4)15-14-33(2)3)32-28-29-13-12-21(31-28)20-18-35(5)24-11-9-8-10-19(20)24/h7-13,16-18H,1,14-15H2,2-6H3,(H,30,36)(H,29,31,32)",DUYJMQONPNNFPI-UHFFFAOYSA-N,499.62,499.62,4.51,87.55,2.0,8.0,0.0,2,CHEMBL3353410;CHEMBL3545063,OSIMERTINIB;OSIMERTINIB MESYLATE,1,0.7369568705558777,True,False,True,1,False,C;N;O,,,False,False,37,10,False,0,0,499.6190000000003,87.55,4.509800000000003,2,7,4,False,,True,ligands_pdbqt/CHEMBL3353410.pdbqt,-3.238,completed,vina_screening_full/poses/CHEMBL3353410_out.pdbqt,vina_screening_full/logs/CHEMBL3353410.log,990
CHEMBL639,AZELASTINE,Small molecule,4.0,1996.0,0,CN1CCCC(n2nc(Cc3ccc(Cl)cc3)c3ccccc3c2=O)CC1,"InChI=1S/C22H24ClN3O/c1-25-13-4-5-18(12-14-25)26-22(27)20-7-3-2-6-19(20)21(24-26)15-16-8-10-17(23)11-9-16/h2-3,6-11,18H,4-5,12-15H2,1H3",MBUVEWMHONZEQD-UHFFFAOYSA-N,381.91,381.91,4.3,38.13,0.0,4.0,0.0,2,CHEMBL1200809;CHEMBL639,AZELASTINE;AZELASTINE HYDROCHLORIDE,1,0.9597736477851868,True,True,True,1,False,C;Cl;N;O,,,False,False,27,3,False,0,0,381.9070000000002,38.13,4.297500000000004,0,3,4,False,,True,ligands_pdbqt/CHEMBL639.pdbqt,-3.221,completed,vina_screening_full/poses/CHEMBL639_out.pdbqt,vina_screening_full/logs/CHEMBL639.log,991
CHEMBL4303214,FRUQUINTINIB,Small molecule,4.0,2023.0,0,CNC(=O)c1c(C)oc2cc(Oc3ncnc4cc(OC)c(OC)cc34)ccc12,"InChI=1S/C21H19N3O5/c1-11-19(20(25)22-2)13-6-5-12(7-16(13)28-11)29-21-14-8-17(26-3)18(27-4)9-15(14)23-10-24-21/h5-10H,1-4H3,(H,22,25)",BALLNEJQLSTPIO-UHFFFAOYSA-N,393.4,393.4,3.85,95.71,1.0,7.0,0.0,1,CHEMBL4303214,FRUQUINTINIB,1,0.5192833364009857,True,False,True,1,False,C;N;O,,,False,False,29,5,False,0,0,393.39900000000017,95.71,3.853520000000003,1,7,4,False,,True,ligands_pdbqt/CHEMBL4303214.pdbqt,-3.184,completed,vina_screening_full/poses/CHEMBL4303214_out.pdbqt,vina_screening_full/logs/CHEMBL4303214.log,992
CHEMBL1697737,CLOTIAZEPAM,Small molecule,4.0,,0,CCc1cc2c(s1)N(C)C(=O)CN=C2c1ccccc1Cl,"InChI=1S/C16H15ClN2OS/c1-3-10-8-12-15(11-6-4-5-7-13(11)17)18-9-14(20)19(2)16(12)21-10/h4-8H,3,9H2,1-2H3",CHBRHODLKOZEPZ-UHFFFAOYSA-N,318.83,318.83,3.78,32.67,0.0,3.0,0.0,1,CHEMBL1697737,CLOTIAZEPAM,1,0.9944763779640198,True,True,True,1,False,C;Cl;N;O;S,,,False,False,21,2,False,0,0,318.82899999999995,32.67,3.777700000000003,0,3,3,False,,True,ligands_pdbqt/CHEMBL1697737.pdbqt,-3.158,completed,vina_screening_full/poses/CHEMBL1697737_out.pdbqt,vina_screening_full/logs/CHEMBL1697737.log,993
CHEMBL4297592,AMENAMEVIR,Small molecule,4.0,2017.0,0,Cc1cccc(C)c1N(CC(=O)Nc1ccc(-c2ncon2)cc1)C(=O)C1CCS(=O)(=O)CC1,"InChI=1S/C24H26N4O5S/c1-16-4-3-5-17(2)22(16)28(24(30)19-10-12-34(31,32)13-11-19)14-21(29)26-20-8-6-18(7-9-20)23-25-15-33-27-23/h3-9,15,19H,10-14H2,1-2H3,(H,26,29)",MNHNIVNAFBSLLX-UHFFFAOYSA-N,482.56,482.56,3.15,122.47,1.0,7.0,0.0,1,CHEMBL4297592,AMENAMEVIR,1,0.5712749361991882,True,False,True,1,False,C;N;O;S,,,False,False,34,6,False,0,0,482.5620000000003,122.47,3.1499400000000017,1,7,4,False,,True,ligands_pdbqt/CHEMBL4297592.pdbqt,-3.139,completed,vina_screening_full/poses/CHEMBL4297592_out.pdbqt,vina_screening_full/logs/CHEMBL4297592.log,994
CHEMBL671,THIOTEPA,Small molecule,4.0,1959.0,0,S=P(N1CC1)(N1CC1)N1CC1,"InChI=1S/C6H12N3PS/c11-10(7-1-2-7,8-3-4-8)9-5-6-9/h1-6H2",FOCVUCIESVLUNU-UHFFFAOYSA-N,189.22,189.22,0.16,9.03,0.0,1.0,0.0,1,CHEMBL671,THIOTEPA,1,0.9724570870399476,True,True,True,1,False,C;N;P;S,,,False,False,11,3,False,0,0,189.224,9.03,0.1577000000000001,0,1,3,False,,True,ligands_pdbqt/CHEMBL671.pdbqt,-3.122,completed,vina_screening_full/poses/CHEMBL671_out.pdbqt,vina_screening_full/logs/CHEMBL671.log,995
CHEMBL3301612,ENCORAFENIB,Small molecule,4.0,2018.0,0,COC(=O)N[C@@H](C)CNc1nccc(-c2cn(C(C)C)nc2-c2cc(Cl)cc(NS(C)(=O)=O)c2F)n1,"InChI=1S/C22H27ClFN7O4S/c1-12(2)31-11-16(17-6-7-25-21(28-17)26-10-13(3)27-22(32)35-4)20(29-31)15-8-14(23)9-18(19(15)24)30-36(5,33)34/h6-9,11-13,30H,10H2,1-5H3,(H,27,32)(H,25,26,28)/t13-/m0/s1",CMJCXYNUCSMDBY-ZDUSSCGKSA-N,540.02,540.02,3.91,140.13,3.0,9.0,1.0,1,CHEMBL3301612,ENCORAFENIB,1,0.6541176557540893,True,False,True,1,False,C;Cl;F;N;O;S,,,False,False,36,9,False,0,0,540.0210000000002,140.13,3.908400000000002,3,8,3,False,,True,ligands_pdbqt/CHEMBL3301612.pdbqt,-3.121,completed,vina_screening_full/poses/CHEMBL3301612_out.pdbqt,vina_screening_full/logs/CHEMBL3301612.log,996
CHEMBL4298137,DURLOBACTAM,Small molecule,4.0,2023.0,0,CC1=C[C@@H]2CN(C(=O)N2OS(=O)(=O)O)[C@@H]1C(N)=O,"InChI=1S/C8H11N3O6S/c1-4-2-5-3-10(6(4)7(9)12)8(13)11(5)17-18(14,15)16/h2,5-6H,3H2,1H3,(H2,9,12)(H,14,15,16)/t5-,6+/m1/s1",BISPBXFUKNXOQY-RITPCOANSA-N,277.26,277.26,-1.36,130.24,2.0,5.0,0.0,2,CHEMBL4297378;CHEMBL4298137,DURLOBACTAM;DURLOBACTAM SODIUM,1,0.921266543865204,True,True,True,1,False,C;N;O;S,,,False,False,18,3,False,0,0,277.25800000000004,130.24,-1.3591999999999989,2,5,2,False,,True,ligands_pdbqt/CHEMBL4298137.pdbqt,-3.119,completed,vina_screening_full/poses/CHEMBL4298137_out.pdbqt,vina_screening_full/logs/CHEMBL4298137.log,997
CHEMBL781,MAZINDOL,Small molecule,4.0,1973.0,0,OC1(c2ccc(Cl)cc2)c2ccccc2C2=NCCN21,"InChI=1S/C16H13ClN2O/c17-12-7-5-11(6-8-12)16(20)14-4-2-1-3-13(14)15-18-9-10-19(15)16/h1-8,20H,9-10H2",ZPXSCAKFGYXMGA-UHFFFAOYSA-N,284.75,284.75,2.61,35.83,1.0,3.0,0.0,1,CHEMBL781,MAZINDOL,1,0.9273271203041076,True,True,True,1,False,C;Cl;N;O,,,False,False,20,1,False,0,0,284.74600000000004,35.830000000000005,2.6092000000000004,1,3,4,False,,True,ligands_pdbqt/CHEMBL781.pdbqt,-3.117,completed,vina_screening_full/poses/CHEMBL781_out.pdbqt,vina_screening_full/logs/CHEMBL781.log,998
CHEMBL834,PAMIDRONIC ACID,Small molecule,4.0,1991.0,0,NCCC(O)(P(=O)(O)O)P(=O)(O)O,"InChI=1S/C3H11NO7P2/c4-2-1-3(5,12(6,7)8)13(9,10)11/h5H,1-2,4H2,(H2,6,7,8)(H2,9,10,11)",WRUUGTRCQOWXEG-UHFFFAOYSA-N,235.07,235.07,-1.66,161.31,6.0,4.0,1.0,2,CHEMBL3989401;CHEMBL834,PAMIDRONATE DISODIUM;PAMIDRONIC ACID,1,0.5880211234092713,True,False,True,1,False,C;N;O;P,,,False,False,13,4,False,0,0,235.069,161.30999999999997,-1.6633000000000002,6,4,0,False,,True,ligands_pdbqt/CHEMBL834.pdbqt,-3.076,completed,vina_screening_full/poses/CHEMBL834_out.pdbqt,vina_screening_full/logs/CHEMBL834.log,999
CHEMBL1096882,FLUDARABINE PHOSPHATE,Small molecule,4.0,1991.0,0,Nc1nc(F)nc2c1ncn2[C@@H]1O[C@H](COP(=O)(O)O)[C@@H](O)[C@@H]1O,"InChI=1S/C10H13FN5O7P/c11-10-14-7(12)4-8(15-10)16(2-13-4)9-6(18)5(17)3(23-9)1-22-24(19,20)21/h2-3,5-6,9,17-18H,1H2,(H2,12,14,15)(H2,19,20,21)/t3-,5-,6+,9-/m1/s1",GIUYCYHIANZCFB-FJFJXFQQSA-N,365.21,365.21,-1.72,186.07,5.0,10.0,0.0,1,CHEMBL1096882,FLUDARABINE PHOSPHATE,1,0.8606428265571594,True,True,True,1,False,C;F;N;O;P,,,False,False,24,4,False,0,0,365.21400000000006,186.07,-1.7239000000000009,5,9,3,False,,True,ligands_pdbqt/CHEMBL1096882.pdbqt,-3.059,completed,vina_screening_full/poses/CHEMBL1096882_out.pdbqt,vina_screening_full/logs/CHEMBL1096882.log,1000
CHEMBL40,PHENOBARBITAL,Small molecule,4.0,2022.0,1,CCC1(c2ccccc2)C(=O)NC(=O)NC1=O,"InChI=1S/C12H12N2O3/c1-2-12(8-6-4-3-5-7-8)9(15)13-11(17)14-10(12)16/h3-7H,2H2,1H3,(H2,13,14,15,16,17)",DDBREPKUVSBGFI-UHFFFAOYSA-N,232.24,232.24,0.7,75.27,2.0,3.0,0.0,2,CHEMBL149972;CHEMBL40,PHENOBARBITAL;PHENOBARBITAL SODIUM,1,0.9936942458152772,True,True,True,1,False,C;N;O,,,False,False,17,2,False,0,0,232.23899999999995,75.27000000000001,0.7004,2,3,2,False,,True,ligands_pdbqt/CHEMBL40.pdbqt,-3.051,completed,vina_screening_full/poses/CHEMBL40_out.pdbqt,vina_screening_full/logs/CHEMBL40.log,1001
CHEMBL1040,CALCIFEDIOL ANHYDROUS,Small molecule,4.0,1980.0,0,C=C1CC[C@H](O)C/C1=C/C=C1\CCC[C@]2(C)[C@@H]([C@H](C)CCCC(C)(C)O)CC[C@@H]12,"InChI=1S/C27H44O2/c1-19-10-13-23(28)18-22(19)12-11-21-9-7-17-27(5)24(14-15-25(21)27)20(2)8-6-16-26(3,4)29/h11-12,20,23-25,28-29H,1,6-10,13-18H2,2-5H3/b21-11+,22-12-/t20-,23+,24-,25+,27-/m1/s1",JWUBBDSIWDLEOM-DTOXIADCSA-N,400.65,400.65,6.73,40.46,2.0,2.0,1.0,2,CHEMBL1040;CHEMBL3544909,CALCIFEDIOL;CALCIFEDIOL ANHYDROUS,1,0.804438316822052,True,True,True,1,False,C;O,,,False,False,29,6,False,0,0,400.6470000000002,40.46,6.733900000000008,2,2,3,False,,True,ligands_pdbqt/CHEMBL1040.pdbqt,-3.031,completed,vina_screening_full/poses/CHEMBL1040_out.pdbqt,vina_screening_full/logs/CHEMBL1040.log,1002
CHEMBL1399,ANASTROZOLE,Small molecule,4.0,1995.0,0,CC(C)(C#N)c1cc(Cn2cncn2)cc(C(C)(C)C#N)c1,"InChI=1S/C17H19N5/c1-16(2,9-18)14-5-13(8-22-12-20-11-21-22)6-15(7-14)17(3,4)10-19/h5-7,11-12H,8H2,1-4H3",YBBLVLTVTVSKRW-UHFFFAOYSA-N,293.37,293.37,2.93,78.29,0.0,5.0,0.0,1,CHEMBL1399,ANASTROZOLE,1,0.6777051687240601,True,False,True,1,False,C;N,,,False,False,22,4,False,0,0,293.374,78.28999999999999,2.9287600000000014,0,4,2,False,,True,ligands_pdbqt/CHEMBL1399.pdbqt,-3.026,completed,vina_screening_full/poses/CHEMBL1399_out.pdbqt,vina_screening_full/logs/CHEMBL1399.log,1003
CHEMBL3701238,FUTIBATINIB,Small molecule,4.0,2022.0,0,C=CC(=O)N1CC[C@H](n2nc(C#Cc3cc(OC)cc(OC)c3)c3c(N)ncnc32)C1,"InChI=1S/C22H22N6O3/c1-4-19(29)27-8-7-15(12-27)28-22-20(21(23)24-13-25-22)18(26-28)6-5-14-9-16(30-2)11-17(10-14)31-3/h4,9-11,13,15H,1,7-8,12H2,2-3H3,(H2,23,24,25)/t15-/m0/s1",KEIPNCCJPRMIAX-HNNXBMFYSA-N,418.46,418.46,1.78,108.39,1.0,8.0,0.0,1,CHEMBL3701238,FUTIBATINIB,1,0.7734099626541138,True,False,True,1,False,C;N;O,,,False,False,31,4,False,0,0,418.4570000000002,108.39,1.7849,1,7,4,False,,True,ligands_pdbqt/CHEMBL3701238.pdbqt,-3.024,completed,vina_screening_full/poses/CHEMBL3701238_out.pdbqt,vina_screening_full/logs/CHEMBL3701238.log,1004
CHEMBL268164,CYCLOBARBITAL,Small molecule,4.0,,1,CCC1(C2=CCCCC2)C(=O)NC(=O)NC1=O,"InChI=1S/C12H16N2O3/c1-2-12(8-6-4-3-5-7-8)9(15)13-11(17)14-10(12)16/h6H,2-5,7H2,1H3,(H2,13,14,15,16,17)",WTYGAUXICFETTC-UHFFFAOYSA-N,236.27,236.27,1.25,75.27,2.0,3.0,0.0,2,CHEMBL2106556;CHEMBL268164,CYCLOBARBITAL;CYCLOBARBITAL CALCIUM,1,0.9924771428108216,True,True,True,1,False,C;N;O,,,False,False,17,2,False,0,0,236.271,75.27000000000001,1.2491999999999996,2,3,2,False,,True,ligands_pdbqt/CHEMBL268164.pdbqt,-3.018,completed,vina_screening_full/poses/CHEMBL268164_out.pdbqt,vina_screening_full/logs/CHEMBL268164.log,1005
CHEMBL1614701,SELUMETINIB,Small molecule,4.0,2020.0,0,Cn1cnc2c(F)c(Nc3ccc(Br)cc3Cl)c(C(=O)NOCCO)cc21,"InChI=1S/C17H15BrClFN4O3/c1-24-8-21-16-13(24)7-10(17(26)23-27-5-4-25)15(14(16)20)22-12-3-2-9(18)6-11(12)19/h2-3,6-8,22,25H,4-5H2,1H3,(H,23,26)",CYOHGALHFOKKQC-UHFFFAOYSA-N,457.69,457.69,3.53,88.41,3.0,6.0,0.0,2,CHEMBL1614701;CHEMBL2105684,SELUMETINIB;SELUMETINIB SULFATE,1,0.716282045841217,True,False,True,1,False,Br;C;Cl;F;N;O,,,False,False,27,6,False,0,0,457.6870000000002,88.41000000000001,3.5256000000000016,3,5,3,False,,True,ligands_pdbqt/CHEMBL1614701.pdbqt,-3.011,completed,vina_screening_full/poses/CHEMBL1614701_out.pdbqt,vina_screening_full/logs/CHEMBL1614701.log,1006
CHEMBL2010601,IVACAFTOR,Small molecule,4.0,2012.0,0,CC(C)(C)c1cc(C(C)(C)C)c(NC(=O)c2c[nH]c3ccccc3c2=O)cc1O,"InChI=1S/C24H28N2O3/c1-23(2,3)16-11-17(24(4,5)6)20(27)12-19(16)26-22(29)15-13-25-18-10-8-7-9-14(18)21(15)28/h7-13,27H,1-6H3,(H,25,28)(H,26,29)",PURKAOJPTOLRMP-UHFFFAOYSA-N,392.5,392.5,5.08,82.19,3.0,3.0,1.0,2,CHEMBL2010601;CHEMBL4297603,DEUTIVACAFTOR;IVACAFTOR,1,0.6491022884845734,True,False,True,1,False,C;N;O,,,False,False,29,2,False,0,0,392.49900000000014,82.19,5.081000000000005,3,3,3,False,,True,ligands_pdbqt/CHEMBL2010601.pdbqt,-3.006,completed,vina_screening_full/poses/CHEMBL2010601_out.pdbqt,vina_screening_full/logs/CHEMBL2010601.log,1007
CHEMBL504,DIMETHYL SULFOXIDE,Small molecule,4.0,1978.0,0,C[S+](C)[O-],InChI=1S/C2H6OS/c1-4(2)3/h1-2H3,IAZDPXIOMUYVGZ-UHFFFAOYSA-N,78.14,78.14,-0.01,23.06,0.0,1.0,0.0,1,CHEMBL504,DIMETHYL SULFOXIDE,1,0.8502837657928467,True,True,True,1,False,C;O;S,,,False,False,4,0,False,0,0,78.136,23.06,-0.0052999999999999,0,1,0,False,,True,ligands_pdbqt/CHEMBL504.pdbqt,-3.005,completed,vina_screening_full/poses/CHEMBL504_out.pdbqt,vina_screening_full/logs/CHEMBL504.log,1008
CHEMBL385517,SAXAGLIPTIN ANHYDROUS,Small molecule,4.0,2009.0,0,N#C[C@@H]1C[C@@H]2C[C@@H]2N1C(=O)[C@@H](N)C12CC3CC(CC(O)(C3)C1)C2,"InChI=1S/C18H25N3O2/c19-8-13-2-12-3-14(12)21(13)16(22)15(20)17-4-10-1-11(5-17)7-18(23,6-10)9-17/h10-15,23H,1-7,9,20H2/t10?,11?,12-,13+,14+,15-,17?,18?/m1/s1",QGJUIPDUBHWZPV-SGTAVMJGSA-N,315.42,315.42,1.16,90.35,2.0,4.0,0.0,2,CHEMBL1201743;CHEMBL385517,SAXAGLIPTIN ANHYDROUS;SAXAGLIPTIN HYDROCHLORIDE,1,0.9023672580718994,True,True,True,1,False,C;N;O,,,False,False,23,2,False,0,0,315.4170000000001,90.35,1.157979999999999,2,4,6,False,,True,ligands_pdbqt/CHEMBL385517.pdbqt,-2.985,completed,vina_screening_full/poses/CHEMBL385517_out.pdbqt,vina_screening_full/logs/CHEMBL385517.log,1009
CHEMBL494753,ESTRONE SULFURIC ACID,Small molecule,4.0,1977.0,0,C[C@]12CC[C@@H]3c4ccc(OS(=O)(=O)O)cc4CC[C@H]3[C@@H]1CCC2=O,"InChI=1S/C18H22O5S/c1-18-9-8-14-13-5-3-12(23-24(20,21)22)10-11(13)2-4-15(14)16(18)6-7-17(18)19/h3,5,10,14-16H,2,4,6-9H2,1H3,(H,20,21,22)/t14-,15-,16+,18+/m1/s1",JKKFKPJIXZFSSB-CBZIJGRNSA-N,350.44,350.44,3.29,80.67,1.0,4.0,0.0,2,CHEMBL1200980;CHEMBL494753,ESTRONE SULFURIC ACID;ESTROPIPATE,1,0.5695679545402527,True,False,True,1,False,C;O;S,,,False,False,24,2,False,0,0,350.4360000000001,80.67000000000002,3.293400000000002,1,4,4,False,,True,ligands_pdbqt/CHEMBL494753.pdbqt,-2.976,completed,vina_screening_full/poses/CHEMBL494753_out.pdbqt,vina_screening_full/logs/CHEMBL494753.log,1010
CHEMBL651,METHADONE,Small molecule,4.0,1947.0,0,CCC(=O)C(CC(C)N(C)C)(c1ccccc1)c1ccccc1,"InChI=1S/C21H27NO/c1-5-20(23)21(16-17(2)22(3)4,18-12-8-6-9-13-18)19-14-10-7-11-15-19/h6-15,17H,5,16H2,1-4H3",USSIQXCVUWKGNF-UHFFFAOYSA-N,309.45,309.45,4.29,20.31,0.0,2.0,0.0,2,CHEMBL1200825;CHEMBL651,METHADONE;METHADONE HYDROCHLORIDE,1,0.9184444785118104,True,True,True,1,False,C;N;O,,,False,False,23,7,False,0,0,309.45300000000003,20.31,4.292000000000004,0,2,2,False,,True,ligands_pdbqt/CHEMBL651.pdbqt,-2.971,completed,vina_screening_full/poses/CHEMBL651_out.pdbqt,vina_screening_full/logs/CHEMBL651.log,1011
CHEMBL602,CYSTEAMINE,Small molecule,4.0,1994.0,0,NCCS,"InChI=1S/C2H7NS/c3-1-2-4/h4H,1-3H2",UFULAYFCSOUIOV-UHFFFAOYSA-N,77.15,77.15,-0.13,26.02,2.0,2.0,0.0,3,CHEMBL1200577;CHEMBL1256137;CHEMBL602,CYSTEAMINE;CYSTEAMINE BITARTRATE;CYSTEAMINE HYDROCHLORIDE,1,0.6747874617576599,True,False,True,1,False,C;N;S,,,False,False,4,1,False,0,0,77.15199999999999,26.02,-0.1250999999999998,2,2,0,False,,True,ligands_pdbqt/CHEMBL602.pdbqt,-2.969,completed,vina_screening_full/poses/CHEMBL602_out.pdbqt,vina_screening_full/logs/CHEMBL602.log,1012
CHEMBL3833319,REVEFENACIN,Small molecule,4.0,2018.0,0,CN(CCN1CCC(OC(=O)Nc2ccccc2-c2ccccc2)CC1)C(=O)c1ccc(CN2CCC(C(N)=O)CC2)cc1,"InChI=1S/C35H43N5O4/c1-38(34(42)29-13-11-26(12-14-29)25-40-19-15-28(16-20-40)33(36)41)23-24-39-21-17-30(18-22-39)44-35(43)37-32-10-6-5-9-31(32)27-7-3-2-4-8-27/h2-14,28,30H,15-25H2,1H3,(H2,36,41)(H,37,43)",FYDWDCIFZSGNBU-UHFFFAOYSA-N,597.76,597.76,4.84,108.21,2.0,6.0,1.0,1,CHEMBL3833319,REVEFENACIN,1,0.7747270226478576,True,False,True,1,False,C;N;O,,,False,False,44,10,False,0,0,597.7600000000002,108.21,4.836000000000004,2,6,5,False,,True,ligands_pdbqt/CHEMBL3833319.pdbqt,-2.966,completed,vina_screening_full/poses/CHEMBL3833319_out.pdbqt,vina_screening_full/logs/CHEMBL3833319.log,1013
CHEMBL2105695,TELOTRISTAT ETHYL,Small molecule,4.0,2017.0,0,CCOC(=O)[C@@H](N)Cc1ccc(-c2cc(O[C@H](c3ccc(Cl)cc3-n3ccc(C)n3)C(F)(F)F)nc(N)n2)cc1,"InChI=1S/C27H26ClF3N6O3/c1-3-39-25(38)20(32)12-16-4-6-17(7-5-16)21-14-23(35-26(33)34-21)40-24(27(29,30)31)19-9-8-18(28)13-22(19)37-11-10-15(2)36-37/h4-11,13-14,20,24H,3,12,32H2,1-2H3,(H2,33,34,35)/t20-,24+/m0/s1",MDSQOJYHHZBZKA-GBXCKJPGSA-N,574.99,574.99,4.99,131.17,2.0,9.0,1.0,2,CHEMBL2105695;CHEMBL3348963,TELOTRISTAT ETHYL;TELOTRISTAT ETIPRATE,1,0.670109236240387,True,False,True,1,False,C;Cl;F;N;O,,,False,False,40,9,False,0,0,574.991,131.17,4.988620000000003,2,8,4,False,,True,ligands_pdbqt/CHEMBL2105695.pdbqt,-2.957,completed,vina_screening_full/poses/CHEMBL2105695_out.pdbqt,vina_screening_full/logs/CHEMBL2105695.log,1014
CHEMBL11,IMIPRAMINE,Small molecule,4.0,1959.0,0,CN(C)CCCN1c2ccccc2CCc2ccccc21,"InChI=1S/C19H24N2/c1-20(2)14-7-15-21-18-10-5-3-8-16(18)12-13-17-9-4-6-11-19(17)21/h3-6,8-11H,7,12-15H2,1-2H3",BCGWQEUPMDMJNV-UHFFFAOYSA-N,280.42,280.42,3.88,6.48,0.0,2.0,0.0,3,CHEMBL11;CHEMBL1692;CHEMBL3989845,IMIPRAMINE;IMIPRAMINE HYDROCHLORIDE;IMIPRAMINE PAMOATE,1,0.9982596158981324,True,True,True,1,False,C;N,,,False,False,21,4,False,0,0,280.415,6.48,3.875000000000002,0,2,3,False,,True,ligands_pdbqt/CHEMBL11.pdbqt,-2.92,completed,vina_screening_full/poses/CHEMBL11_out.pdbqt,vina_screening_full/logs/CHEMBL11.log,1015
CHEMBL1189679,PALONOSETRON,Small molecule,4.0,2003.0,0,O=C1c2cccc3c2[C@H](CCC3)CN1[C@@H]1CN2CCC1CC2,"InChI=1S/C19H24N2O/c22-19-16-6-2-4-14-3-1-5-15(18(14)16)11-21(19)17-12-20-9-7-13(17)8-10-20/h2,4,6,13,15,17H,1,3,5,7-12H2/t15-,17-/m1/s1",CPZBLNMUGSZIPR-NVXWUHKLSA-N,296.41,296.41,2.66,23.55,0.0,2.0,0.0,2,CHEMBL1189679;CHEMBL1720,PALONOSETRON;PALONOSETRON HYDROCHLORIDE,1,0.9952868342399596,True,True,True,1,False,C;N;O,,,False,False,22,1,False,0,0,296.414,23.550000000000004,2.656500000000001,0,2,6,False,,True,ligands_pdbqt/CHEMBL1189679.pdbqt,-2.913,completed,vina_screening_full/poses/CHEMBL1189679_out.pdbqt,vina_screening_full/logs/CHEMBL1189679.log,1016
CHEMBL1201342,METHIXENE,Small molecule,4.0,1982.0,0,CN1CCCC(CC2c3ccccc3Sc3ccccc32)C1,"InChI=1S/C20H23NS/c1-21-12-6-7-15(14-21)13-18-16-8-2-4-10-19(16)22-20-11-5-3-9-17(18)20/h2-5,8-11,15,18H,6-7,12-14H2,1H3",MJFJKKXQDNNUJF-UHFFFAOYSA-N,309.48,309.48,5.02,3.24,0.0,2.0,1.0,2,CHEMBL1200426;CHEMBL1201342,METHIXENE;METHIXENE HYDROCHLORIDE,1,0.9977222084999084,True,True,True,1,False,C;N;S,,,False,False,22,2,False,0,0,309.47800000000007,3.24,5.015000000000005,0,2,4,False,,True,ligands_pdbqt/CHEMBL1201342.pdbqt,-2.902,completed,vina_screening_full/poses/CHEMBL1201342_out.pdbqt,vina_screening_full/logs/CHEMBL1201342.log,1017
CHEMBL298470,TAFENOQUINE,Small molecule,4.0,2018.0,0,COc1cc(C)c2c(Oc3cccc(C(F)(F)F)c3)c(OC)cc(NC(C)CCCN)c2n1,"InChI=1S/C24H28F3N3O3/c1-14-11-20(32-4)30-22-18(29-15(2)7-6-10-28)13-19(31-3)23(21(14)22)33-17-9-5-8-16(12-17)24(25,26)27/h5,8-9,11-13,15,29H,6-7,10,28H2,1-4H3",LBHLFPGPEGDCJG-UHFFFAOYSA-N,463.5,463.5,5.91,78.63,2.0,6.0,1.0,2,CHEMBL2364635;CHEMBL298470,TAFENOQUINE;TAFENOQUINE SUCCINATE,1,0.8191094517707824,True,True,True,1,False,C;F;N;O,,,False,False,33,9,False,0,0,463.5000000000003,78.63,5.910820000000005,2,6,3,False,,True,ligands_pdbqt/CHEMBL298470.pdbqt,-2.893,completed,vina_screening_full/poses/CHEMBL298470_out.pdbqt,vina_screening_full/logs/CHEMBL298470.log,1018
CHEMBL1201764,FESOTERODINE,Small molecule,4.0,2007.0,0,CC(C)C(=O)Oc1ccc(CO)cc1[C@H](CCN(C(C)C)C(C)C)c1ccccc1,"InChI=1S/C26H37NO3/c1-18(2)26(29)30-25-13-12-21(17-28)16-24(25)23(22-10-8-7-9-11-22)14-15-27(19(3)4)20(5)6/h7-13,16,18-20,23,28H,14-15,17H2,1-6H3/t23-/m1/s1",DCCSDBARQIPTGU-HSZRJFAPSA-N,411.59,411.59,5.38,49.77,1.0,4.0,1.0,2,CHEMBL1201764;CHEMBL1201765,FESOTERODINE;FESOTERODINE FUMARATE,1,0.5225296705961228,True,False,True,1,False,C;N;O,,,False,False,30,10,False,0,0,411.58600000000007,49.77,5.381100000000005,1,4,2,False,,True,ligands_pdbqt/CHEMBL1201764.pdbqt,-2.877,completed,vina_screening_full/poses/CHEMBL1201764_out.pdbqt,vina_screening_full/logs/CHEMBL1201764.log,1019
CHEMBL1042,CHOLECALCIFEROL,Small molecule,4.0,1999.0,0,C=C1CC[C@H](O)C/C1=C/C=C1\CCC[C@]2(C)[C@@H]([C@H](C)CCCC(C)C)CC[C@@H]12,"InChI=1S/C27H44O/c1-19(2)8-6-9-21(4)25-15-16-26-22(10-7-17-27(25,26)5)12-13-23-18-24(28)14-11-20(23)3/h12-13,19,21,24-26,28H,3,6-11,14-18H2,1-2,4-5H3/b22-12+,23-13-/t21-,24+,25-,26+,27-/m1/s1",QYSXJUFSXHHAJI-YRZJJWOYSA-N,384.65,384.65,7.62,20.23,1.0,1.0,1.0,1,CHEMBL1042,CHOLECALCIFEROL,1,0.8389203548431396,True,True,True,1,False,C;O,,,False,False,28,6,False,0,0,384.6480000000002,20.23,7.619000000000008,1,1,3,False,,True,ligands_pdbqt/CHEMBL1042.pdbqt,-2.853,completed,vina_screening_full/poses/CHEMBL1042_out.pdbqt,vina_screening_full/logs/CHEMBL1042.log,1020
CHEMBL15770,SULINDAC,Small molecule,4.0,1978.0,0,CC1=C(CC(=O)O)c2cc(F)ccc2/C1=C\c1ccc([S+](C)[O-])cc1,"InChI=1S/C20H17FO3S/c1-12-17(9-13-3-6-15(7-4-13)25(2)24)16-8-5-14(21)10-19(16)18(12)11-20(22)23/h3-10H,11H2,1-2H3,(H,22,23)/b17-9-",MLKXDPUZXIRXEP-MFOYZWKCSA-N,356.42,356.42,4.37,60.36,1.0,2.0,0.0,1,CHEMBL15770,SULINDAC,1,0.688789677619934,True,False,True,1,False,C;F;O;S,,,False,False,25,4,False,0,0,356.41800000000006,60.36,4.365500000000003,1,2,3,False,,True,ligands_pdbqt/CHEMBL15770.pdbqt,-2.851,completed,vina_screening_full/poses/CHEMBL15770_out.pdbqt,vina_screening_full/logs/CHEMBL15770.log,1021
CHEMBL15891,LINDANE,Small molecule,4.0,1974.0,1,Cl[C@H]1[C@H](Cl)[C@@H](Cl)[C@@H](Cl)[C@H](Cl)[C@H]1Cl,"InChI=1S/C6H6Cl6/c7-1-2(8)4(10)6(12)5(11)3(1)9/h1-6H/t1-,2-,3-,4+,5+,6+",JLYXXMFPNIAWKQ-GNIYUCBRSA-N,290.83,290.83,3.64,0.0,0.0,0.0,0.0,1,CHEMBL15891,LINDANE,1,0.993705403804779,True,True,True,1,False,C;Cl,,,False,False,12,0,False,0,0,290.832,0.0,3.644400000000001,0,0,1,False,,True,ligands_pdbqt/CHEMBL15891.pdbqt,-2.85,completed,vina_screening_full/poses/CHEMBL15891_out.pdbqt,vina_screening_full/logs/CHEMBL15891.log,1022
CHEMBL856,PRIMIDONE,Small molecule,4.0,1954.0,0,CCC1(c2ccccc2)C(=O)NCNC1=O,"InChI=1S/C12H14N2O2/c1-2-12(9-6-4-3-5-7-9)10(15)13-8-14-11(12)16/h3-7H,2,8H2,1H3,(H,13,15)(H,14,16)",DQMZLTXERSFNPB-UHFFFAOYSA-N,218.26,218.26,0.54,58.2,2.0,2.0,0.0,1,CHEMBL856,PRIMIDONE,1,0.9590764522552492,True,True,True,1,False,C;N;O,,,False,False,16,2,False,0,0,218.256,58.2,0.5378999999999999,2,2,2,False,,True,ligands_pdbqt/CHEMBL856.pdbqt,-2.838,completed,vina_screening_full/poses/CHEMBL856_out.pdbqt,vina_screening_full/logs/CHEMBL856.log,1023
CHEMBL2311071,VINYL CHLORIDE,Small molecule,4.0,,1,C=CCl,"InChI=1S/C2H3Cl/c1-2-3/h2H,1H2",BZHJMEDXRYGGRV-UHFFFAOYSA-N,62.5,62.5,1.37,0.0,0.0,0.0,0.0,1,CHEMBL2311071,VINYL CHLORIDE,1,0.9989688873291016,True,True,True,1,False,C;Cl,,,False,False,3,0,False,0,0,62.499,0.0,1.3687,0,0,0,False,,True,ligands_pdbqt/CHEMBL2311071.pdbqt,-2.83,completed,vina_screening_full/poses/CHEMBL2311071_out.pdbqt,vina_screening_full/logs/CHEMBL2311071.log,1024
CHEMBL13376,CLOMETACIN,Small molecule,4.0,,1,COc1ccc2c(C(=O)c3ccc(Cl)cc3)c(C)n(CC(=O)O)c2c1,"InChI=1S/C19H16ClNO4/c1-11-18(19(24)12-3-5-13(20)6-4-12)15-8-7-14(25-2)9-16(15)21(11)10-17(22)23/h3-9H,10H2,1-2H3,(H,22,23)",DGMZLCLHHVYDIS-UHFFFAOYSA-N,357.79,357.79,3.93,68.53,1.0,4.0,0.0,1,CHEMBL13376,CLOMETACIN,1,0.5429949104785919,True,False,True,1,False,C;Cl;N;O,,,False,False,25,5,False,0,0,357.7930000000001,68.53,3.9273200000000026,1,3,3,False,,True,ligands_pdbqt/CHEMBL13376.pdbqt,-2.814,completed,vina_screening_full/poses/CHEMBL13376_out.pdbqt,vina_screening_full/logs/CHEMBL13376.log,1025
CHEMBL46058,ETHYL CHLORIDE,Small molecule,4.0,,0,CCCl,"InChI=1S/C2H5Cl/c1-2-3/h2H2,1H3",HRYZWHHZPQKTII-UHFFFAOYSA-N,64.52,64.52,1.25,0.0,0.0,0.0,0.0,1,CHEMBL46058,ETHYL CHLORIDE,1,0.9993820548057556,True,True,True,1,False,C;Cl,,,False,False,3,0,False,0,0,64.515,0.0,1.2451,0,0,0,False,,True,ligands_pdbqt/CHEMBL46058.pdbqt,-2.795,completed,vina_screening_full/poses/CHEMBL46058_out.pdbqt,vina_screening_full/logs/CHEMBL46058.log,1026
CHEMBL2105611,TACALCITOL,Small molecule,4.0,,0,C=C1/C(=C\C=C2/CCC[C@]3(C)[C@@H]([C@H](C)CC[C@@H](O)C(C)C)CC[C@@H]23)C[C@@H](O)C[C@@H]1O,"InChI=1S/C27H44O3/c1-17(2)25(29)13-8-18(3)23-11-12-24-20(7-6-14-27(23,24)5)9-10-21-15-22(28)16-26(30)19(21)4/h9-10,17-18,22-26,28-30H,4,6-8,11-16H2,1-3,5H3/b20-9+,21-10-/t18-,22-,23-,24+,25-,26+,27-/m1/s1",BJYLYJCXYAMOFT-RSFVBTMBSA-N,416.65,416.65,5.56,60.69,3.0,3.0,1.0,1,CHEMBL2105611,TACALCITOL,1,0.7010540008544922,True,False,True,1,False,C;O,,,False,False,30,6,False,0,0,416.6460000000002,60.69,5.560600000000006,3,3,3,False,,True,ligands_pdbqt/CHEMBL2105611.pdbqt,-2.793,completed,vina_screening_full/poses/CHEMBL2105611_out.pdbqt,vina_screening_full/logs/CHEMBL2105611.log,1027
CHEMBL1350,TILUDRONIC ACID,Small molecule,4.0,1997.0,0,O=P(O)(O)C(Sc1ccc(Cl)cc1)P(=O)(O)O,"InChI=1S/C7H9ClO6P2S/c8-5-1-3-6(4-2-5)17-7(15(9,10)11)16(12,13)14/h1-4,7H,(H2,9,10,11)(H2,12,13,14)",DKJJVAGXPKPDRL-UHFFFAOYSA-N,318.61,318.61,2.07,115.06,4.0,3.0,0.0,2,CHEMBL1200448;CHEMBL1350,TILUDRONATE DISODIUM;TILUDRONIC ACID,1,0.740628695487976,True,False,True,1,False,C;Cl;O;P;S,,,False,False,17,4,False,0,0,318.61100000000005,115.06,2.0711000000000013,4,3,1,False,,True,ligands_pdbqt/CHEMBL1350.pdbqt,-2.738,completed,vina_screening_full/poses/CHEMBL1350_out.pdbqt,vina_screening_full/logs/CHEMBL1350.log,1028
CHEMBL2336071,SIPONIMOD,Small molecule,4.0,2019.0,0,CCc1cc(/C(C)=N/OCc2ccc(C3CCCCC3)c(C(F)(F)F)c2)ccc1CN1CC(C(=O)O)C1,"InChI=1S/C29H35F3N2O3/c1-3-21-14-23(10-11-24(21)15-34-16-25(17-34)28(35)36)19(2)33-37-18-20-9-12-26(22-7-5-4-6-8-22)27(13-20)29(30,31)32/h9-14,22,25H,3-8,15-18H2,1-2H3,(H,35,36)/b33-19+",KIHYPELVXPAIDH-HNSNBQBZSA-N,516.6,516.6,6.77,62.13,1.0,4.0,2.0,2,CHEMBL2336071;CHEMBL4298150,SIPONIMOD;SIPONIMOD FUMARIC ACID,1,0.7703716874122619,True,False,True,1,False,C;F;N;O,,,False,False,37,9,False,0,0,516.6040000000002,62.13,6.772700000000008,1,4,4,False,,True,ligands_pdbqt/CHEMBL2336071.pdbqt,-2.72,completed,vina_screening_full/poses/CHEMBL2336071_out.pdbqt,vina_screening_full/logs/CHEMBL2336071.log,1029
CHEMBL545,ALCOHOL,Small molecule,4.0,1982.0,0,CCO,"InChI=1S/C2H6O/c1-2-3/h3H,2H2,1H3",LFQSCWFLJHTTHZ-UHFFFAOYSA-N,46.07,46.07,0.0,20.23,1.0,1.0,0.0,1,CHEMBL545,ALCOHOL,1,0.9718312621116638,True,True,True,1,False,C;O,,,False,False,3,0,False,0,0,46.069,20.23,-0.0014,1,1,0,False,,True,ligands_pdbqt/CHEMBL545.pdbqt,-2.717,completed,vina_screening_full/poses/CHEMBL545_out.pdbqt,vina_screening_full/logs/CHEMBL545.log,1030
CHEMBL13280,FLUNITRAZEPAM,Small molecule,4.0,,1,CN1C(=O)CN=C(c2ccccc2F)c2cc([N+](=O)[O-])ccc21,"InChI=1S/C16H12FN3O3/c1-19-14-7-6-10(20(22)23)8-12(14)16(18-9-15(19)21)11-4-2-3-5-13(11)17/h2-8H,9H2,1H3",PPTYJKAXVCCBDU-UHFFFAOYSA-N,313.29,313.29,2.55,75.81,0.0,4.0,0.0,1,CHEMBL13280,FLUNITRAZEPAM,1,0.9974835157394408,True,True,True,1,False,C;F;N;O,,,False,False,23,2,False,0,0,313.28800000000007,75.81,2.5477000000000007,0,4,3,False,,True,ligands_pdbqt/CHEMBL13280.pdbqt,-2.671,completed,vina_screening_full/poses/CHEMBL13280_out.pdbqt,vina_screening_full/logs/CHEMBL13280.log,1031
CHEMBL3112741,RELEBACTAM ANHYDROUS,Small molecule,4.0,2019.0,0,O=C(NC1CCNCC1)[C@@H]1CC[C@@H]2CN1C(=O)N2OS(=O)(=O)O,"InChI=1S/C12H20N4O6S/c17-11(14-8-3-5-13-6-4-8)10-2-1-9-7-15(10)12(18)16(9)22-23(19,20)21/h8-10,13H,1-7H2,(H,14,17)(H,19,20,21)/t9-,10+/m1/s1",SMOBCLHAZXOKDQ-ZJUUUORDSA-N,348.38,348.38,-1.14,128.28,3.0,6.0,0.0,2,CHEMBL3112741;CHEMBL3301605,RELEBACTAM;RELEBACTAM ANHYDROUS,1,0.7226539015769958,True,False,True,1,False,C;N;O;S,,,False,False,23,4,False,0,0,348.3810000000001,128.28,-1.142399999999997,3,6,3,False,,True,ligands_pdbqt/CHEMBL3112741.pdbqt,-2.665,completed,vina_screening_full/poses/CHEMBL3112741_out.pdbqt,vina_screening_full/logs/CHEMBL3112741.log,1032
CHEMBL1200622,PARICALCITOL,Small molecule,4.0,1998.0,0,C[C@H](/C=C/[C@H](C)C(C)(C)O)[C@H]1CC[C@H]2/C(=C/C=C3C[C@@H](O)C[C@H](O)C3)CCC[C@]12C,"InChI=1S/C27H44O3/c1-18(8-9-19(2)26(3,4)30)24-12-13-25-21(7-6-14-27(24,25)5)11-10-20-15-22(28)17-23(29)16-20/h8-11,18-19,22-25,28-30H,6-7,12-17H2,1-5H3/b9-8+,21-11+/t18-,19+,22-,23-,24-,25+,27-/m1/s1",BPKAHTKRCLCHEA-UBFJEZKGSA-N,416.65,416.65,5.56,60.69,3.0,3.0,1.0,1,CHEMBL1200622,PARICALCITOL,1,0.7965063214302063,True,False,True,1,False,C;O,,,False,False,30,5,False,0,0,416.6460000000003,60.69,5.560600000000008,3,3,3,False,,True,ligands_pdbqt/CHEMBL1200622.pdbqt,-2.657,completed,vina_screening_full/poses/CHEMBL1200622_out.pdbqt,vina_screening_full/logs/CHEMBL1200622.log,1033
CHEMBL517,DISOPYRAMIDE,Small molecule,4.0,1977.0,0,CC(C)N(CCC(C(N)=O)(c1ccccc1)c1ccccn1)C(C)C,"InChI=1S/C21H29N3O/c1-16(2)24(17(3)4)15-13-21(20(22)25,18-10-6-5-7-11-18)19-12-8-9-14-23-19/h5-12,14,16-17H,13,15H2,1-4H3,(H2,22,25)",UVTNFZQICZKOEM-UHFFFAOYSA-N,339.48,339.48,3.36,59.22,1.0,3.0,0.0,2,CHEMBL1201020;CHEMBL517,DISOPYRAMIDE;DISOPYRAMIDE PHOSPHATE,1,0.9398556232452392,True,True,True,1,False,C;N;O,,,False,False,25,8,False,0,0,339.4830000000001,59.22,3.361900000000002,1,3,2,False,,True,ligands_pdbqt/CHEMBL517.pdbqt,-2.654,completed,vina_screening_full/poses/CHEMBL517_out.pdbqt,vina_screening_full/logs/CHEMBL517.log,1034
CHEMBL1496,ROSUVASTATIN,Small molecule,4.0,2003.0,0,CC(C)c1nc(N(C)S(C)(=O)=O)nc(-c2ccc(F)cc2)c1/C=C/[C@@H](O)C[C@@H](O)CC(=O)O,"InChI=1S/C22H28FN3O6S/c1-13(2)20-18(10-9-16(27)11-17(28)12-19(29)30)21(14-5-7-15(23)8-6-14)25-22(24-20)26(3)33(4,31)32/h5-10,13,16-17,27-28H,11-12H2,1-4H3,(H,29,30)/b10-9+/t16-,17-/m1/s1",BPRHUIZQVSMCRT-VEUZHWNKSA-N,481.55,481.55,2.4,140.92,3.0,7.0,0.0,2,CHEMBL1496;CHEMBL1744447,ROSUVASTATIN;ROSUVASTATIN CALCIUM,1,0.5153936505317688,True,False,True,1,False,C;F;N;O;S,,,False,False,33,10,False,0,0,481.5460000000002,140.92,2.4017,3,7,2,False,,True,ligands_pdbqt/CHEMBL1496.pdbqt,-2.648,completed,vina_screening_full/poses/CHEMBL1496_out.pdbqt,vina_screening_full/logs/CHEMBL1496.log,1035
CHEMBL1185568,DITHIAZANINE,Small molecule,4.0,,1,CCN1C(=CC=CC=Cc2sc3ccccc3[n+]2CC)Sc2ccccc21,"InChI=1S/C23H23N2S2/c1-3-24-18-12-8-10-14-20(18)26-22(24)16-6-5-7-17-23-25(4-2)19-13-9-11-15-21(19)27-23/h5-17H,3-4H2,1-2H3/q+1",FYXWDSGGZAMYFZ-UHFFFAOYSA-N,391.59,391.59,6.25,7.12,0.0,3.0,1.0,2,CHEMBL1185568;CHEMBL421701,DITHIAZANINE;DITHIAZANINE IODIDE,1,0.9473425149917604,True,True,True,1,False,C;N;S,,,False,False,27,5,False,1,1,391.5850000000001,7.12,6.251700000000006,0,3,4,False,,True,ligands_pdbqt/CHEMBL1185568.pdbqt,-2.645,completed,vina_screening_full/poses/CHEMBL1185568_out.pdbqt,vina_screening_full/logs/CHEMBL1185568.log,1036
CHEMBL521686,OLAPARIB,Small molecule,4.0,2014.0,0,O=C(c1cc(Cc2n[nH]c(=O)c3ccccc23)ccc1F)N1CCN(C(=O)C2CC2)CC1,"InChI=1S/C24H23FN4O3/c25-20-8-5-15(14-21-17-3-1-2-4-18(17)22(30)27-26-21)13-19(20)24(32)29-11-9-28(10-12-29)23(31)16-6-7-16/h1-5,8,13,16H,6-7,9-12,14H2,(H,27,30)",FDLYAMZZIXQODN-UHFFFAOYSA-N,434.47,434.47,2.35,86.37,1.0,4.0,0.0,1,CHEMBL521686,OLAPARIB,1,0.8114228963851928,True,True,True,1,False,C;F;N;O,,,False,False,32,4,False,0,0,434.47100000000034,86.37,2.3474000000000004,1,4,5,False,,True,ligands_pdbqt/CHEMBL521686.pdbqt,-2.64,completed,vina_screening_full/poses/CHEMBL521686_out.pdbqt,vina_screening_full/logs/CHEMBL521686.log,1037
CHEMBL119,TRIMETREXATE,Small molecule,4.0,1993.0,0,COc1cc(NCc2ccc3nc(N)nc(N)c3c2C)cc(OC)c1OC,"InChI=1S/C19H23N5O3/c1-10-11(5-6-13-16(10)18(20)24-19(21)23-13)9-22-12-7-14(25-2)17(27-4)15(8-12)26-3/h5-8,22H,9H2,1-4H3,(H4,20,21,23,24)",NOYPYLRCIDNJJB-UHFFFAOYSA-N,369.43,369.43,2.74,117.54,3.0,8.0,0.0,2,CHEMBL119;CHEMBL2218878,TRIMETREXATE;TRIMETREXATE GLUCURONATE,1,0.7000846028327942,True,False,True,1,False,C;N;O,,,False,False,27,6,False,0,0,369.4250000000001,117.54,2.740520000000001,3,8,3,False,,True,ligands_pdbqt/CHEMBL119.pdbqt,-2.64,completed,vina_screening_full/poses/CHEMBL119_out.pdbqt,vina_screening_full/logs/CHEMBL119.log,1038
CHEMBL1186610,ANISOTROPINE,Small molecule,4.0,1962.0,0,CCCC(CCC)C(=O)O[C@H]1C[C@H]2CC[C@@H](C1)[N+]2(C)C,"InChI=1S/C17H32NO2/c1-5-7-13(8-6-2)17(19)20-16-11-14-9-10-15(12-16)18(14,3)4/h13-16H,5-12H2,1-4H3/q+1/t14-,15+,16+",XGGHHHBGPSNXFE-ZSHCYNCHSA-N,282.45,282.45,3.52,26.3,0.0,2.0,0.0,2,CHEMBL1186610;CHEMBL1578,ANISOTROPINE;ANISOTROPINE METHYLBROMIDE,1,0.791988730430603,True,False,True,1,False,C;N;O,,,False,False,20,6,False,1,1,282.448,26.3,3.5158000000000023,0,2,2,False,,True,ligands_pdbqt/CHEMBL1186610.pdbqt,-2.638,completed,vina_screening_full/poses/CHEMBL1186610_out.pdbqt,vina_screening_full/logs/CHEMBL1186610.log,1039
CHEMBL28333,MEDAZEPAM,Small molecule,4.0,,0,CN1CCN=C(c2ccccc2)c2cc(Cl)ccc21,"InChI=1S/C16H15ClN2/c1-19-10-9-18-16(12-5-3-2-4-6-12)14-11-13(17)7-8-15(14)19/h2-8,11H,9-10H2,1H3",YLCXGBZIZBEVPZ-UHFFFAOYSA-N,270.76,270.76,3.63,15.6,0.0,2.0,0.0,1,CHEMBL28333,MEDAZEPAM,1,0.998781394958496,True,True,True,1,False,C;Cl;N,,,False,False,19,1,False,0,0,270.76300000000003,15.6,3.627200000000003,0,2,3,False,,True,ligands_pdbqt/CHEMBL28333.pdbqt,-2.622,completed,vina_screening_full/poses/CHEMBL28333_out.pdbqt,vina_screening_full/logs/CHEMBL28333.log,1040
CHEMBL1200959,METHDILAZINE,Small molecule,4.0,1982.0,0,CN1CCC(CN2c3ccccc3Sc3ccccc32)C1,"InChI=1S/C18H20N2S/c1-19-11-10-14(12-19)13-20-15-6-2-4-8-17(15)21-18-9-5-3-7-16(18)20/h2-9,14H,10-13H2,1H3",HTMIBDQKFHUPSX-UHFFFAOYSA-N,296.44,296.44,4.24,6.48,0.0,3.0,0.0,2,CHEMBL1200532;CHEMBL1200959,METHDILAZINE;METHDILAZINE HYDROCHLORIDE,1,0.998681890964508,True,True,True,1,False,C;N;S,,,False,False,21,2,False,0,0,296.4390000000001,6.48,4.241000000000003,0,3,4,False,,True,ligands_pdbqt/CHEMBL1200959.pdbqt,-2.613,completed,vina_screening_full/poses/CHEMBL1200959_out.pdbqt,vina_screening_full/logs/CHEMBL1200959.log,1041
CHEMBL1201203,BENZTROPINE,Small molecule,4.0,1954.0,0,CN1[C@@H]2CC[C@H]1C[C@@H](OC(c1ccccc1)c1ccccc1)C2,"InChI=1S/C21H25NO/c1-22-18-12-13-19(22)15-20(14-18)23-21(16-8-4-2-5-9-16)17-10-6-3-7-11-17/h2-11,18-21H,12-15H2,1H3/t18-,19+,20+",GIJXKZJWITVLHI-PMOLBWCYSA-N,307.44,307.44,4.42,12.47,0.0,2.0,0.0,2,CHEMBL1200383;CHEMBL1201203,BENZTROPINE;BENZTROPINE MESYLATE,1,0.980530071258545,True,True,True,1,False,C;N;O,,,False,False,23,4,False,0,0,307.43700000000007,12.47,4.417800000000004,0,2,4,False,,True,ligands_pdbqt/CHEMBL1201203.pdbqt,-2.608,completed,vina_screening_full/poses/CHEMBL1201203_out.pdbqt,vina_screening_full/logs/CHEMBL1201203.log,1042
CHEMBL923,RISEDRONIC ACID,Small molecule,4.0,1998.0,0,O=P(O)(O)C(O)(Cc1cccnc1)P(=O)(O)O,"InChI=1S/C7H11NO7P2/c9-7(16(10,11)12,17(13,14)15)4-6-2-1-3-8-5-6/h1-3,5,9H,4H2,(H2,10,11,12)(H2,13,14,15)",IIDJRNMFWXDHID-UHFFFAOYSA-N,283.11,283.11,-0.37,148.18,5.0,4.0,0.0,2,CHEMBL1654;CHEMBL923,RISEDRONATE SODIUM;RISEDRONIC ACID,1,0.5780672997236251,True,False,True,1,False,C;N;O;P,,,False,False,17,4,False,0,0,283.113,148.18,-0.3744000000000002,5,4,1,False,,True,ligands_pdbqt/CHEMBL923.pdbqt,-2.597,completed,vina_screening_full/poses/CHEMBL923_out.pdbqt,vina_screening_full/logs/CHEMBL923.log,1043
CHEMBL570,TRIFLUPROMAZINE,Small molecule,4.0,1957.0,0,CN(C)CCCN1c2ccccc2Sc2ccc(C(F)(F)F)cc21,"InChI=1S/C18H19F3N2S/c1-22(2)10-5-11-23-14-6-3-4-7-16(14)24-17-9-8-13(12-15(17)23)18(19,20)21/h3-4,6-9,12H,5,10-11H2,1-2H3",XSCGXQMFQXDFCW-UHFFFAOYSA-N,352.43,352.43,5.26,6.48,0.0,3.0,1.0,2,CHEMBL1201102;CHEMBL570,TRIFLUPROMAZINE;TRIFLUPROMAZINE HYDROCHLORIDE,1,0.9978034615516662,True,True,True,1,False,C;F;N;S,,,False,False,24,4,False,0,0,352.42500000000007,6.48,5.259800000000004,0,3,3,False,,True,ligands_pdbqt/CHEMBL570.pdbqt,-2.569,completed,vina_screening_full/poses/CHEMBL570_out.pdbqt,vina_screening_full/logs/CHEMBL570.log,1044
CHEMBL1237021,LURASIDONE,Small molecule,4.0,2010.0,0,O=C1[C@@H]2[C@H]3CC[C@H](C3)[C@@H]2C(=O)N1C[C@@H]1CCCC[C@H]1CN1CCN(c2nsc3ccccc23)CC1,"InChI=1S/C28H36N4O2S/c33-27-24-18-9-10-19(15-18)25(24)28(34)32(27)17-21-6-2-1-5-20(21)16-30-11-13-31(14-12-30)26-22-7-3-4-8-23(22)35-29-26/h3-4,7-8,18-21,24-25H,1-2,5-6,9-17H2/t18-,19+,20-,21-,24+,25-/m0/s1",PQXKDMSYBGKCJA-CVTJIBDQSA-N,492.69,492.69,4.26,56.75,0.0,6.0,0.0,2,CHEMBL1237021;CHEMBL1615372,LURASIDONE;LURASIDONE HYDROCHLORIDE,1,0.9755799651145936,True,True,True,1,False,C;N;O;S,,,False,False,35,5,False,0,0,492.68900000000025,56.75000000000001,4.255800000000003,0,6,7,False,,True,ligands_pdbqt/CHEMBL1237021.pdbqt,-2.569,completed,vina_screening_full/poses/CHEMBL1237021_out.pdbqt,vina_screening_full/logs/CHEMBL1237021.log,1045
CHEMBL549,CITALOPRAM,Small molecule,4.0,1998.0,0,CN(C)CCCC1(c2ccc(F)cc2)OCc2cc(C#N)ccc21,"InChI=1S/C20H21FN2O/c1-23(2)11-3-10-20(17-5-7-18(21)8-6-17)19-9-4-15(13-22)12-16(19)14-24-20/h4-9,12H,3,10-11,14H2,1-2H3",WSEQXVZVJXJVFP-UHFFFAOYSA-N,324.4,324.4,3.81,36.26,0.0,3.0,0.0,2,CHEMBL1200781;CHEMBL549,CITALOPRAM;CITALOPRAM HYDROBROMIDE,1,0.9847520112991331,True,True,True,1,False,C;F;N;O,,,False,False,24,5,False,0,0,324.39900000000006,36.26,3.812980000000003,0,3,3,False,,True,ligands_pdbqt/CHEMBL549.pdbqt,-2.534,completed,vina_screening_full/poses/CHEMBL549_out.pdbqt,vina_screening_full/logs/CHEMBL549.log,1046
CHEMBL2110816,BUTRIPTYLINE,Small molecule,4.0,,0,CC(CC1c2ccccc2CCc2ccccc21)CN(C)C,"InChI=1S/C21H27N/c1-16(15-22(2)3)14-21-19-10-6-4-8-17(19)12-13-18-9-5-7-11-20(18)21/h4-11,16,21H,12-15H2,1-3H3",ALELTFCQZDXAMQ-UHFFFAOYSA-N,293.45,293.45,4.5,3.24,0.0,1.0,0.0,1,CHEMBL2110816,BUTRIPTYLINE,1,0.994033420085907,True,True,True,1,False,C;N,,,False,False,22,4,False,0,0,293.454,3.24,4.504900000000004,0,1,3,False,,True,ligands_pdbqt/CHEMBL2110816.pdbqt,-2.526,completed,vina_screening_full/poses/CHEMBL2110816_out.pdbqt,vina_screening_full/logs/CHEMBL2110816.log,1047
CHEMBL45029,MEPHOBARBITAL,Small molecule,4.0,,0,CCC1(c2ccccc2)C(=O)NC(=O)N(C)C1=O,"InChI=1S/C13H14N2O3/c1-3-13(9-7-5-4-6-8-9)10(16)14-12(18)15(2)11(13)17/h4-8H,3H2,1-2H3,(H,14,16,18)",ALARQZQTBTVLJV-UHFFFAOYSA-N,246.27,246.27,1.04,66.48,1.0,3.0,0.0,1,CHEMBL45029,MEPHOBARBITAL,1,0.9972908020019532,True,True,True,1,False,C;N;O,,,False,False,18,2,False,0,0,246.266,66.48,1.0426,1,3,2,False,,True,ligands_pdbqt/CHEMBL45029.pdbqt,-2.512,completed,vina_screening_full/poses/CHEMBL45029_out.pdbqt,vina_screening_full/logs/CHEMBL45029.log,1048
CHEMBL829,METHYLPROMAZINE,Small molecule,4.0,1982.0,0,CC(CN(C)C)CN1c2ccccc2Sc2ccccc21,"InChI=1S/C18H22N2S/c1-14(12-19(2)3)13-20-15-8-4-6-10-17(15)21-18-11-7-5-9-16(18)20/h4-11,14H,12-13H2,1-3H3",ZZHLYYDVIOPZBE-UHFFFAOYSA-N,298.45,298.45,4.49,6.48,0.0,3.0,0.0,2,CHEMBL3989885;CHEMBL829,METHYLPROMAZINE;TRIMEPRAZINE TARTRATE,1,0.99812992811203,True,True,True,1,False,C;N;S,,,False,False,21,4,False,0,0,298.45500000000004,6.48,4.487000000000004,0,3,3,False,,True,ligands_pdbqt/CHEMBL829.pdbqt,-2.501,completed,vina_screening_full/poses/CHEMBL829_out.pdbqt,vina_screening_full/logs/CHEMBL829.log,1049
CHEMBL422,TRIFLUOPERAZINE,Small molecule,4.0,1959.0,0,CN1CCN(CCCN2c3ccccc3Sc3ccc(C(F)(F)F)cc32)CC1,"InChI=1S/C21H24F3N3S/c1-25-11-13-26(14-12-25)9-4-10-27-17-5-2-3-6-19(17)28-20-8-7-16(15-18(20)27)21(22,23)24/h2-3,5-8,15H,4,9-14H2,1H3",ZEWQUBUPAILYHI-UHFFFAOYSA-N,407.51,407.51,4.95,9.72,0.0,4.0,0.0,2,CHEMBL1257040;CHEMBL422,TRIFLUOPERAZINE;TRIFLUOPERAZINE HYDROCHLORIDE,1,0.9982027173042296,True,True,True,1,False,C;F;N;S,,,False,False,28,4,False,0,0,407.50500000000017,9.72,4.945600000000005,0,4,4,False,,True,ligands_pdbqt/CHEMBL422.pdbqt,-2.47,completed,vina_screening_full/poses/CHEMBL422_out.pdbqt,vina_screening_full/logs/CHEMBL422.log,1050
CHEMBL1201329,TRIMETHAPHAN,Small molecule,4.0,1982.0,0,O=C1N(Cc2ccccc2)C2C[S+]3CCCC3C2N1Cc1ccccc1,"InChI=1S/C22H25N2OS/c25-22-23(14-17-8-3-1-4-9-17)19-16-26-13-7-12-20(26)21(19)24(22)15-18-10-5-2-6-11-18/h1-6,8-11,19-21H,7,12-16H2/q+1",CHQOEHPMXSHGCL-UHFFFAOYSA-N,365.52,365.52,3.66,23.55,0.0,1.0,0.0,2,CHEMBL1201329;CHEMBL1245,TRIMETHAPHAN;TRIMETHAPHAN CAMSYLATE,1,0.9615430712699892,True,True,True,1,False,C;N;O;S,,,False,False,26,4,False,1,1,365.5220000000001,23.550000000000004,3.6559000000000026,0,1,5,False,,True,ligands_pdbqt/CHEMBL1201329.pdbqt,-2.466,completed,vina_screening_full/poses/CHEMBL1201329_out.pdbqt,vina_screening_full/logs/CHEMBL1201329.log,1051
CHEMBL345524,ANTRAFENINE,Small molecule,4.0,,1,O=C(OCCN1CCN(c2cccc(C(F)(F)F)c2)CC1)c1ccccc1Nc1ccnc2cc(C(F)(F)F)ccc12,"InChI=1S/C30H26F6N4O2/c31-29(32,33)20-4-3-5-22(18-20)40-14-12-39(13-15-40)16-17-42-28(41)24-6-1-2-7-25(24)38-26-10-11-37-27-19-21(30(34,35)36)8-9-23(26)27/h1-11,18-19H,12-17H2,(H,37,38)",NWGGKKGAFZIVBJ-UHFFFAOYSA-N,588.55,588.55,7.0,57.7,1.0,6.0,2.0,1,CHEMBL345524,ANTRAFENINE,1,0.8745187520980835,True,True,True,1,False,C;F;N;O,,,False,False,42,7,False,0,0,588.5520000000004,57.7,6.9950000000000045,1,6,5,False,,True,ligands_pdbqt/CHEMBL345524.pdbqt,-2.447,completed,vina_screening_full/poses/CHEMBL345524_out.pdbqt,vina_screening_full/logs/CHEMBL345524.log,1052
CHEMBL1200946,NANDROLONE DECANOATE,Small molecule,4.0,1983.0,0,CCCCCCCCCC(=O)O[C@H]1CC[C@H]2[C@@H]3CCC4=CC(=O)CC[C@@H]4[C@H]3CC[C@]12C,"InChI=1S/C28H44O3/c1-3-4-5-6-7-8-9-10-27(30)31-26-16-15-25-24-13-11-20-19-21(29)12-14-22(20)23(24)17-18-28(25,26)2/h19,22-26H,3-18H2,1-2H3/t22-,23+,24+,25-,26-,28-/m0/s1",JKWKMORAXJQQSR-MOPIKTETSA-N,428.66,428.66,7.18,43.37,0.0,3.0,1.0,1,CHEMBL1200946,NANDROLONE DECANOATE,1,0.6480719447135925,True,False,True,1,False,C;O,,,False,False,31,9,False,0,0,428.6570000000003,43.370000000000005,7.180700000000009,0,3,4,False,,True,ligands_pdbqt/CHEMBL1200946.pdbqt,-2.427,completed,vina_screening_full/poses/CHEMBL1200946_out.pdbqt,vina_screening_full/logs/CHEMBL1200946.log,1053
CHEMBL3889654,LAROTRECTINIB,Small molecule,4.0,2018.0,0,O=C(Nc1cnn2ccc(N3CCC[C@@H]3c3cc(F)ccc3F)nc12)N1CC[C@H](O)C1,"InChI=1S/C21H22F2N6O2/c22-13-3-4-16(23)15(10-13)18-2-1-7-28(18)19-6-9-29-20(26-19)17(11-24-29)25-21(31)27-8-5-14(30)12-27/h3-4,6,9-11,14,18,30H,1-2,5,7-8,12H2,(H,25,31)/t14-,18+/m0/s1",NYNZQNWKBKUAII-KBXCAEBGSA-N,428.44,428.44,2.95,86.0,2.0,6.0,0.0,2,CHEMBL3889654;CHEMBL3989939,LAROTRECTINIB;LAROTRECTINIB SULFATE,1,0.6507736146450043,True,False,True,1,False,C;F;N;O,,,False,False,31,3,False,0,0,428.44300000000015,86.00000000000001,2.9475000000000016,2,5,5,False,,True,ligands_pdbqt/CHEMBL3889654.pdbqt,-2.411,completed,vina_screening_full/poses/CHEMBL3889654_out.pdbqt,vina_screening_full/logs/CHEMBL3889654.log,1054
CHEMBL1289494,TIVOZANIB,Small molecule,4.0,2017.0,0,COc1cc2nccc(Oc3ccc(NC(=O)Nc4cc(C)on4)c(Cl)c3)c2cc1OC,"InChI=1S/C22H19ClN4O5/c1-12-8-21(27-32-12)26-22(28)25-16-5-4-13(9-15(16)23)31-18-6-7-24-17-11-20(30-3)19(29-2)10-14(17)18/h4-11H,1-3H3,(H2,25,26,27,28)",SPMVMDHWKHCIDT-UHFFFAOYSA-N,454.87,454.87,5.64,107.74,2.0,7.0,1.0,2,CHEMBL1289494;CHEMBL2105756,TIVOZANIB;TIVOZANIB HYDROCHLORIDE,1,0.5797137498855591,True,False,True,1,False,C;Cl;N;O,,,False,False,32,6,False,0,0,454.8700000000003,107.74,5.6381200000000025,2,7,4,False,,True,ligands_pdbqt/CHEMBL1289494.pdbqt,-2.404,completed,vina_screening_full/poses/CHEMBL1289494_out.pdbqt,vina_screening_full/logs/CHEMBL1289494.log,1055
CHEMBL1657,TAZAROTENE,Small molecule,4.0,1997.0,0,CCOC(=O)c1ccc(C#Cc2ccc3c(c2)C(C)(C)CCS3)nc1,"InChI=1S/C21H21NO2S/c1-4-24-20(23)16-7-9-17(22-14-16)8-5-15-6-10-19-18(13-15)21(2,3)11-12-25-19/h6-7,9-10,13-14H,4,11-12H2,1-3H3",OGQICQVSFDPSEI-UHFFFAOYSA-N,351.47,351.47,4.43,39.19,0.0,4.0,0.0,1,CHEMBL1657,TAZAROTENE,1,0.6228007972240448,True,False,True,1,False,C;N;O;S,,,False,False,25,2,False,0,0,351.47100000000006,39.19,4.431500000000004,0,4,3,False,,True,ligands_pdbqt/CHEMBL1657.pdbqt,-2.395,completed,vina_screening_full/poses/CHEMBL1657_out.pdbqt,vina_screening_full/logs/CHEMBL1657.log,1056
CHEMBL1171837,PONATINIB,Small molecule,4.0,2012.0,0,Cc1ccc(C(=O)Nc2ccc(CN3CCN(C)CC3)c(C(F)(F)F)c2)cc1C#Cc1cnc2cccnn12,"InChI=1S/C29H27F3N6O/c1-20-5-6-22(16-21(20)8-10-25-18-33-27-4-3-11-34-38(25)27)28(39)35-24-9-7-23(26(17-24)29(30,31)32)19-37-14-12-36(2)13-15-37/h3-7,9,11,16-18H,12-15,19H2,1-2H3,(H,35,39)",PHXJVRSECIGDHY-UHFFFAOYSA-N,532.57,532.57,4.46,65.77,1.0,6.0,1.0,2,CHEMBL1171837;CHEMBL2105708,PONATINIB;PONATINIB HYDROCHLORIDE,1,0.8920388102531434,True,True,True,1,False,C;F;N;O,,,False,False,39,4,False,0,0,532.5700000000002,65.77000000000001,4.456020000000003,1,5,5,False,,True,ligands_pdbqt/CHEMBL1171837.pdbqt,-2.394,completed,vina_screening_full/poses/CHEMBL1171837_out.pdbqt,vina_screening_full/logs/CHEMBL1171837.log,1057
CHEMBL72,DESIPRAMINE,Small molecule,4.0,1964.0,0,CNCCCN1c2ccccc2CCc2ccccc21,"InChI=1S/C18H22N2/c1-19-13-6-14-20-17-9-4-2-7-15(17)11-12-16-8-3-5-10-18(16)20/h2-5,7-10,19H,6,11-14H2,1H3",HCYAFALTSJYZDH-UHFFFAOYSA-N,266.39,266.39,3.53,15.27,1.0,2.0,0.0,2,CHEMBL1696;CHEMBL72,DESIPRAMINE;DESIPRAMINE HYDROCHLORIDE,1,0.9965743780136108,True,True,True,1,False,C;N,,,False,False,20,4,False,0,0,266.388,15.27,3.5328000000000026,1,2,3,False,,True,ligands_pdbqt/CHEMBL72.pdbqt,-2.39,completed,vina_screening_full/poses/CHEMBL72_out.pdbqt,vina_screening_full/logs/CHEMBL72.log,1058
CHEMBL564,PROMAZINE,Small molecule,4.0,1956.0,0,CN(C)CCCN1c2ccccc2Sc2ccccc21,"InChI=1S/C17H20N2S/c1-18(2)12-7-13-19-14-8-3-5-10-16(14)20-17-11-6-4-9-15(17)19/h3-6,8-11H,7,12-13H2,1-2H3",ZGUGWUXLJSTTMA-UHFFFAOYSA-N,284.43,284.43,4.24,6.48,0.0,3.0,0.0,2,CHEMBL1200469;CHEMBL564,PROMAZINE;PROMAZINE HYDROCHLORIDE,1,0.9986682891845704,True,True,True,1,False,C;N;S,,,False,False,20,4,False,0,0,284.42800000000005,6.48,4.241000000000003,0,3,3,False,,True,ligands_pdbqt/CHEMBL564.pdbqt,-2.381,completed,vina_screening_full/poses/CHEMBL564_out.pdbqt,vina_screening_full/logs/CHEMBL564.log,1059
CHEMBL867,IOPANOIC ACID,Small molecule,4.0,1951.0,0,CCC(Cc1c(I)cc(I)c(N)c1I)C(=O)O,"InChI=1S/C11H12I3NO2/c1-2-5(11(16)17)3-6-7(12)4-8(13)10(15)9(6)14/h4-5H,2-3,15H2,1H3,(H,16,17)",OIRFJRBSRORBCM-UHFFFAOYSA-N,570.93,570.93,3.74,63.32,2.0,2.0,1.0,1,CHEMBL867,IOPANOIC ACID,1,0.8778265237808227,True,True,True,1,False,C;I;N;O,,,False,False,17,4,False,0,0,570.9340000000001,63.32000000000001,3.7359000000000018,2,2,1,False,,True,ligands_pdbqt/CHEMBL867.pdbqt,-2.358,completed,vina_screening_full/poses/CHEMBL867_out.pdbqt,vina_screening_full/logs/CHEMBL867.log,1060
CHEMBL71,CHLORPROMAZINE,Small molecule,4.0,1957.0,0,CN(C)CCCN1c2ccccc2Sc2ccc(Cl)cc21,"InChI=1S/C17H19ClN2S/c1-19(2)10-5-11-20-14-6-3-4-7-16(14)21-17-9-8-13(18)12-15(17)20/h3-4,6-9,12H,5,10-11H2,1-2H3",ZPEIMTDSQAKGNT-UHFFFAOYSA-N,318.87,318.87,4.89,6.48,0.0,3.0,0.0,2,CHEMBL1713;CHEMBL71,CHLORPROMAZINE;CHLORPROMAZINE HYDROCHLORIDE,1,0.9988614916801452,True,True,True,1,False,C;Cl;N;S,,,False,False,21,4,False,0,0,318.8730000000001,6.48,4.894400000000004,0,3,3,False,,True,ligands_pdbqt/CHEMBL71.pdbqt,-2.328,completed,vina_screening_full/poses/CHEMBL71_out.pdbqt,vina_screening_full/logs/CHEMBL71.log,1061
CHEMBL21731,MAPROTILINE,Small molecule,4.0,1980.0,0,CNCCCC12CCC(c3ccccc31)c1ccccc12,"InChI=1S/C20H23N/c1-21-14-6-12-20-13-11-15(16-7-2-4-9-18(16)20)17-8-3-5-10-19(17)20/h2-5,7-10,15,21H,6,11-14H2,1H3",QSLMDECMDJKHMQ-UHFFFAOYSA-N,277.41,277.41,4.21,12.03,1.0,1.0,0.0,2,CHEMBL1237135;CHEMBL21731,MAPROTILINE;MAPROTILINE HYDROCHLORIDE,1,0.9884505152702332,True,True,True,1,False,C;N,,,False,False,21,4,False,0,0,277.41100000000006,12.03,4.211400000000004,1,1,5,False,,True,ligands_pdbqt/CHEMBL21731.pdbqt,-2.325,completed,vina_screening_full/poses/CHEMBL21731_out.pdbqt,vina_screening_full/logs/CHEMBL21731.log,1062
CHEMBL1200951,FLUPHENAZINE ENANTHATE,Small molecule,4.0,1967.0,0,CCCCCCC(=O)OCCN1CCN(CCCN2c3ccccc3Sc3ccc(C(F)(F)F)cc32)CC1,"InChI=1S/C29H38F3N3O2S/c1-2-3-4-5-11-28(36)37-21-20-34-18-16-33(17-19-34)14-8-15-35-24-9-6-7-10-26(24)38-27-13-12-23(22-25(27)35)29(30,31)32/h6-7,9-10,12-13,22H,2-5,8,11,14-21H2,1H3",LRWSFOSWNAQHHW-UHFFFAOYSA-N,549.7,549.7,6.83,36.02,0.0,6.0,2.0,1,CHEMBL1200951,FLUPHENAZINE ENANTHATE,1,0.987533688545227,True,True,True,1,False,C;F;N;O;S,,,False,False,38,12,False,0,0,549.7029999999999,36.02,6.829400000000008,0,6,4,False,,True,ligands_pdbqt/CHEMBL1200951.pdbqt,-2.315,completed,vina_screening_full/poses/CHEMBL1200951_out.pdbqt,vina_screening_full/logs/CHEMBL1200951.log,1063
CHEMBL531,PERGOLIDE,Small molecule,4.0,1988.0,1,CCCN1C[C@H](CSC)C[C@@H]2c3cccc4[nH]cc(c34)C[C@H]21,"InChI=1S/C19H26N2S/c1-3-7-21-11-13(12-22-2)8-16-15-5-4-6-17-19(15)14(10-20-17)9-18(16)21/h4-6,10,13,16,18,20H,3,7-9,11-12H2,1-2H3/t13-,16-,18-/m1/s1",YEHCICAEULNIGD-MZMPZRCHSA-N,314.5,314.5,4.27,19.03,1.0,2.0,0.0,2,CHEMBL1275;CHEMBL531,PERGOLIDE;PERGOLIDE MESYLATE,1,0.9974552869796752,True,True,True,1,False,C;N;S,,,False,False,22,4,False,0,0,314.4980000000001,19.03,4.271100000000003,1,2,4,False,,True,ligands_pdbqt/CHEMBL531.pdbqt,-2.309,completed,vina_screening_full/poses/CHEMBL531_out.pdbqt,vina_screening_full/logs/CHEMBL531.log,1064
CHEMBL1601669,ALFACALCIDOL,Small molecule,4.0,,0,C=C1/C(=C\C=C2/CCC[C@]3(C)[C@@H]([C@H](C)CCCC(C)C)CC[C@@H]23)C[C@@H](O)C[C@@H]1O,"InChI=1S/C27H44O2/c1-18(2)8-6-9-19(3)24-13-14-25-21(10-7-15-27(24,25)5)11-12-22-16-23(28)17-26(29)20(22)4/h11-12,18-19,23-26,28-29H,4,6-10,13-17H2,1-3,5H3/b21-11+,22-12-/t19-,23-,24-,25+,26+,27-/m1/s1",OFHCOWSQAMBJIW-AVJTYSNKSA-N,400.65,400.65,6.59,40.46,2.0,2.0,1.0,1,CHEMBL1601669,ALFACALCIDOL,1,0.791936457157135,True,False,True,1,False,C;O,,,False,False,29,6,False,0,0,400.64700000000016,40.46,6.589800000000009,2,2,3,False,,True,ligands_pdbqt/CHEMBL1601669.pdbqt,-2.298,completed,vina_screening_full/poses/CHEMBL1601669_out.pdbqt,vina_screening_full/logs/CHEMBL1601669.log,1065
CHEMBL1201328,CARPHENAZINE,Small molecule,4.0,1982.0,0,CCC(=O)c1ccc2c(c1)N(CCCN1CCN(CCO)CC1)c1ccccc1S2,"InChI=1S/C24H31N3O2S/c1-2-22(29)19-8-9-24-21(18-19)27(20-6-3-4-7-23(20)30-24)11-5-10-25-12-14-26(15-13-25)16-17-28/h3-4,6-9,18,28H,2,5,10-17H2,1H3",XZSMZRXAEFNJCU-UHFFFAOYSA-N,425.6,425.6,3.88,47.02,1.0,6.0,0.0,2,CHEMBL1201328;CHEMBL2358147,CARPHENAZINE;CARPHENAZINE MALEATE,1,0.9731653451919556,True,True,True,1,False,C;N;O;S,,,False,False,30,8,False,0,0,425.5980000000002,47.02000000000001,3.8820000000000032,1,6,4,False,,True,ligands_pdbqt/CHEMBL1201328.pdbqt,-2.295,completed,vina_screening_full/poses/CHEMBL1201328_out.pdbqt,vina_screening_full/logs/CHEMBL1201328.log,1066
CHEMBL111,RIMONABANT,Small molecule,4.0,2006.0,1,Cc1c(C(=O)NN2CCCCC2)nn(-c2ccc(Cl)cc2Cl)c1-c1ccc(Cl)cc1,"InChI=1S/C22H21Cl3N4O/c1-14-20(22(30)27-28-11-3-2-4-12-28)26-29(19-10-9-17(24)13-18(19)25)21(14)15-5-7-16(23)8-6-15/h5-10,13H,2-4,11-12H2,1H3,(H,27,30)",JZCPYUJPEARBJL-UHFFFAOYSA-N,463.8,463.8,5.94,50.16,1.0,4.0,1.0,1,CHEMBL111,RIMONABANT,1,0.8274739265441895,True,True,True,1,False,C;Cl;N;O,,,False,False,30,4,False,0,0,463.79600000000016,50.16,5.938620000000005,1,3,4,False,,True,ligands_pdbqt/CHEMBL111.pdbqt,-2.279,completed,vina_screening_full/poses/CHEMBL111_out.pdbqt,vina_screening_full/logs/CHEMBL111.log,1067
CHEMBL790,CHLORHEXIDINE,Small molecule,4.0,1976.0,1,N=C(NCCCCCCNC(=N)NC(=N)Nc1ccc(Cl)cc1)NC(=N)Nc1ccc(Cl)cc1,"InChI=1S/C22H30Cl2N10/c23-15-5-9-17(10-6-15)31-21(27)33-19(25)29-13-3-1-2-4-14-30-20(26)34-22(28)32-18-11-7-16(24)8-12-18/h5-12H,1-4,13-14H2,(H5,25,27,29,31,33)(H5,26,28,30,32,34)",GHXZTYHSJHQHIJ-UHFFFAOYSA-N,505.46,505.46,4.18,167.58,10.0,4.0,2.0,2,CHEMBL4297088;CHEMBL790,CHLORHEXIDINE;CHLORHEXIDINE GLUCONATE,1,0.5361573398113251,True,False,True,1,False,C;Cl;N,,,False,False,34,9,False,0,0,505.4580000000002,167.58,4.175280000000002,10,4,2,False,,True,ligands_pdbqt/CHEMBL790.pdbqt,-2.279,completed,vina_screening_full/poses/CHEMBL790_out.pdbqt,vina_screening_full/logs/CHEMBL790.log,1068
CHEMBL7413,METHOHEXITAL,Small molecule,4.0,1960.0,0,C=CCC1(C(C)C#CCC)C(=O)NC(=O)N(C)C1=O,"InChI=1S/C14H18N2O3/c1-5-7-8-10(3)14(9-6-2)11(17)15-13(19)16(4)12(14)18/h6,10H,2,5,9H2,1,3-4H3,(H,15,17,19)",NZXKDOXHBHYTKP-UHFFFAOYSA-N,262.31,262.31,1.31,66.48,1.0,3.0,0.0,2,CHEMBL30219;CHEMBL7413,METHOHEXITAL;METHOHEXITAL SODIUM,1,0.992366623878479,True,True,True,1,False,C;N;O,,,False,False,19,3,False,0,0,262.309,66.48,1.3066,1,3,1,False,,True,ligands_pdbqt/CHEMBL7413.pdbqt,-2.278,completed,vina_screening_full/poses/CHEMBL7413_out.pdbqt,vina_screening_full/logs/CHEMBL7413.log,1069
CHEMBL3545110,RIBOCICLIB,Small molecule,4.0,2017.0,0,CN(C)C(=O)c1cc2cnc(Nc3ccc(N4CCNCC4)cn3)nc2n1C1CCCC1,"InChI=1S/C23H30N8O/c1-29(2)22(32)19-13-16-14-26-23(28-21(16)31(19)17-5-3-4-6-17)27-20-8-7-18(15-25-20)30-11-9-24-10-12-30/h7-8,13-15,17,24H,3-6,9-12H2,1-2H3,(H,25,26,27,28)",RHXHGRAEPCAFML-UHFFFAOYSA-N,434.55,434.55,2.8,91.21,2.0,8.0,0.0,2,CHEMBL3545110;CHEMBL3707266,RIBOCICLIB;RIBOCICLIB SUCCINATE,1,0.6244633436203003,True,False,True,1,False,C;N;O,,,False,False,32,5,False,0,0,434.5480000000002,91.21,2.7964,2,7,5,False,,True,ligands_pdbqt/CHEMBL3545110.pdbqt,-2.263,completed,vina_screening_full/poses/CHEMBL3545110_out.pdbqt,vina_screening_full/logs/CHEMBL3545110.log,1070
CHEMBL43,AMSACRINE,Small molecule,4.0,1987.0,0,COc1cc(NS(C)(=O)=O)ccc1Nc1c2ccccc2nc2ccccc12,"InChI=1S/C21H19N3O3S/c1-27-20-13-14(24-28(2,25)26)11-12-19(20)23-21-15-7-3-5-9-17(15)22-18-10-6-4-8-16(18)21/h3-13,24H,1-2H3,(H,22,23)",XCPGHVQEEXUHNC-UHFFFAOYSA-N,393.47,393.47,4.51,80.32,2.0,5.0,0.0,1,CHEMBL43,AMSACRINE,1,0.6539230585098267,True,False,True,1,False,C;N;O;S,,,False,False,28,5,False,0,0,393.4680000000001,80.32,4.511700000000003,2,5,4,False,,True,ligands_pdbqt/CHEMBL43.pdbqt,-2.247,completed,vina_screening_full/poses/CHEMBL43_out.pdbqt,vina_screening_full/logs/CHEMBL43.log,1071
CHEMBL644,TRIMIPRAMINE,Small molecule,4.0,1979.0,0,CC(CN(C)C)CN1c2ccccc2CCc2ccccc21,"InChI=1S/C20H26N2/c1-16(14-21(2)3)15-22-19-10-6-4-8-17(19)12-13-18-9-5-7-11-20(18)22/h4-11,16H,12-15H2,1-3H3",ZSCDBOWYZJWBIY-UHFFFAOYSA-N,294.44,294.44,4.12,6.48,0.0,2.0,0.0,2,CHEMBL1200948;CHEMBL644,TRIMIPRAMINE;TRIMIPRAMINE MALEATE,1,0.9978636384010316,True,True,True,1,False,C;N,,,False,False,22,4,False,0,0,294.442,6.48,4.121000000000003,0,2,3,False,,True,ligands_pdbqt/CHEMBL644.pdbqt,-2.229,completed,vina_screening_full/poses/CHEMBL644_out.pdbqt,vina_screening_full/logs/CHEMBL644.log,1072
CHEMBL707,DOXAZOSIN,Small molecule,4.0,1990.0,0,COc1cc2nc(N3CCN(C(=O)C4COc5ccccc5O4)CC3)nc(N)c2cc1OC,"InChI=1S/C23H25N5O5/c1-30-18-11-14-15(12-19(18)31-2)25-23(26-21(14)24)28-9-7-27(8-10-28)22(29)20-13-32-16-5-3-4-6-17(16)33-20/h3-6,11-12,20H,7-10,13H2,1-2H3,(H2,24,25,26)",RUZYUOTYCVRMRZ-UHFFFAOYSA-N,451.48,451.48,1.72,112.27,1.0,9.0,0.0,2,CHEMBL1200561;CHEMBL707,DOXAZOSIN;DOXAZOSIN MESYLATE,1,0.7840198278427124,True,False,True,1,False,C;N;O,,,False,False,33,4,False,0,0,451.4830000000003,112.27,1.717799999999999,1,9,5,False,,True,ligands_pdbqt/CHEMBL707.pdbqt,-2.205,completed,vina_screening_full/poses/CHEMBL707_out.pdbqt,vina_screening_full/logs/CHEMBL707.log,1073
CHEMBL1213252,CLORAZEPIC ACID,Small molecule,4.0,1972.0,0,O=C(O)C1N=C(c2ccccc2)c2cc(Cl)ccc2NC1=O,"InChI=1S/C16H11ClN2O3/c17-10-6-7-12-11(8-10)13(9-4-2-1-3-5-9)19-14(16(21)22)15(20)18-12/h1-8,14H,(H,18,20)(H,21,22)",XDDJGVMJFWAHJX-UHFFFAOYSA-N,314.73,314.73,2.58,78.76,2.0,3.0,0.0,2,CHEMBL1213252;CHEMBL2096631,CLORAZEPATE DIPOTASSIUM;CLORAZEPIC ACID,1,0.8944347977638245,True,True,True,1,False,C;Cl;N;O,,,False,False,22,2,False,0,0,314.72800000000007,78.75999999999999,2.5827,2,3,3,False,,True,ligands_pdbqt/CHEMBL1213252.pdbqt,-2.199,completed,vina_screening_full/poses/CHEMBL1213252_out.pdbqt,vina_screening_full/logs/CHEMBL1213252.log,1074
CHEMBL629,AMITRIPTYLINE,Small molecule,4.0,1961.0,0,CN(C)CCC=C1c2ccccc2CCc2ccccc21,"InChI=1S/C20H23N/c1-21(2)15-7-12-20-18-10-5-3-8-16(18)13-14-17-9-4-6-11-19(17)20/h3-6,8-12H,7,13-15H2,1-2H3",KRMDCWKBEZIMAB-UHFFFAOYSA-N,277.41,277.41,4.17,3.24,0.0,1.0,0.0,2,CHEMBL1200964;CHEMBL629,AMITRIPTYLINE;AMITRIPTYLINE HYDROCHLORIDE,1,0.9963374257087708,True,True,True,1,False,C;N,,,False,False,21,3,False,0,0,277.411,3.24,4.168600000000003,0,1,3,False,,True,ligands_pdbqt/CHEMBL629.pdbqt,-2.188,completed,vina_screening_full/poses/CHEMBL629_out.pdbqt,vina_screening_full/logs/CHEMBL629.log,1075
CHEMBL3039502,DUVELISIB,Small molecule,4.0,2018.0,0,C[C@H](Nc1ncnc2nc[nH]c12)c1cc2cccc(Cl)c2c(=O)n1-c1ccccc1,"InChI=1S/C22H17ClN6O/c1-13(28-21-19-20(25-11-24-19)26-12-27-21)17-10-14-6-5-9-16(23)18(14)22(30)29(17)15-7-3-2-4-8-15/h2-13H,1H3,(H2,24,25,26,27,28)/t13-/m0/s1",SJVQHLPISAIATJ-ZDUSSCGKSA-N,416.87,416.87,4.48,88.49,2.0,6.0,0.0,2,CHEMBL3039502;CHEMBL5315125,DUVELISIB;DUVELISIB MONOHYDRATE,1,0.5684951424598694,True,False,True,1,False,C;Cl;N;O,,,False,False,30,4,False,0,0,416.8720000000002,88.49000000000001,4.483500000000002,2,5,5,False,,True,ligands_pdbqt/CHEMBL3039502.pdbqt,-2.172,completed,vina_screening_full/poses/CHEMBL3039502_out.pdbqt,vina_screening_full/logs/CHEMBL3039502.log,1076
CHEMBL838,BENAZEPRIL,Small molecule,4.0,1991.0,0,CCOC(=O)[C@H](CCc1ccccc1)N[C@H]1CCc2ccccc2N(CC(=O)O)C1=O,"InChI=1S/C24H28N2O5/c1-2-31-24(30)20(14-12-17-8-4-3-5-9-17)25-19-15-13-18-10-6-7-11-21(18)26(23(19)29)16-22(27)28/h3-11,19-20,25H,2,12-16H2,1H3,(H,27,28)/t19-,20-/m0/s1",XPCFTKFZXHTYIP-PMACEKPBSA-N,424.5,424.5,2.57,95.94,2.0,5.0,0.0,2,CHEMBL1694;CHEMBL838,BENAZEPRIL;BENAZEPRIL HYDROCHLORIDE,1,0.6822640538215637,True,False,True,1,False,C;N;O,,,False,False,31,9,False,0,0,424.4970000000002,95.94,2.5731,2,5,3,False,,True,ligands_pdbqt/CHEMBL838.pdbqt,-2.166,completed,vina_screening_full/poses/CHEMBL838_out.pdbqt,vina_screening_full/logs/CHEMBL838.log,1077
CHEMBL968,FLURAZEPAM,Small molecule,4.0,1970.0,0,CCN(CC)CCN1C(=O)CN=C(c2ccccc2F)c2cc(Cl)ccc21,"InChI=1S/C21H23ClFN3O/c1-3-25(4-2)11-12-26-19-10-9-15(22)13-17(19)21(24-14-20(26)27)16-7-5-6-8-18(16)23/h5-10,13H,3-4,11-12,14H2,1-2H3",SAADBVWGJQAEFS-UHFFFAOYSA-N,387.89,387.89,4.0,35.91,0.0,3.0,0.0,2,CHEMBL3989724;CHEMBL968,FLURAZEPAM;FLURAZEPAM HYDROCHLORIDE,1,0.9986293315887452,True,True,True,1,False,C;Cl;F;N;O,,,False,False,27,6,False,0,0,387.88600000000014,35.91,4.004900000000003,0,3,3,False,,True,ligands_pdbqt/CHEMBL968.pdbqt,-2.166,completed,vina_screening_full/poses/CHEMBL968_out.pdbqt,vina_screening_full/logs/CHEMBL968.log,1078
CHEMBL12,DIAZEPAM,Small molecule,4.0,1963.0,0,CN1C(=O)CN=C(c2ccccc2)c2cc(Cl)ccc21,"InChI=1S/C16H13ClN2O/c1-19-14-8-7-12(17)9-13(14)16(18-10-15(19)20)11-5-3-2-4-6-11/h2-9H,10H2,1H3",AAOVKJBEBIDNHE-UHFFFAOYSA-N,284.75,284.75,3.15,32.67,0.0,2.0,0.0,1,CHEMBL12,DIAZEPAM,1,0.9984174489974976,True,True,True,1,False,C;Cl;N;O,,,False,False,20,1,False,0,0,284.74600000000004,32.67,3.153800000000002,0,2,3,False,,True,ligands_pdbqt/CHEMBL12.pdbqt,-2.162,completed,vina_screening_full/poses/CHEMBL12_out.pdbqt,vina_screening_full/logs/CHEMBL12.log,1079
CHEMBL1201336,FOSPHENYTOIN,Small molecule,4.0,1996.0,0,O=C1NC(c2ccccc2)(c2ccccc2)C(=O)N1COP(=O)(O)O,"InChI=1S/C16H15N2O6P/c19-14-16(12-7-3-1-4-8-12,13-9-5-2-6-10-13)17-15(20)18(14)11-24-25(21,22)23/h1-10H,11H2,(H,17,20)(H2,21,22,23)",XWLUWCNOOVRFPX-UHFFFAOYSA-N,362.28,362.28,1.55,116.17,3.0,4.0,0.0,2,CHEMBL1201336;CHEMBL919,FOSPHENYTOIN;FOSPHENYTOIN SODIUM,1,0.9216219425201416,True,True,True,1,False,C;N;O;P,,,False,False,25,5,False,0,0,362.2780000000001,116.17000000000002,1.5488,3,4,3,False,,True,ligands_pdbqt/CHEMBL1201336.pdbqt,-2.152,completed,vina_screening_full/poses/CHEMBL1201336_out.pdbqt,vina_screening_full/logs/CHEMBL1201336.log,1080
CHEMBL967,TEMAZEPAM,Small molecule,4.0,1981.0,0,CN1C(=O)C(O)N=C(c2ccccc2)c2cc(Cl)ccc21,"InChI=1S/C16H13ClN2O2/c1-19-13-8-7-11(17)9-12(13)14(18-15(20)16(19)21)10-5-3-2-4-6-10/h2-9,15,20H,1H3",SEQDDYPDSLOBDC-UHFFFAOYSA-N,300.75,300.75,2.47,52.9,1.0,3.0,0.0,1,CHEMBL967,TEMAZEPAM,1,0.9941421747207642,True,True,True,1,False,C;Cl;N;O,,,False,False,21,1,False,0,0,300.74500000000006,52.900000000000006,2.4722,1,3,3,False,,True,ligands_pdbqt/CHEMBL967.pdbqt,-2.142,completed,vina_screening_full/poses/CHEMBL967_out.pdbqt,vina_screening_full/logs/CHEMBL967.log,1081
CHEMBL2107067,TESTOSTERONE UNDECANOATE,Small molecule,4.0,2014.0,0,CCCCCCCCCCC(=O)O[C@H]1CC[C@H]2[C@@H]3CCC4=CC(=O)CC[C@]4(C)[C@H]3CC[C@]12C,"InChI=1S/C30H48O3/c1-4-5-6-7-8-9-10-11-12-28(32)33-27-16-15-25-24-14-13-22-21-23(31)17-19-29(22,2)26(24)18-20-30(25,27)3/h21,24-27H,4-20H2,1-3H3/t24-,25-,26-,27-,29-,30-/m0/s1",UDSFVOAUHKGBEK-CNQKSJKFSA-N,456.71,456.71,7.96,43.37,0.0,3.0,1.0,1,CHEMBL2107067,TESTOSTERONE UNDECANOATE,1,0.6725976347923279,True,False,True,1,False,C;O,,,False,False,33,10,False,0,0,456.7110000000004,43.370000000000005,7.960900000000009,0,3,4,False,,True,ligands_pdbqt/CHEMBL2107067.pdbqt,-2.135,completed,vina_screening_full/poses/CHEMBL2107067_out.pdbqt,vina_screening_full/logs/CHEMBL2107067.log,1082
CHEMBL539697,DABIGATRAN ETEXILATE,Small molecule,4.0,2008.0,0,CCCCCCOC(=O)NC(=N)c1ccc(NCc2nc3cc(C(=O)N(CCC(=O)OCC)c4ccccn4)ccc3n2C)cc1,"InChI=1S/C34H41N7O5/c1-4-6-7-10-21-46-34(44)39-32(35)24-12-15-26(16-13-24)37-23-30-38-27-22-25(14-17-28(27)40(30)3)33(43)41(20-18-31(42)45-5-2)29-11-8-9-19-36-29/h8-9,11-17,19,22,37H,4-7,10,18,20-21,23H2,1-3H3,(H2,35,39,44)",KSGXQBZTULBEEQ-UHFFFAOYSA-N,627.75,627.75,5.81,151.53,3.0,10.0,2.0,2,CHEMBL1615369;CHEMBL539697,DABIGATRAN ETEXILATE;DABIGATRAN ETEXILATE MESYLATE,1,0.5117429852485657,True,False,True,1,False,C;N;O,,,False,False,46,15,False,0,0,627.7460000000003,151.52999999999997,5.812270000000005,3,9,4,False,,True,ligands_pdbqt/CHEMBL539697.pdbqt,-2.109,completed,vina_screening_full/poses/CHEMBL539697_out.pdbqt,vina_screening_full/logs/CHEMBL539697.log,1083
CHEMBL603,ZAFIRLUKAST,Small molecule,4.0,1996.0,0,COc1cc(C(=O)NS(=O)(=O)c2ccccc2C)ccc1Cc1cn(C)c2ccc(NC(=O)OC3CCCC3)cc12,"InChI=1S/C31H33N3O6S/c1-20-8-4-7-11-29(20)41(37,38)33-30(35)22-13-12-21(28(17-22)39-3)16-23-19-34(2)27-15-14-24(18-26(23)27)32-31(36)40-25-9-5-6-10-25/h4,7-8,11-15,17-19,25H,5-6,9-10,16H2,1-3H3,(H,32,36)(H,33,35)",YEEZWCHGZNKEEK-UHFFFAOYSA-N,575.69,575.69,5.7,115.73,2.0,7.0,2.0,1,CHEMBL603,ZAFIRLUKAST,1,0.5924154102802277,True,False,True,1,False,C;N;O;S,,,False,False,41,8,False,0,0,575.6870000000001,115.73,5.695920000000005,2,6,5,False,,True,ligands_pdbqt/CHEMBL603.pdbqt,-2.091,completed,vina_screening_full/poses/CHEMBL603_out.pdbqt,vina_screening_full/logs/CHEMBL603.log,1084
CHEMBL515914,AZARIBINE,Small molecule,4.0,,1,CC(=O)OC[C@H]1O[C@@H](n2ncc(=O)[nH]c2=O)[C@H](OC(C)=O)[C@@H]1OC(C)=O,"InChI=1S/C14H17N3O9/c1-6(18)23-5-9-11(24-7(2)19)12(25-8(3)20)13(26-9)17-14(22)16-10(21)4-15-17/h4,9,11-13H,5H2,1-3H3,(H,16,21,22)/t9-,11-,12-,13-/m1/s1",QQOBRRFOVWGIMD-OJAKKHQRSA-N,371.3,371.3,-1.74,155.88,1.0,11.0,1.0,1,CHEMBL515914,AZARIBINE,1,0.6787462711334229,True,False,True,1,False,C;N;O,,,False,False,26,5,False,0,0,371.3020000000002,155.88,-1.7444999999999975,1,10,2,False,,True,ligands_pdbqt/CHEMBL515914.pdbqt,-2.088,completed,vina_screening_full/poses/CHEMBL515914_out.pdbqt,vina_screening_full/logs/CHEMBL515914.log,1085
CHEMBL178803,BLONANSERIN,Small molecule,4.0,,0,CCN1CCN(c2cc(-c3ccc(F)cc3)c3c(n2)CCCCCC3)CC1,"InChI=1S/C23H30FN3/c1-2-26-13-15-27(16-14-26)23-17-21(18-9-11-19(24)12-10-18)20-7-5-3-4-6-8-22(20)25-23/h9-12,17H,2-8,13-16H2,1H3",XVGOZDAJGBALKS-UHFFFAOYSA-N,367.51,367.51,4.69,19.37,0.0,3.0,0.0,1,CHEMBL178803,BLONANSERIN,1,0.9951761841773988,True,True,True,1,False,C;F;N,,,False,False,27,3,False,0,0,367.51200000000034,19.37,4.6886000000000045,0,3,4,False,,True,ligands_pdbqt/CHEMBL178803.pdbqt,-2.079,completed,vina_screening_full/poses/CHEMBL178803_out.pdbqt,vina_screening_full/logs/CHEMBL178803.log,1086
CHEMBL5095056,BENZGALANTAMINE,Small molecule,4.0,2024.0,0,COc1ccc2c3c1O[C@H]1C[C@@H](OC(=O)c4ccccc4)C=C[C@@]31CCN(C)C2,"InChI=1S/C24H25NO4/c1-25-13-12-24-11-10-18(28-23(26)16-6-4-3-5-7-16)14-20(24)29-22-19(27-2)9-8-17(15-25)21(22)24/h3-11,18,20H,12-15H2,1-2H3/t18-,20-,24-/m0/s1",JKVNJTYHRABHIY-WXVUKLJWSA-N,391.47,391.47,3.72,48.0,0.0,5.0,0.0,2,CHEMBL5095056;CHEMBL6068431,BENZGALANTAMINE;BENZGALANTAMINE GLUCONATE,1,0.9348187804222108,True,True,True,1,False,C;N;O,,,False,False,29,3,False,0,0,391.46700000000016,48.00000000000001,3.7150000000000025,0,5,5,False,,True,ligands_pdbqt/CHEMBL5095056.pdbqt,-2.073,completed,vina_screening_full/poses/CHEMBL5095056_out.pdbqt,vina_screening_full/logs/CHEMBL5095056.log,1087
CHEMBL1206,ETHOPROPAZINE,Small molecule,4.0,1982.0,0,CCN(CC)C(C)CN1c2ccccc2Sc2ccccc21,"InChI=1S/C19H24N2S/c1-4-20(5-2)15(3)14-21-16-10-6-8-12-18(16)22-19-13-9-7-11-17(19)21/h6-13,15H,4-5,14H2,1-3H3",CDOZDBSBBXSXLB-UHFFFAOYSA-N,312.48,312.48,5.02,6.48,0.0,3.0,1.0,2,CHEMBL1200970;CHEMBL1206,ETHOPROPAZINE;ETHOPROPAZINE HYDROCHLORIDE,1,0.998621904850006,True,True,True,1,False,C;N;S,,,False,False,22,5,False,0,0,312.482,6.48,5.019600000000005,0,3,3,False,,True,ligands_pdbqt/CHEMBL1206.pdbqt,-2.067,completed,vina_screening_full/poses/CHEMBL1206_out.pdbqt,vina_screening_full/logs/CHEMBL1206.log,1088
CHEMBL2325741,CAPIVASERTIB,Small molecule,4.0,2023.0,0,NC1(C(=O)N[C@@H](CCO)c2ccc(Cl)cc2)CCN(c2nc[nH]c3nccc2-3)CC1,"InChI=1S/C21H25ClN6O2/c22-15-3-1-14(2-4-15)17(6-12-29)27-20(30)21(23)7-10-28(11-8-21)19-16-5-9-24-18(16)25-13-26-19/h1-5,9,13,17,29H,6-8,10-12,23H2,(H,27,30)(H,24,25,26)/t17-/m0/s1",JDUBGYFRJFOXQC-KRWDZBQOSA-N,428.92,428.92,2.1,120.16,4.0,6.0,0.0,1,CHEMBL2325741,CAPIVASERTIB,1,0.5192854940891266,True,False,True,1,False,C;Cl;N;O,,,False,False,30,6,False,0,0,428.9240000000002,120.16,2.1005,4,6,4,False,,True,ligands_pdbqt/CHEMBL2325741.pdbqt,-2.047,completed,vina_screening_full/poses/CHEMBL2325741_out.pdbqt,vina_screening_full/logs/CHEMBL2325741.log,1089
CHEMBL514800,APREMILAST,Small molecule,4.0,2014.0,0,CCOc1cc([C@@H](CS(C)(=O)=O)N2C(=O)c3cccc(NC(C)=O)c3C2=O)ccc1OC,"InChI=1S/C22H24N2O7S/c1-5-31-19-11-14(9-10-18(19)30-3)17(12-32(4,28)29)24-21(26)15-7-6-8-16(23-13(2)25)20(15)22(24)27/h6-11,17H,5,12H2,1-4H3,(H,23,25)/t17-/m1/s1",IMOZEMNVLZVGJZ-QGZVFWFLSA-N,460.51,460.51,2.43,119.08,1.0,7.0,0.0,1,CHEMBL514800,APREMILAST,1,0.8676896810531616,True,True,True,1,False,C;N;O;S,,,False,False,32,8,False,0,0,460.5080000000002,119.08,2.4342000000000006,1,7,3,False,,True,ligands_pdbqt/CHEMBL514800.pdbqt,-2.025,completed,vina_screening_full/poses/CHEMBL514800_out.pdbqt,vina_screening_full/logs/CHEMBL514800.log,1090
CHEMBL87708,LOFEPRAMINE,Small molecule,4.0,,0,CN(CCCN1c2ccccc2CCc2ccccc21)CC(=O)c1ccc(Cl)cc1,"InChI=1S/C26H27ClN2O/c1-28(19-26(30)22-13-15-23(27)16-14-22)17-6-18-29-24-9-4-2-7-20(24)11-12-21-8-3-5-10-25(21)29/h2-5,7-10,13-16H,6,11-12,17-19H2,1H3",SAPNXPWPAUFAJU-UHFFFAOYSA-N,418.97,418.97,5.78,23.55,0.0,3.0,1.0,2,CHEMBL2106638;CHEMBL87708,LOFEPRAMINE;LOFEPRAMINE HYDROCHLORIDE,1,0.9863791584968566,True,True,True,1,False,C;Cl;N;O,,,False,False,30,7,False,0,0,418.9680000000002,23.55,5.781500000000007,0,3,4,False,,True,ligands_pdbqt/CHEMBL87708.pdbqt,-2.012,completed,vina_screening_full/poses/CHEMBL87708_out.pdbqt,vina_screening_full/logs/CHEMBL87708.log,1091
CHEMBL270190,ALVIMOPAN,Small molecule,4.0,2008.0,0,C[C@H]1CN(C[C@H](Cc2ccccc2)C(=O)NCC(=O)O)CC[C@@]1(C)c1cccc(O)c1,"InChI=1S/C25H32N2O4/c1-18-16-27(12-11-25(18,2)21-9-6-10-22(28)14-21)17-20(24(31)26-15-23(29)30)13-19-7-4-3-5-8-19/h3-10,14,18,20,28H,11-13,15-17H2,1-2H3,(H,26,31)(H,29,30)/t18-,20-,25+/m0/s1",UPNUIXSCZBYVBB-JVFUWBCBSA-N,424.54,424.54,3.05,89.87,3.0,4.0,0.0,1,CHEMBL270190,ALVIMOPAN,1,0.5298087477684021,True,False,True,1,False,C;N;O,,,False,False,31,8,False,0,0,424.5410000000002,89.87,3.051400000000001,3,4,3,False,,True,ligands_pdbqt/CHEMBL270190.pdbqt,-2.007,completed,vina_screening_full/poses/CHEMBL270190_out.pdbqt,vina_screening_full/logs/CHEMBL270190.log,1092
CHEMBL779,TADALAFIL,Small molecule,4.0,2002.0,0,CN1CC(=O)N2[C@H](c3ccc4c(c3)OCO4)c3[nH]c4ccccc4c3C[C@@H]2C1=O,"InChI=1S/C22H19N3O4/c1-24-10-19(26)25-16(22(24)27)9-14-13-4-2-3-5-15(13)23-20(14)21(25)12-6-7-17-18(8-12)29-11-28-17/h2-8,16,21,23H,9-11H2,1H3/t16-,21-/m1/s1",WOXKDUGGOYFFRN-IIBYNOLFSA-N,389.41,389.41,2.21,74.87,1.0,4.0,0.0,1,CHEMBL779,TADALAFIL,1,0.8079923987388611,True,True,True,1,False,C;N;O,,,False,False,29,1,False,0,0,389.4110000000002,74.87,2.2113,1,4,6,False,,True,ligands_pdbqt/CHEMBL779.pdbqt,-2.003,completed,vina_screening_full/poses/CHEMBL779_out.pdbqt,vina_screening_full/logs/CHEMBL779.log,1093
CHEMBL2105527,TETRAZEPAM,Small molecule,4.0,,1,CN1C(=O)CN=C(C2=CCCCC2)c2cc(Cl)ccc21,"InChI=1S/C16H17ClN2O/c1-19-14-8-7-12(17)9-13(14)16(18-10-15(19)20)11-5-3-2-4-6-11/h5,7-9H,2-4,6,10H2,1H3",IQWYAQCHYZHJOS-UHFFFAOYSA-N,288.78,288.78,3.61,32.67,0.0,2.0,0.0,1,CHEMBL2105527,TETRAZEPAM,1,0.9990987420082093,True,True,True,1,False,C;Cl;N;O,,,False,False,20,1,False,0,0,288.778,32.67,3.6059000000000014,0,2,3,False,,True,ligands_pdbqt/CHEMBL2105527.pdbqt,-1.992,completed,vina_screening_full/poses/CHEMBL2105527_out.pdbqt,vina_screening_full/logs/CHEMBL2105527.log,1094
CHEMBL191083,METHYLENE BLUE CATION,Small molecule,4.0,2011.0,0,CN(C)c1ccc2nc3ccc(=[N+](C)C)cc-3sc2c1,"InChI=1S/C16H18N3S/c1-18(2)11-5-7-13-15(9-11)20-16-10-12(19(3)4)6-8-14(16)17-13/h5-10H,1-4H3/q+1",RBTBFTRPCNLSDE-UHFFFAOYSA-N,284.41,284.41,2.5,19.14,0.0,3.0,0.0,3,CHEMBL191083;CHEMBL405110;CHEMBL550495,METHYLENE BLUE;METHYLENE BLUE ANHYDROUS;METHYLENE BLUE CATION,1,0.8637370586395263,True,True,True,1,False,C;N;S,,,False,False,20,1,False,1,1,284.408,19.14,2.498900000000001,0,3,3,False,,True,ligands_pdbqt/CHEMBL191083.pdbqt,-1.979,completed,vina_screening_full/poses/CHEMBL191083_out.pdbqt,vina_screening_full/logs/CHEMBL191083.log,1095
CHEMBL643,PROMETHAZINE,Small molecule,4.0,1951.0,0,CC(CN1c2ccccc2Sc2ccccc21)N(C)C,"InChI=1S/C17H20N2S/c1-13(18(2)3)12-19-14-8-4-6-10-16(14)20-17-11-7-5-9-15(17)19/h4-11,13H,12H2,1-3H3",PWWVAXIEGOYWEE-UHFFFAOYSA-N,284.43,284.43,4.24,6.48,0.0,3.0,0.0,2,CHEMBL1200750;CHEMBL643,PROMETHAZINE;PROMETHAZINE HYDROCHLORIDE,1,0.9982837200164796,True,True,True,1,False,C;N;S,,,False,False,20,3,False,0,0,284.428,6.48,4.239400000000003,0,3,3,False,,True,ligands_pdbqt/CHEMBL643.pdbqt,-1.966,completed,vina_screening_full/poses/CHEMBL643_out.pdbqt,vina_screening_full/logs/CHEMBL643.log,1096
CHEMBL108,CARBAMAZEPINE,Small molecule,4.0,1968.0,0,NC(=O)N1c2ccccc2C=Cc2ccccc21,"InChI=1S/C15H12N2O/c16-15(18)17-13-7-3-1-5-11(13)9-10-12-6-2-4-8-14(12)17/h1-10H,(H2,16,18)",FFGPTBGBLSHEPO-UHFFFAOYSA-N,236.27,236.27,3.39,46.33,1.0,1.0,0.0,1,CHEMBL108,CARBAMAZEPINE,1,0.9883072972297668,True,True,True,1,False,C;N;O,,,False,False,18,0,False,0,0,236.274,46.330000000000005,3.3872000000000018,1,1,3,False,,True,ligands_pdbqt/CHEMBL108.pdbqt,-1.953,completed,vina_screening_full/poses/CHEMBL108_out.pdbqt,vina_screening_full/logs/CHEMBL108.log,1097
CHEMBL1402684,OXYPHENISATIN ACETATE,Small molecule,4.0,,1,CC(=O)Oc1ccc(C2(c3ccc(OC(C)=O)cc3)C(=O)Nc3ccccc32)cc1,"InChI=1S/C24H19NO5/c1-15(26)29-19-11-7-17(8-12-19)24(18-9-13-20(14-10-18)30-16(2)27)21-5-3-4-6-22(21)25-23(24)28/h3-14H,1-2H3,(H,25,28)",PHPUXYRXPHEJDF-UHFFFAOYSA-N,401.42,401.42,3.82,81.7,1.0,5.0,0.0,1,CHEMBL1402684,OXYPHENISATIN ACETATE,1,0.6446691751480103,True,False,True,1,False,C;N;O,,,False,False,30,4,False,0,0,401.41800000000006,81.7,3.8237000000000014,1,5,4,False,,True,ligands_pdbqt/CHEMBL1402684.pdbqt,-1.943,completed,vina_screening_full/poses/CHEMBL1402684_out.pdbqt,vina_screening_full/logs/CHEMBL1402684.log,1098
CHEMBL1200666,CALCIPOTRIENE,Small molecule,4.0,1993.0,0,C=C1/C(=C\C=C2/CCC[C@]3(C)[C@@H]([C@H](C)/C=C/[C@@H](O)C4CC4)CC[C@@H]23)C[C@@H](O)C[C@@H]1O,"InChI=1S/C27H40O3/c1-17(6-13-25(29)20-8-9-20)23-11-12-24-19(5-4-14-27(23,24)3)7-10-21-15-22(28)16-26(30)18(21)2/h6-7,10,13,17,20,22-26,28-30H,2,4-5,8-9,11-12,14-16H2,1,3H3/b13-6+,19-7+,21-10-/t17-,22-,23-,24+,25-,26+,27-/m1/s1",LWQQLNNNIPYSNX-UROSTWAQSA-N,412.61,412.61,5.09,60.69,3.0,3.0,1.0,1,CHEMBL1200666,CALCIPOTRIENE,1,0.6277898371219635,True,False,True,1,False,C;O,,,False,False,30,5,False,0,0,412.6140000000003,60.69,5.090600000000006,3,3,4,False,,True,ligands_pdbqt/CHEMBL1200666.pdbqt,-1.933,completed,vina_screening_full/poses/CHEMBL1200666_out.pdbqt,vina_screening_full/logs/CHEMBL1200666.log,1099
CHEMBL1358,FULVESTRANT,Small molecule,4.0,2002.0,0,C[C@]12CC[C@@H]3c4ccc(O)cc4C[C@@H](CCCCCCCCC[S+]([O-])CCCC(F)(F)C(F)(F)F)[C@H]3[C@@H]1CC[C@@H]2O,"InChI=1S/C32H47F5O3S/c1-30-17-15-26-25-12-11-24(38)21-23(25)20-22(29(26)27(30)13-14-28(30)39)10-7-5-3-2-4-6-8-18-41(40)19-9-16-31(33,34)32(35,36)37/h11-12,21-22,26-29,38-39H,2-10,13-20H2,1H3/t22-,26-,27+,28+,29-,30+,41?/m1/s1",VWUXBMIQPBEWFH-WCCTWKNTSA-N,606.78,606.78,8.68,63.52,2.0,3.0,2.0,1,CHEMBL1358,FULVESTRANT,1,0.6359649658203125,True,False,True,1,False,C;F;O;S,,,False,False,41,14,False,0,0,606.7820000000003,63.52,8.682600000000003,2,3,4,False,,True,ligands_pdbqt/CHEMBL1358.pdbqt,-1.927,completed,vina_screening_full/poses/CHEMBL1358_out.pdbqt,vina_screening_full/logs/CHEMBL1358.log,1100
CHEMBL2146883,COBIMETINIB,Small molecule,4.0,2015.0,0,O=C(c1ccc(F)c(F)c1Nc1ccc(I)cc1F)N1CC(O)([C@@H]2CCCCN2)C1,"InChI=1S/C21H21F3IN3O2/c22-14-6-5-13(19(18(14)24)27-16-7-4-12(25)9-15(16)23)20(29)28-10-21(30,11-28)17-3-1-2-8-26-17/h4-7,9,17,26-27,30H,1-3,8,10-11H2/t17-/m0/s1",BSMCAPRUBJMWDF-KRWDZBQOSA-N,531.32,531.32,3.78,64.6,3.0,4.0,1.0,2,CHEMBL2146883;CHEMBL2364607,COBIMETINIB;COBIMETINIB FUMARATE,1,0.7650599837303161,True,False,True,1,False,C;F;I;N;O,,,False,False,30,4,False,0,0,531.3160000000003,64.60000000000001,3.781100000000002,3,4,4,False,,True,ligands_pdbqt/CHEMBL2146883.pdbqt,-1.92,completed,vina_screening_full/poses/CHEMBL2146883_out.pdbqt,vina_screening_full/logs/CHEMBL2146883.log,1101
CHEMBL2216870,IDELALISIB,Small molecule,4.0,2014.0,0,CC[C@H](Nc1ncnc2[nH]cnc12)c1nc2cccc(F)c2c(=O)n1-c1ccccc1,"InChI=1S/C22H18FN7O/c1-2-15(28-20-18-19(25-11-24-18)26-12-27-20)21-29-16-10-6-9-14(23)17(16)22(31)30(21)13-7-4-3-5-8-13/h3-12,15H,2H2,1H3,(H2,24,25,26,27,28)/t15-/m0/s1",IFSDAJWBUCMOAH-HNNXBMFYSA-N,415.43,415.43,3.75,101.38,2.0,7.0,0.0,1,CHEMBL2216870,IDELALISIB,1,0.6529169917106629,True,False,True,1,False,C;F;N;O,,,False,False,31,5,False,0,0,415.4320000000001,101.38000000000002,3.7543000000000015,2,6,5,False,,True,ligands_pdbqt/CHEMBL2216870.pdbqt,-1.918,completed,vina_screening_full/poses/CHEMBL2216870_out.pdbqt,vina_screening_full/logs/CHEMBL2216870.log,1102
CHEMBL1655,TOREMIFENE,Small molecule,4.0,1996.0,0,CN(C)CCOc1ccc(/C(=C(/CCCl)c2ccccc2)c2ccccc2)cc1,"InChI=1S/C26H28ClNO/c1-28(2)19-20-29-24-15-13-23(14-16-24)26(22-11-7-4-8-12-22)25(17-18-27)21-9-5-3-6-10-21/h3-16H,17-20H2,1-2H3/b26-25-",XFCLJVABOIYOMF-QPLCGJKRSA-N,405.97,405.97,6.22,12.47,0.0,2.0,1.0,2,CHEMBL1200675;CHEMBL1655,TOREMIFENE;TOREMIFENE CITRATE,1,0.6157958507537842,True,False,True,1,False,C;Cl;N;O,,,False,False,29,9,False,0,0,405.969,12.47,6.215000000000006,0,2,3,False,,True,ligands_pdbqt/CHEMBL1655.pdbqt,-1.914,completed,vina_screening_full/poses/CHEMBL1655_out.pdbqt,vina_screening_full/logs/CHEMBL1655.log,1103
CHEMBL1372950,NICERGOLINE,Small molecule,4.0,,0,CO[C@]12C[C@@H](COC(=O)c3cncc(Br)c3)CN(C)[C@@H]1Cc1cn(C)c3cccc2c13,"InChI=1S/C24H26BrN3O3/c1-27-13-17-8-21-24(30-3,19-5-4-6-20(27)22(17)19)9-15(12-28(21)2)14-31-23(29)16-7-18(25)11-26-10-16/h4-7,10-11,13,15,21H,8-9,12,14H2,1-3H3/t15-,21-,24+/m1/s1",YSEXMKHXIOCEJA-FVFQAYNVSA-N,484.39,484.39,3.91,56.59,0.0,6.0,0.0,1,CHEMBL1372950,NICERGOLINE,1,0.9826963901519776,True,True,True,1,False,Br;C;N;O,,,False,False,31,4,False,0,0,484.3940000000002,56.59,3.9109000000000034,0,5,5,False,,True,ligands_pdbqt/CHEMBL1372950.pdbqt,-1.892,completed,vina_screening_full/poses/CHEMBL1372950_out.pdbqt,vina_screening_full/logs/CHEMBL1372950.log,1104
CHEMBL57,NEVIRAPINE,Small molecule,4.0,1996.0,0,Cc1ccnc2c1NC(=O)c1cccnc1N2C1CC1,"InChI=1S/C15H14N4O/c1-9-6-8-17-14-12(9)18-15(20)11-3-2-7-16-13(11)19(14)10-4-5-10/h2-3,6-8,10H,4-5H2,1H3,(H,18,20)",NQDJXKOVJZTUJA-UHFFFAOYSA-N,266.3,266.3,2.65,58.12,1.0,4.0,0.0,1,CHEMBL57,NEVIRAPINE,1,0.9676214814186096,True,True,True,1,False,C;N;O,,,False,False,20,1,False,0,0,266.30400000000003,58.120000000000005,2.6512200000000004,1,4,4,False,,True,ligands_pdbqt/CHEMBL57.pdbqt,-1.874,completed,vina_screening_full/poses/CHEMBL57_out.pdbqt,vina_screening_full/logs/CHEMBL57.log,1105
CHEMBL465,DRONABINOL,Small molecule,4.0,1985.0,0,CCCCCc1cc(O)c2c(c1)OC(C)(C)[C@@H]1CCC(C)=C[C@@H]21,"InChI=1S/C21H30O2/c1-5-6-7-8-15-12-18(22)20-16-11-14(2)9-10-17(16)21(3,4)23-19(20)13-15/h11-13,16-17,22H,5-10H2,1-4H3/t16-,17-/m1/s1",CYQFCXCEBYINGO-IAGOWNOFSA-N,314.47,314.47,5.74,29.46,1.0,2.0,1.0,1,CHEMBL465,DRONABINOL,1,0.8372392892837525,True,True,True,1,False,C;O,,,False,False,23,4,False,0,0,314.46900000000005,29.46,5.735800000000006,1,2,3,False,,True,ligands_pdbqt/CHEMBL465.pdbqt,-1.813,completed,vina_screening_full/poses/CHEMBL465_out.pdbqt,vina_screening_full/logs/CHEMBL465.log,1106
CHEMBL94,PHYSOSTIGMINE,Small molecule,4.0,,0,CNC(=O)Oc1ccc2c(c1)[C@]1(C)CCN(C)[C@@H]1N2C,"InChI=1S/C15H21N3O2/c1-15-7-8-17(3)13(15)18(4)12-6-5-10(9-11(12)15)20-14(19)16-2/h5-6,9,13H,7-8H2,1-4H3,(H,16,19)/t13-,15+/m1/s1",PIJVFDBKTWXHHD-HIFRSBDPSA-N,275.35,275.35,1.77,44.81,1.0,4.0,0.0,2,CHEMBL338975;CHEMBL94,PHYSOSTIGMINE;PHYSOSTIGMINE SALICYLATE,1,0.98070946931839,True,True,True,1,False,C;N;O,,,False,False,20,1,False,0,0,275.352,44.81,1.7739,1,4,3,False,,True,ligands_pdbqt/CHEMBL94.pdbqt,-1.789,completed,vina_screening_full/poses/CHEMBL94_out.pdbqt,vina_screening_full/logs/CHEMBL94.log,1107
CHEMBL344159,TOLVAPTAN,Small molecule,4.0,2009.0,0,Cc1ccccc1C(=O)Nc1ccc(C(=O)N2CCCC(O)c3cc(Cl)ccc32)c(C)c1,"InChI=1S/C26H25ClN2O3/c1-16-6-3-4-7-20(16)25(31)28-19-10-11-21(17(2)14-19)26(32)29-13-5-8-24(30)22-15-18(27)9-12-23(22)29/h3-4,6-7,9-12,14-15,24,30H,5,8,13H2,1-2H3,(H,28,31)",GYHCTFXIZSNGJT-UHFFFAOYSA-N,448.95,448.95,5.68,69.64,2.0,3.0,1.0,1,CHEMBL344159,TOLVAPTAN,1,0.6015790164470672,True,False,True,1,False,C;Cl;N;O,,,False,False,32,3,False,0,0,448.9500000000001,69.64,5.683140000000005,2,3,4,False,,True,ligands_pdbqt/CHEMBL344159.pdbqt,-1.771,completed,vina_screening_full/poses/CHEMBL344159_out.pdbqt,vina_screening_full/logs/CHEMBL344159.log,1108
CHEMBL3306803,LUMATEPERONE,Small molecule,4.0,2019.0,0,CN1CCN2c3c(cccc31)[C@@H]1CN(CCCC(=O)c3ccc(F)cc3)CC[C@@H]12,"InChI=1S/C24H28FN3O/c1-26-14-15-28-21-11-13-27(16-20(21)19-4-2-5-22(26)24(19)28)12-3-6-23(29)17-7-9-18(25)10-8-17/h2,4-5,7-10,20-21H,3,6,11-16H2,1H3/t20-,21-/m0/s1",HOIIHACBCFLJET-SFTDATJTSA-N,393.51,393.51,3.92,26.79,0.0,4.0,0.0,2,CHEMBL3233142;CHEMBL3306803,LUMATEPERONE;LUMATEPERONE TOSYLATE,1,0.9980743050575256,True,True,True,1,False,C;F;N;O,,,False,False,29,5,False,0,0,393.5060000000001,26.79,3.916500000000004,0,4,5,False,,True,ligands_pdbqt/CHEMBL3306803.pdbqt,-1.742,completed,vina_screening_full/poses/CHEMBL3306803_out.pdbqt,vina_screening_full/logs/CHEMBL3306803.log,1109
CHEMBL3137321,BENZHYDROCODONE,Small molecule,4.0,2018.0,0,COc1ccc2c3c1O[C@H]1C(OC(=O)c4ccccc4)=CC[C@@H]4[C@@H](C2)N(C)CC[C@@]341,"InChI=1S/C25H25NO4/c1-26-13-12-25-17-9-11-20(29-24(27)15-6-4-3-5-7-15)23(25)30-22-19(28-2)10-8-16(21(22)25)14-18(17)26/h3-8,10-11,17-18,23H,9,12-14H2,1-2H3/t17-,18-,23+,25+/m1/s1",VPMRSLWWUXNYRY-NDOYXKHWSA-N,403.48,403.48,3.72,48.0,0.0,5.0,0.0,2,CHEMBL3137310;CHEMBL3137321,BENZHYDROCODONE;BENZHYDROCODONE HYDROCHLORIDE,1,0.9691173195838928,True,True,True,1,False,C;N;O,,,False,False,30,3,False,0,0,403.4780000000002,48.00000000000001,3.7150000000000025,0,5,6,False,,True,ligands_pdbqt/CHEMBL3137321.pdbqt,-1.742,completed,vina_screening_full/poses/CHEMBL3137321_out.pdbqt,vina_screening_full/logs/CHEMBL3137321.log,1110
CHEMBL2103883,AVATROMBOPAG,Small molecule,4.0,2018.0,0,O=C(Nc1nc(-c2cc(Cl)cs2)c(N2CCN(C3CCCCC3)CC2)s1)c1cnc(N2CCC(C(=O)O)CC2)c(Cl)c1,"InChI=1S/C29H34Cl2N6O3S2/c30-20-15-23(41-17-20)24-27(37-12-10-35(11-13-37)21-4-2-1-3-5-21)42-29(33-24)34-26(38)19-14-22(31)25(32-16-19)36-8-6-18(7-9-36)28(39)40/h14-18,21H,1-13H2,(H,39,40)(H,33,34,38)",OFZJKCQENFPZBH-UHFFFAOYSA-N,649.67,649.67,6.58,101.9,2.0,9.0,2.0,2,CHEMBL2103883;CHEMBL2105758,AVATROMBOPAG;AVATROMBOPAG MALEATE,1,0.564915019273758,True,False,True,1,False,C;Cl;N;O;S,,,False,False,42,7,False,0,0,649.6700000000003,101.90000000000002,6.581400000000007,2,9,6,False,,True,ligands_pdbqt/CHEMBL2103883.pdbqt,-1.74,completed,vina_screening_full/poses/CHEMBL2103883_out.pdbqt,vina_screening_full/logs/CHEMBL2103883.log,1111
CHEMBL218650,DELAMANID,Small molecule,4.0,2014.0,0,C[C@]1(COc2ccc(N3CCC(Oc4ccc(OC(F)(F)F)cc4)CC3)cc2)Cn2cc([N+](=O)[O-])nc2O1,"InChI=1S/C25H25F3N4O6/c1-24(15-31-14-22(32(33)34)29-23(31)38-24)16-35-18-4-2-17(3-5-18)30-12-10-20(11-13-30)36-19-6-8-21(9-7-19)37-25(26,27)28/h2-9,14,20H,10-13,15-16H2,1H3/t24-/m1/s1",XDAOLTSRNUSPPH-XMMPIXPASA-N,534.49,534.49,4.97,101.12,0.0,9.0,1.0,1,CHEMBL218650,DELAMANID,1,0.7519204616546631,True,False,True,1,False,C;F;N;O,,,False,False,38,8,False,0,0,534.4910000000002,101.12,4.967800000000004,0,8,5,False,,True,ligands_pdbqt/CHEMBL218650.pdbqt,-1.729,completed,vina_screening_full/poses/CHEMBL218650_out.pdbqt,vina_screening_full/logs/CHEMBL218650.log,1112
CHEMBL4299940,MITAPIVAT,Small molecule,4.0,2022.0,0,O=C(c1ccc(NS(=O)(=O)c2cccc3cccnc23)cc1)N1CCN(CC2CC2)CC1,"InChI=1S/C24H26N4O3S/c29-24(28-15-13-27(14-16-28)17-18-6-7-18)20-8-10-21(11-9-20)26-32(30,31)22-5-1-3-19-4-2-12-25-23(19)22/h1-5,8-12,18,26H,6-7,13-17H2",XAYGBKHKBBXDAK-UHFFFAOYSA-N,450.56,450.56,3.2,82.61,1.0,5.0,0.0,2,CHEMBL4297223;CHEMBL4299940,MITAPIVAT;MITAPIVAT SULFATE,1,0.9361178994178772,True,True,True,1,False,C;N;O;S,,,False,False,32,6,False,0,0,450.5640000000004,82.60999999999999,3.203400000000001,1,5,5,False,,True,ligands_pdbqt/CHEMBL4299940.pdbqt,-1.723,completed,vina_screening_full/poses/CHEMBL4299940_out.pdbqt,vina_screening_full/logs/CHEMBL4299940.log,1113
CHEMBL1107,HALOFANTRINE,Small molecule,4.0,1992.0,0,CCCCN(CCCC)CCC(O)c1cc2c(Cl)cc(Cl)cc2c2cc(C(F)(F)F)ccc12,"InChI=1S/C26H30Cl2F3NO/c1-3-5-10-32(11-6-4-2)12-9-25(33)23-16-22-21(14-18(27)15-24(22)28)20-13-17(26(29,30)31)7-8-19(20)23/h7-8,13-16,25,33H,3-6,9-12H2,1-2H3",FOHHNHSLJDZUGQ-UHFFFAOYSA-N,500.43,500.43,8.64,23.47,1.0,2.0,2.0,2,CHEMBL1107;CHEMBL1200901,HALOFANTRINE;HALOFANTRINE HYDROCHLORIDE,1,0.9564489006996156,True,True,True,1,False,C;Cl;F;N;O,,,False,False,33,10,False,0,0,500.4320000000001,23.47,8.644300000000001,1,2,3,False,,True,ligands_pdbqt/CHEMBL1107.pdbqt,-1.646,completed,vina_screening_full/poses/CHEMBL1107_out.pdbqt,vina_screening_full/logs/CHEMBL1107.log,1114
CHEMBL1106,EPINASTINE,Small molecule,4.0,2003.0,0,NC1=NCC2c3ccccc3Cc3ccccc3N12,"InChI=1S/C16H15N3/c17-16-18-10-15-13-7-3-1-5-11(13)9-12-6-2-4-8-14(12)19(15)16/h1-8,15H,9-10H2,(H2,17,18)",WHWZLSFABNNENI-UHFFFAOYSA-N,249.32,249.32,2.47,41.62,1.0,3.0,0.0,2,CHEMBL1106;CHEMBL1200491,EPINASTINE;EPINASTINE HYDROCHLORIDE,1,0.982892382144928,True,True,True,1,False,C;N,,,False,False,19,0,False,0,0,249.317,41.62,2.4668,1,3,4,False,,True,ligands_pdbqt/CHEMBL1106.pdbqt,-1.621,completed,vina_screening_full/poses/CHEMBL1106_out.pdbqt,vina_screening_full/logs/CHEMBL1106.log,1115
CHEMBL1085,ACETOPHENAZINE,Small molecule,4.0,1961.0,0,CC(=O)c1ccc2c(c1)N(CCCN1CCN(CCO)CC1)c1ccccc1S2,"InChI=1S/C23H29N3O2S/c1-18(28)19-7-8-23-21(17-19)26(20-5-2-3-6-22(20)29-23)10-4-9-24-11-13-25(14-12-24)15-16-27/h2-3,5-8,17,27H,4,9-16H2,1H3",WNTYBHLDCKXEOT-UHFFFAOYSA-N,411.57,411.57,3.49,47.02,1.0,6.0,0.0,2,CHEMBL1085;CHEMBL2360079,ACETOPHENAZINE;ACETOPHENAZINE MALEATE,1,0.9832210898399352,True,True,True,1,False,C;N;O;S,,,False,False,29,7,False,0,0,411.5710000000001,47.02000000000001,3.491900000000002,1,6,4,False,,True,ligands_pdbqt/CHEMBL1085.pdbqt,-1.617,completed,vina_screening_full/poses/CHEMBL1085_out.pdbqt,vina_screening_full/logs/CHEMBL1085.log,1116
CHEMBL1005,REMIFENTANIL,Small molecule,4.0,1996.0,0,CCC(=O)N(c1ccccc1)C1(C(=O)OC)CCN(CCC(=O)OC)CC1,"InChI=1S/C20H28N2O5/c1-4-17(23)22(16-8-6-5-7-9-16)20(19(25)27-3)11-14-21(15-12-20)13-10-18(24)26-2/h5-9H,4,10-15H2,1-3H3",ZTVQQQVZCWLTDF-UHFFFAOYSA-N,376.45,376.45,2.0,76.15,0.0,6.0,0.0,2,CHEMBL1005;CHEMBL1201120,REMIFENTANIL;REMIFENTANIL HYDROCHLORIDE,1,0.987951147556305,True,True,True,1,False,C;N;O,,,False,False,27,7,False,0,0,376.4530000000002,76.15,2.0003,0,6,2,False,,True,ligands_pdbqt/CHEMBL1005.pdbqt,-1.608,completed,vina_screening_full/poses/CHEMBL1005_out.pdbqt,vina_screening_full/logs/CHEMBL1005.log,1117
CHEMBL1689063,AVIBACTAM,Small molecule,4.0,2015.0,0,NC(=O)[C@@H]1CC[C@@H]2CN1C(=O)N2OS(=O)(=O)O,"InChI=1S/C7H11N3O6S/c8-6(11)5-2-1-4-3-9(5)7(12)10(4)16-17(13,14)15/h4-5H,1-3H2,(H2,8,11)(H,13,14,15)/t4-,5+/m1/s1",NDCUAPJVLWFHHB-UHNVWZDZSA-N,265.25,265.25,-1.53,130.24,2.0,5.0,0.0,2,CHEMBL1689063;CHEMBL2107817,AVIBACTAM;AVIBACTAM SODIUM,1,0.9702791452407836,True,True,True,1,False,C;N;O;S,,,False,False,17,3,False,0,0,265.247,130.23999999999998,-1.5252999999999983,2,5,2,False,,True,ligands_pdbqt/CHEMBL1689063.pdbqt,-1.585,completed,vina_screening_full/poses/CHEMBL1689063_out.pdbqt,vina_screening_full/logs/CHEMBL1689063.log,1118
CHEMBL468837,HEPTABARBITAL,Small molecule,4.0,,1,CCC1(C2=CCCCCC2)C(=O)NC(=O)NC1=O,"InChI=1S/C13H18N2O3/c1-2-13(9-7-5-3-4-6-8-9)10(16)14-12(18)15-11(13)17/h7H,2-6,8H2,1H3,(H2,14,15,16,17,18)",PAZQYDJGLKSCSI-UHFFFAOYSA-N,250.3,250.3,1.64,75.27,2.0,3.0,0.0,1,CHEMBL468837,HEPTABARBITAL,1,0.9925547957420348,True,True,True,1,False,C;N;O,,,False,False,18,2,False,0,0,250.298,75.27000000000001,1.6392999999999995,2,3,2,False,,True,ligands_pdbqt/CHEMBL468837.pdbqt,-1.584,completed,vina_screening_full/poses/CHEMBL468837_out.pdbqt,vina_screening_full/logs/CHEMBL468837.log,1119
CHEMBL1908847,SPARTEINE,Small molecule,4.0,,1,C1CCN2C[C@@H]3C[C@@H](CN4CCCC[C@@H]34)[C@H]2C1,"InChI=1S/C15H26N2/c1-3-7-16-11-13-9-12(14(16)5-1)10-17-8-4-2-6-15(13)17/h12-15H,1-11H2/t12-,13-,14-,15+/m0/s1",SLRCCWJSBJZJBV-ZQDZILKHSA-N,234.39,234.39,2.35,6.48,0.0,2.0,0.0,2,CHEMBL1908348;CHEMBL1908847,SPARTEINE;SPARTEINE SULFATE,1,0.9531023144721984,True,True,True,1,False,C;N,,,False,False,17,0,False,0,0,234.38699999999992,6.48,2.3451000000000004,0,2,4,False,,True,ligands_pdbqt/CHEMBL1908847.pdbqt,-1.584,completed,vina_screening_full/poses/CHEMBL1908847_out.pdbqt,vina_screening_full/logs/CHEMBL1908847.log,1120
CHEMBL471737,IVABRADINE,Small molecule,4.0,2005.0,0,COc1cc2c(cc1OC)CC(=O)N(CCCN(C)C[C@H]1Cc3cc(OC)c(OC)cc31)CC2,"InChI=1S/C27H36N2O5/c1-28(17-21-11-20-14-25(33-4)26(34-5)16-22(20)21)8-6-9-29-10-7-18-12-23(31-2)24(32-3)13-19(18)15-27(29)30/h12-14,16,21H,6-11,15,17H2,1-5H3/t21-/m1/s1",ACRHBAYQBXXRTO-OAQYLSRUSA-N,468.59,468.59,3.31,60.47,0.0,6.0,0.0,2,CHEMBL2145077;CHEMBL471737,IVABRADINE;IVABRADINE HYDROCHLORIDE,1,0.892971682548523,True,True,True,1,False,C;N;O,,,False,False,34,10,False,0,0,468.59400000000034,60.47000000000001,3.3100000000000023,0,6,4,False,,True,ligands_pdbqt/CHEMBL471737.pdbqt,-1.58,completed,vina_screening_full/poses/CHEMBL471737_out.pdbqt,vina_screening_full/logs/CHEMBL471737.log,1121
CHEMBL503,LOVASTATIN,Small molecule,4.0,1987.0,0,CC[C@H](C)C(=O)O[C@H]1C[C@@H](C)C=C2C=C[C@H](C)[C@H](CC[C@@H]3C[C@@H](O)CC(=O)O3)[C@H]21,"InChI=1S/C24H36O5/c1-5-15(3)24(27)29-21-11-14(2)10-17-7-6-16(4)20(23(17)21)9-8-19-12-18(25)13-22(26)28-19/h6-7,10,14-16,18-21,23,25H,5,8-9,11-13H2,1-4H3/t14-,15-,16-,18+,19+,20-,21-,23-/m0/s1",PCZOHLXUXFIOCF-BXMDZJJMSA-N,404.55,404.55,4.2,72.83,1.0,5.0,0.0,1,CHEMBL503,LOVASTATIN,1,0.5769351780414581,True,False,True,1,False,C;O,,,False,False,29,6,False,0,0,404.54700000000025,72.83,4.195500000000004,1,5,3,False,,True,ligands_pdbqt/CHEMBL503.pdbqt,-1.576,completed,vina_screening_full/poses/CHEMBL503_out.pdbqt,vina_screening_full/logs/CHEMBL503.log,1122
CHEMBL251940,PERICIAZINE,Small molecule,4.0,,0,N#Cc1ccc2c(c1)N(CCCN1CCC(O)CC1)c1ccccc1S2,"InChI=1S/C21H23N3OS/c22-15-16-6-7-21-19(14-16)24(18-4-1-2-5-20(18)26-21)11-3-10-23-12-8-17(25)9-13-23/h1-2,4-7,14,17,25H,3,8-13H2",LUALIOATIOESLM-UHFFFAOYSA-N,365.5,365.5,4.01,50.5,1.0,5.0,0.0,1,CHEMBL251940,PERICIAZINE,1,0.9863264918327332,True,True,True,1,False,C;N;O;S,,,False,False,26,4,False,0,0,365.502,50.5,4.007780000000003,1,5,4,False,,True,ligands_pdbqt/CHEMBL251940.pdbqt,-1.567,completed,vina_screening_full/poses/CHEMBL251940_out.pdbqt,vina_screening_full/logs/CHEMBL251940.log,1123
CHEMBL622,ETODOLAC,Small molecule,4.0,1991.0,0,CCc1cccc2c3c([nH]c12)C(CC)(CC(=O)O)OCC3,"InChI=1S/C17H21NO3/c1-3-11-6-5-7-12-13-8-9-21-17(4-2,10-14(19)20)16(13)18-15(11)12/h5-7,18H,3-4,8-10H2,1-2H3,(H,19,20)",NNYBQONXHNTVIJ-UHFFFAOYSA-N,287.36,287.36,3.38,62.32,2.0,2.0,0.0,1,CHEMBL622,ETODOLAC,1,0.8850530385971069,True,True,True,1,False,C;N;O,,,False,False,21,4,False,0,0,287.35900000000004,62.32000000000001,3.383000000000002,2,2,3,False,,True,ligands_pdbqt/CHEMBL622.pdbqt,-1.527,completed,vina_screening_full/poses/CHEMBL622_out.pdbqt,vina_screening_full/logs/CHEMBL622.log,1124
CHEMBL70418,CLOBAZAM,Small molecule,4.0,2005.0,0,CN1C(=O)CC(=O)N(c2ccccc2)c2cc(Cl)ccc21,"InChI=1S/C16H13ClN2O2/c1-18-13-8-7-11(17)9-14(13)19(16(21)10-15(18)20)12-5-3-2-4-6-12/h2-9H,10H2,1H3",CXOXHMZGEKVPMT-UHFFFAOYSA-N,300.75,300.75,3.37,40.62,0.0,2.0,0.0,1,CHEMBL70418,CLOBAZAM,1,0.9859283566474916,True,True,True,1,False,C;Cl;N;O,,,False,False,21,1,False,0,0,300.74500000000006,40.620000000000005,3.3712000000000018,0,2,3,False,,True,ligands_pdbqt/CHEMBL70418.pdbqt,-1.522,completed,vina_screening_full/poses/CHEMBL70418_out.pdbqt,vina_screening_full/logs/CHEMBL70418.log,1125
CHEMBL658,SUFENTANIL,Small molecule,4.0,1984.0,0,CCC(=O)N(c1ccccc1)C1(COC)CCN(CCc2cccs2)CC1,"InChI=1S/C22H30N2O2S/c1-3-21(25)24(19-8-5-4-6-9-19)22(18-26-2)12-15-23(16-13-22)14-11-20-10-7-17-27-20/h4-10,17H,3,11-16,18H2,1-2H3",GGCSSNBKKAUURC-UHFFFAOYSA-N,386.56,386.56,4.21,32.78,0.0,4.0,0.0,2,CHEMBL1201163;CHEMBL658,SUFENTANIL;SUFENTANIL CITRATE,1,0.9959520936012268,True,True,True,1,False,C;N;O;S,,,False,False,27,8,False,0,0,386.56100000000015,32.78,4.214800000000004,0,4,3,False,,True,ligands_pdbqt/CHEMBL658.pdbqt,-1.513,completed,vina_screening_full/poses/CHEMBL658_out.pdbqt,vina_screening_full/logs/CHEMBL658.log,1126
CHEMBL969,PRAZEPAM,Small molecule,4.0,1982.0,0,O=C1CN=C(c2ccccc2)c2cc(Cl)ccc2N1CC1CC1,"InChI=1S/C19H17ClN2O/c20-15-8-9-17-16(10-15)19(14-4-2-1-3-5-14)21-11-18(23)22(17)12-13-6-7-13/h1-5,8-10,13H,6-7,11-12H2",MWQCHHACWWAQLJ-UHFFFAOYSA-N,324.81,324.81,3.93,32.67,0.0,2.0,0.0,1,CHEMBL969,PRAZEPAM,1,0.9989176273345948,True,True,True,1,False,C;Cl;N;O,,,False,False,23,3,False,0,0,324.8110000000001,32.67,3.934000000000003,0,2,4,False,,True,ligands_pdbqt/CHEMBL969.pdbqt,-1.477,completed,vina_screening_full/poses/CHEMBL969_out.pdbqt,vina_screening_full/logs/CHEMBL969.log,1127
CHEMBL2043437,GLASDEGIB,Small molecule,4.0,2018.0,0,CN1CC[C@@H](NC(=O)Nc2ccc(C#N)cc2)C[C@@H]1c1nc2ccccc2[nH]1,"InChI=1S/C21H22N6O/c1-27-11-10-16(24-21(28)23-15-8-6-14(13-22)7-9-15)12-19(27)20-25-17-4-2-3-5-18(17)26-20/h2-9,16,19H,10-12H2,1H3,(H,25,26)(H2,23,24,28)/t16-,19-/m1/s1",SFNSLLSYNZWZQG-VQIMIIECSA-N,374.45,374.45,3.39,96.84,3.0,4.0,0.0,2,CHEMBL2043437;CHEMBL4297534,GLASDEGIB;GLASDEGIB MALEATE,1,0.8807133197784424,True,True,True,1,False,C;N;O,,,False,False,28,3,False,0,0,374.4480000000001,96.84,3.391580000000002,3,4,4,False,,True,ligands_pdbqt/CHEMBL2043437.pdbqt,-1.446,completed,vina_screening_full/poses/CHEMBL2043437_out.pdbqt,vina_screening_full/logs/CHEMBL2043437.log,1128
CHEMBL1945778,IOFLUPANE,Small molecule,4.0,2000.0,0,COC(=O)[C@H]1[C@@H](c2ccc(I)cc2)C[C@@H]2CC[C@H]1N2CCCF,"InChI=1S/C18H23FINO2/c1-23-18(22)17-15(12-3-5-13(20)6-4-12)11-14-7-8-16(17)21(14)10-2-9-19/h3-6,14-17H,2,7-11H2,1H3/t14-,15+,16+,17-/m0/s1",HXWLAJVUJSVENX-HZMVEIRTSA-N,431.29,431.29,3.76,29.54,0.0,3.0,0.0,2,CHEMBL1945778;CHEMBL3989517,IOFLUPANE;IOFLUPANE I 123,1,0.9965286135673525,True,True,True,1,False,C;F;I;N;O,,,False,False,23,5,False,0,0,431.2890000000002,29.54,3.760300000000002,0,3,3,False,,True,ligands_pdbqt/CHEMBL1945778.pdbqt,-1.43,completed,vina_screening_full/poses/CHEMBL1945778_out.pdbqt,vina_screening_full/logs/CHEMBL1945778.log,1129
CHEMBL669,CYCLOBENZAPRINE,Small molecule,4.0,1977.0,0,CN(C)CCC=C1c2ccccc2C=Cc2ccccc21,"InChI=1S/C20H21N/c1-21(2)15-7-12-20-18-10-5-3-8-16(18)13-14-17-9-4-6-11-19(17)20/h3-6,8-14H,7,15H2,1-2H3",JURKNVYFZMSNLP-UHFFFAOYSA-N,275.4,275.4,4.55,3.24,0.0,1.0,0.0,2,CHEMBL1200636;CHEMBL669,CYCLOBENZAPRINE;CYCLOBENZAPRINE HYDROCHLORIDE,1,0.995872700214386,True,True,True,1,False,C;N,,,False,False,21,3,False,0,0,275.39500000000004,3.24,4.553800000000004,0,1,3,False,,True,ligands_pdbqt/CHEMBL669.pdbqt,-1.422,completed,vina_screening_full/poses/CHEMBL669_out.pdbqt,vina_screening_full/logs/CHEMBL669.log,1130
CHEMBL1200854,FLUPHENAZINE DECANOATE,Small molecule,4.0,1972.0,0,CCCCCCCCCC(=O)OCCN1CCN(CCCN2c3ccccc3Sc3ccc(C(F)(F)F)cc32)CC1,"InChI=1S/C32H44F3N3O2S/c1-2-3-4-5-6-7-8-14-31(39)40-24-23-37-21-19-36(20-22-37)17-11-18-38-27-12-9-10-13-29(27)41-30-16-15-26(25-28(30)38)32(33,34)35/h9-10,12-13,15-16,25H,2-8,11,14,17-24H2,1H3",VIQCGTZFEYDQMR-UHFFFAOYSA-N,591.78,591.78,8.0,36.02,0.0,6.0,2.0,1,CHEMBL1200854,FLUPHENAZINE DECANOATE,1,0.986215317249298,True,True,True,1,False,C;F;N;O;S,,,False,False,41,15,False,0,0,591.7840000000001,36.02,7.99970000000001,0,6,4,False,,True,ligands_pdbqt/CHEMBL1200854.pdbqt,-1.422,completed,vina_screening_full/poses/CHEMBL1200854_out.pdbqt,vina_screening_full/logs/CHEMBL1200854.log,1131
CHEMBL2220442,FLUVASTATIN,Small molecule,4.0,1993.0,0,CC(C)n1c(/C=C/C(O)CC(O)CC(=O)O)c(-c2ccc(F)cc2)c2ccccc21,"InChI=1S/C24H26FNO4/c1-15(2)26-21-6-4-3-5-20(21)24(16-7-9-17(25)10-8-16)22(26)12-11-18(27)13-19(28)14-23(29)30/h3-12,15,18-19,27-28H,13-14H2,1-2H3,(H,29,30)/b12-11+",FJLGEFLZQAZZCD-VAWYXSNFSA-N,411.47,411.47,4.63,82.69,3.0,4.0,0.0,2,CHEMBL2218894;CHEMBL2220442,FLUVASTATIN;FLUVASTATIN SODIUM,1,0.7842442274093628,True,False,True,1,False,C;F;N;O,,,False,False,30,8,False,0,0,411.473,82.69,4.628100000000003,3,3,3,False,,True,ligands_pdbqt/CHEMBL2220442.pdbqt,-1.406,completed,vina_screening_full/poses/CHEMBL2220442_out.pdbqt,vina_screening_full/logs/CHEMBL2220442.log,1132
CHEMBL408,TROGLITAZONE,Small molecule,4.0,1997.0,1,Cc1c(C)c2c(c(C)c1O)CCC(C)(COc1ccc(CC3SC(=O)NC3=O)cc1)O2,"InChI=1S/C24H27NO5S/c1-13-14(2)21-18(15(3)20(13)26)9-10-24(4,30-21)12-29-17-7-5-16(6-8-17)11-19-22(27)25-23(28)31-19/h5-8,19,26H,9-12H2,1-4H3,(H,25,27,28)",GXPHKUHSUJUWKP-UHFFFAOYSA-N,441.55,441.55,4.37,84.86,2.0,6.0,0.0,1,CHEMBL408,TROGLITAZONE,1,0.7481343984603882,True,False,True,1,False,C;N;O;S,,,False,False,31,5,False,0,0,441.54900000000015,84.86,4.374260000000002,2,6,4,False,,True,ligands_pdbqt/CHEMBL408.pdbqt,-1.4,completed,vina_screening_full/poses/CHEMBL408_out.pdbqt,vina_screening_full/logs/CHEMBL408.log,1133
CHEMBL1764,LEVOMEPROMAZINE,Small molecule,4.0,1982.0,0,COc1ccc2c(c1)N(C[C@H](C)CN(C)C)c1ccccc1S2,"InChI=1S/C19H24N2OS/c1-14(12-20(2)3)13-21-16-7-5-6-8-18(16)23-19-10-9-15(22-4)11-17(19)21/h5-11,14H,12-13H2,1-4H3/t14-/m1/s1",VRQVVMDWGGWHTJ-CQSZACIVSA-N,328.48,328.48,4.5,15.71,0.0,4.0,0.0,1,CHEMBL1764,LEVOMEPROMAZINE,1,0.9961824536323548,True,True,True,1,False,C;N;O;S,,,False,False,23,5,False,0,0,328.481,15.71,4.495600000000004,0,4,3,False,,True,ligands_pdbqt/CHEMBL1764.pdbqt,-1.376,completed,vina_screening_full/poses/CHEMBL1764_out.pdbqt,vina_screening_full/logs/CHEMBL1764.log,1134
CHEMBL231779,APIXABAN,Small molecule,4.0,2011.0,0,COc1ccc(-n2nc(C(N)=O)c3c2C(=O)N(c2ccc(N4CCCCC4=O)cc2)CC3)cc1,"InChI=1S/C25H25N5O4/c1-34-19-11-9-18(10-12-19)30-23-20(22(27-30)24(26)32)13-15-29(25(23)33)17-7-5-16(6-8-17)28-14-3-2-4-21(28)31/h5-12H,2-4,13-15H2,1H3,(H2,26,32)",QNZCBYKSOIHPEH-UHFFFAOYSA-N,459.51,459.51,2.7,110.76,1.0,6.0,0.0,1,CHEMBL231779,APIXABAN,1,0.6554718017578125,True,False,True,1,False,C;N;O,,,False,False,34,5,False,0,0,459.5060000000003,110.76,2.699600000000001,1,5,5,False,,True,ligands_pdbqt/CHEMBL231779.pdbqt,-1.367,completed,vina_screening_full/poses/CHEMBL231779_out.pdbqt,vina_screening_full/logs/CHEMBL231779.log,1135
CHEMBL1201087,CABERGOLINE,Small molecule,4.0,1996.0,0,C=CCN1C[C@H](C(=O)N(CCCN(C)C)C(=O)NCC)C[C@@H]2c3cccc4[nH]cc(c34)C[C@H]21,"InChI=1S/C26H37N5O2/c1-5-11-30-17-19(25(32)31(26(33)27-6-2)13-8-12-29(3)4)14-21-20-9-7-10-22-24(20)18(16-28-22)15-23(21)30/h5,7,9-10,16,19,21,23,28H,1,6,8,11-15,17H2,2-4H3,(H,27,33)/t19-,21-,23-/m1/s1",KORNTPPJEAJQIU-KJXAQDMKSA-N,451.62,451.62,3.19,71.68,2.0,4.0,0.0,1,CHEMBL1201087,CABERGOLINE,1,0.9882031798362731,True,True,True,1,False,C;N;O,,,False,False,33,8,False,0,0,451.6150000000002,71.68,3.193900000000001,2,4,4,False,,True,ligands_pdbqt/CHEMBL1201087.pdbqt,-1.364,completed,vina_screening_full/poses/CHEMBL1201087_out.pdbqt,vina_screening_full/logs/CHEMBL1201087.log,1136
CHEMBL315985,ESLICARBAZEPINE,Small molecule,4.0,,0,NC(=O)N1c2ccccc2C[C@H](O)c2ccccc21,"InChI=1S/C15H14N2O2/c16-15(19)17-12-7-3-1-5-10(12)9-14(18)11-6-2-4-8-13(11)17/h1-8,14,18H,9H2,(H2,16,19)/t14-/m0/s1",BMPDWHIDQYTSHX-AWEZNQCLSA-N,254.29,254.29,2.49,66.56,2.0,2.0,0.0,1,CHEMBL315985,ESLICARBAZEPINE,1,0.9584696054458618,True,True,True,1,False,C;N;O,,,False,False,19,0,False,0,0,254.289,66.56,2.492900000000001,2,2,3,False,,True,ligands_pdbqt/CHEMBL315985.pdbqt,-1.356,completed,vina_screening_full/poses/CHEMBL315985_out.pdbqt,vina_screening_full/logs/CHEMBL315985.log,1137
CHEMBL515408,MARIBAVIR,Small molecule,4.0,2021.0,0,CC(C)Nc1nc2cc(Cl)c(Cl)cc2n1[C@H]1O[C@@H](CO)[C@H](O)[C@@H]1O,"InChI=1S/C15H19Cl2N3O4/c1-6(2)18-15-19-9-3-7(16)8(17)4-10(9)20(15)14-13(23)12(22)11(5-21)24-14/h3-4,6,11-14,21-23H,5H2,1-2H3,(H,18,19)/t11-,12-,13-,14-/m0/s1",KJFBVJALEQWJBS-XUXIUFHCSA-N,376.24,376.24,1.77,99.77,4.0,7.0,0.0,1,CHEMBL515408,MARIBAVIR,1,0.7379767775535584,True,False,True,1,False,C;Cl;N;O,,,False,False,24,4,False,0,0,376.24000000000007,99.77,1.7748999999999993,4,6,3,False,,True,ligands_pdbqt/CHEMBL515408.pdbqt,-1.352,completed,vina_screening_full/poses/CHEMBL515408_out.pdbqt,vina_screening_full/logs/CHEMBL515408.log,1138
CHEMBL846,CALCITRIOL,Small molecule,4.0,1978.0,0,C=C1/C(=C\C=C2/CCC[C@]3(C)[C@@H]([C@H](C)CCCC(C)(C)O)CC[C@@H]23)C[C@@H](O)C[C@@H]1O,"InChI=1S/C27H44O3/c1-18(8-6-14-26(3,4)30)23-12-13-24-20(9-7-15-27(23,24)5)10-11-21-16-22(28)17-25(29)19(21)2/h10-11,18,22-25,28-30H,2,6-9,12-17H2,1,3-5H3/b20-10+,21-11-/t18-,22-,23-,24+,25+,27-/m1/s1",GMRQFYUYWCNGIN-NKMMMXOESA-N,416.65,416.65,5.7,60.69,3.0,3.0,1.0,1,CHEMBL846,CALCITRIOL,1,0.7484024882316589,True,False,True,1,False,C;O,,,False,False,30,6,False,0,0,416.6460000000002,60.69,5.704700000000008,3,3,3,False,,True,ligands_pdbqt/CHEMBL846.pdbqt,-1.347,completed,vina_screening_full/poses/CHEMBL846_out.pdbqt,vina_screening_full/logs/CHEMBL846.log,1139
CHEMBL25202,TAMIBAROTENE,Small molecule,4.0,,0,CC1(C)CCC(C)(C)c2cc(NC(=O)c3ccc(C(=O)O)cc3)ccc21,"InChI=1S/C22H25NO3/c1-21(2)11-12-22(3,4)18-13-16(9-10-17(18)21)23-19(24)14-5-7-15(8-6-14)20(25)26/h5-10,13H,11-12H2,1-4H3,(H,23,24)(H,25,26)",MUTNCGKQJGXKEM-UHFFFAOYSA-N,351.45,351.45,4.99,66.4,2.0,2.0,0.0,1,CHEMBL25202,TAMIBAROTENE,1,0.591413140296936,True,False,True,1,False,C;N;O,,,False,False,26,3,False,0,0,351.4460000000001,66.4,4.986100000000004,2,2,3,False,,True,ligands_pdbqt/CHEMBL25202.pdbqt,-1.345,completed,vina_screening_full/poses/CHEMBL25202_out.pdbqt,vina_screening_full/logs/CHEMBL25202.log,1140
CHEMBL1450,ATOVAQUONE,Small molecule,4.0,1992.0,0,O=C1C(O)=C([C@H]2CC[C@H](c3ccc(Cl)cc3)CC2)C(=O)c2ccccc21,"InChI=1S/C22H19ClO3/c23-16-11-9-14(10-12-16)13-5-7-15(8-6-13)19-20(24)17-3-1-2-4-18(17)21(25)22(19)26/h1-4,9-13,15,26H,5-8H2/t13-,15-",KUCQYCKVKVOKAY-CTYIDZIISA-N,366.84,366.84,5.51,54.37,1.0,3.0,1.0,1,CHEMBL1450,ATOVAQUONE,1,0.6184789299964905,True,False,True,1,False,C;Cl;O,,,False,False,26,2,False,0,0,366.84400000000016,54.37,5.505100000000004,1,3,4,False,,True,ligands_pdbqt/CHEMBL1450.pdbqt,-1.314,completed,vina_screening_full/poses/CHEMBL1450_out.pdbqt,vina_screening_full/logs/CHEMBL1450.log,1141
CHEMBL1513,IRBESARTAN,Small molecule,4.0,1997.0,0,CCCCC1=NC2(CCCC2)C(=O)N1Cc1ccc(-c2ccccc2-c2nnn[nH]2)cc1,"InChI=1S/C25H28N6O/c1-2-3-10-22-26-25(15-6-7-16-25)24(32)31(22)17-18-11-13-19(14-12-18)20-8-4-5-9-21(20)23-27-29-30-28-23/h4-5,8-9,11-14H,2-3,6-7,10,15-17H2,1H3,(H,27,28,29,30)",YOSHYTLCDANDAN-UHFFFAOYSA-N,428.54,428.54,4.78,87.13,1.0,5.0,0.0,2,CHEMBL1513;CHEMBL6068339,IRBESARTAN;IRBESARTAN HYDROCHLORIDE,1,0.8106821060180665,True,True,True,1,False,C;N;O,,,False,False,32,7,False,0,0,428.5400000000001,87.13,4.777400000000004,1,5,5,False,,True,ligands_pdbqt/CHEMBL1513.pdbqt,-1.297,completed,vina_screening_full/poses/CHEMBL1513_out.pdbqt,vina_screening_full/logs/CHEMBL1513.log,1142
CHEMBL1734,SOLIFENACIN,Small molecule,4.0,2004.0,0,O=C(O[C@H]1CN2CCC1CC2)N1CCc2ccccc2[C@@H]1c1ccccc1,"InChI=1S/C23H26N2O2/c26-23(27-21-16-24-13-10-18(21)11-14-24)25-15-12-17-6-4-5-9-20(17)22(25)19-7-2-1-3-8-19/h1-9,18,21-22H,10-16H2/t21-,22-/m0/s1",FBOUYBDGKBSUES-VXKWHMMOSA-N,362.47,362.47,3.86,32.78,0.0,3.0,0.0,2,CHEMBL1200803;CHEMBL1734,SOLIFENACIN;SOLIFENACIN SUCCINATE,1,0.9777363419532776,True,True,True,1,False,C;N;O,,,False,False,27,2,False,0,0,362.47300000000007,32.78,3.864900000000003,0,3,6,False,,True,ligands_pdbqt/CHEMBL1734.pdbqt,-1.276,completed,vina_screening_full/poses/CHEMBL1734_out.pdbqt,vina_screening_full/logs/CHEMBL1734.log,1143
CHEMBL1213351,PROPOXYPHENE,Small molecule,4.0,1957.0,1,CCC(=O)O[C@](Cc1ccccc1)(c1ccccc1)[C@H](C)CN(C)C,"InChI=1S/C22H29NO2/c1-5-21(24)25-22(18(2)17-23(3)4,20-14-10-7-11-15-20)16-19-12-8-6-9-13-19/h6-15,18H,5,16-17H2,1-4H3/t18-,22+/m1/s1",XLMALTXPSGQGBX-GCJKJVERSA-N,339.48,339.48,4.28,29.54,0.0,3.0,0.0,3,CHEMBL1213351;CHEMBL1237104;CHEMBL3989716,PROPOXYPHENE;PROPOXYPHENE HYDROCHLORIDE;PROPOXYPHENE NAPSYLATE,1,0.8703834414482117,True,True,True,1,False,C;N;O,,,False,False,25,8,False,0,0,339.47900000000016,29.54,4.275500000000004,0,3,2,False,,True,ligands_pdbqt/CHEMBL1213351.pdbqt,-1.275,completed,vina_screening_full/poses/CHEMBL1213351_out.pdbqt,vina_screening_full/logs/CHEMBL1213351.log,1144
CHEMBL459265,HEXAMETHYL PARAROSANILINE,Small molecule,4.0,1982.0,1,CN(C)c1ccc(C(=C2C=CC(=[N+](C)C)C=C2)c2ccc(N(C)C)cc2)cc1,"InChI=1S/C25H30N3/c1-26(2)22-13-7-19(8-14-22)25(20-9-15-23(16-10-20)27(3)4)21-11-17-24(18-12-21)28(5)6/h7-18H,1-6H3/q+1",LGLFFNDHMLKUMI-UHFFFAOYSA-N,372.54,372.54,4.46,9.49,0.0,2.0,0.0,2,CHEMBL459265;CHEMBL64894,GENTIAN VIOLET;HEXAMETHYL PARAROSANILINE,1,0.877409303188324,True,True,True,1,False,C;N,,,False,False,28,4,False,1,1,372.53600000000006,9.49,4.4596000000000044,0,2,3,False,,True,ligands_pdbqt/CHEMBL459265.pdbqt,-1.27,completed,vina_screening_full/poses/CHEMBL459265_out.pdbqt,vina_screening_full/logs/CHEMBL459265.log,1145
CHEMBL100116,PENTAZOCINE,Small molecule,4.0,1967.0,0,CC(C)=CCN1CCC2(C)c3cc(O)ccc3CC1C2C,"InChI=1S/C19H27NO/c1-13(2)7-9-20-10-8-19(4)14(3)18(20)11-15-5-6-16(21)12-17(15)19/h5-7,12,14,18,21H,8-11H2,1-4H3",VOKSWYLNZZRQPF-UHFFFAOYSA-N,285.43,285.43,3.88,23.47,1.0,2.0,0.0,3,CHEMBL100116;CHEMBL3989509;CHEMBL3989510,PENTAZOCINE;PENTAZOCINE HYDROCHLORIDE;PENTAZOCINE LACTATE,1,0.9938631534576416,True,True,True,1,False,C;N;O,,,False,False,21,2,False,0,0,285.43100000000004,23.47,3.8826000000000014,1,2,3,False,,True,ligands_pdbqt/CHEMBL100116.pdbqt,-1.27,completed,vina_screening_full/poses/CHEMBL100116_out.pdbqt,vina_screening_full/logs/CHEMBL100116.log,1146
CHEMBL117785,TETRABENAZINE,Small molecule,4.0,2008.0,0,COc1cc2c(cc1OC)C1CC(=O)C(CC(C)C)CN1CC2,"InChI=1S/C19H27NO3/c1-12(2)7-14-11-20-6-5-13-8-18(22-3)19(23-4)9-15(13)16(20)10-17(14)21/h8-9,12,14,16H,5-7,10-11H2,1-4H3",MKJIEFSOBYUXJB-UHFFFAOYSA-N,317.43,317.43,3.24,38.77,0.0,4.0,0.0,2,CHEMBL117785;CHEMBL3137326,DEUTETRABENAZINE;TETRABENAZINE,1,0.994412124156952,True,True,True,1,False,C;N;O,,,False,False,23,4,False,0,0,317.4290000000001,38.77,3.238100000000002,0,4,3,False,,True,ligands_pdbqt/CHEMBL117785.pdbqt,-1.254,completed,vina_screening_full/poses/CHEMBL117785_out.pdbqt,vina_screening_full/logs/CHEMBL117785.log,1147
CHEMBL1170,TESTOSTERONE PROPIONATE,Small molecule,4.0,1974.0,0,CCC(=O)O[C@H]1CC[C@H]2[C@@H]3CCC4=CC(=O)CC[C@]4(C)[C@H]3CC[C@]12C,"InChI=1S/C22H32O3/c1-4-20(24)25-19-8-7-17-16-6-5-14-13-15(23)9-11-21(14,2)18(16)10-12-22(17,19)3/h13,16-19H,4-12H2,1-3H3/t16-,17-,18-,19-,21-,22-/m0/s1",PDMMFKSKQVNJMI-BLQWBTBKSA-N,344.5,344.5,4.84,43.37,0.0,3.0,0.0,1,CHEMBL1170,TESTOSTERONE PROPIONATE,1,0.5957019865512848,True,False,True,1,False,C;O,,,False,False,25,2,False,0,0,344.4950000000001,43.370000000000005,4.840100000000005,0,3,4,False,,True,ligands_pdbqt/CHEMBL1170.pdbqt,-1.253,completed,vina_screening_full/poses/CHEMBL1170_out.pdbqt,vina_screening_full/logs/CHEMBL1170.log,1148
CHEMBL1183717,ALMITRINE,Small molecule,4.0,,1,C=CCNc1nc(NCC=C)nc(N2CCN(C(c3ccc(F)cc3)c3ccc(F)cc3)CC2)n1,"InChI=1S/C26H29F2N7/c1-3-13-29-24-31-25(30-14-4-2)33-26(32-24)35-17-15-34(16-18-35)23(19-5-9-21(27)10-6-19)20-7-11-22(28)12-8-20/h3-12,23H,1-2,13-18H2,(H2,29,30,31,32,33)",OBDOVFRMEYHSQB-UHFFFAOYSA-N,477.56,477.56,4.26,69.21,2.0,7.0,0.0,1,CHEMBL1183717,ALMITRINE,1,0.8259493350982666,True,True,True,1,False,C;F;N,,,False,False,35,10,False,0,0,477.56300000000016,69.21000000000001,4.257200000000004,2,7,4,False,,True,ligands_pdbqt/CHEMBL1183717.pdbqt,-1.197,completed,vina_screening_full/poses/CHEMBL1183717_out.pdbqt,vina_screening_full/logs/CHEMBL1183717.log,1149
CHEMBL1075,MORICIZINE,Small molecule,4.0,1990.0,0,CCOC(=O)Nc1ccc2c(c1)N(C(=O)CCN1CCOCC1)c1ccccc1S2,"InChI=1S/C22H25N3O4S/c1-2-29-22(27)23-16-7-8-20-18(15-16)25(17-5-3-4-6-19(17)30-20)21(26)9-10-24-11-13-28-14-12-24/h3-8,15H,2,9-14H2,1H3,(H,23,27)",FUBVWMNBEHXPSU-UHFFFAOYSA-N,427.53,427.53,4.11,71.11,1.0,6.0,0.0,2,CHEMBL1075;CHEMBL1200334,MORICIZINE;MORICIZINE HYDROCHLORIDE,1,0.9512759923934936,True,True,True,1,False,C;N;O;S,,,False,False,30,5,False,0,0,427.5260000000002,71.11,4.106600000000004,1,6,4,False,,True,ligands_pdbqt/CHEMBL1075.pdbqt,-1.176,completed,vina_screening_full/poses/CHEMBL1075_out.pdbqt,vina_screening_full/logs/CHEMBL1075.log,1150
CHEMBL1865134,DIBUNIC ACID,Small molecule,4.0,,1,CC(C)(C)c1ccc2c(S(=O)(=O)O)c(C(C)(C)C)ccc2c1,"InChI=1S/C18H24O3S/c1-17(2,3)13-8-9-14-12(11-13)7-10-15(18(4,5)6)16(14)22(19,20)21/h7-11H,1-6H3,(H,19,20,21)",WBEBQCINXJDZCX-UHFFFAOYSA-N,320.45,320.45,4.68,54.37,1.0,2.0,0.0,2,CHEMBL1865134;CHEMBL2107554,DIBUNIC ACID;SODIUM DIBUNATE,1,0.8248315572738647,True,True,True,1,False,C;O;S,,,False,False,22,1,False,0,0,320.454,54.370000000000005,4.681500000000004,1,2,2,False,,True,ligands_pdbqt/CHEMBL1865134.pdbqt,-1.174,completed,vina_screening_full/poses/CHEMBL1865134_out.pdbqt,vina_screening_full/logs/CHEMBL1865134.log,1151
CHEMBL1378,THIETHYLPERAZINE,Small molecule,4.0,1961.0,0,CCSc1ccc2c(c1)N(CCCN1CCN(C)CC1)c1ccccc1S2,"InChI=1S/C22H29N3S2/c1-3-26-18-9-10-22-20(17-18)25(19-7-4-5-8-21(19)27-22)12-6-11-24-15-13-23(2)14-16-24/h4-5,7-10,17H,3,6,11-16H2,1-2H3",XCTYLCDETUVOIP-UHFFFAOYSA-N,399.63,399.63,5.04,9.72,0.0,5.0,1.0,3,CHEMBL1378;CHEMBL2359670;CHEMBL3989478,THIETHYLPERAZINE;THIETHYLPERAZINE MALATE;THIETHYLPERAZINE MALEATE,1,0.9976287841796876,True,True,True,1,False,C;N;S,,,False,False,27,6,False,0,0,399.6290000000001,9.72,5.0388000000000055,0,5,4,False,,True,ligands_pdbqt/CHEMBL1378.pdbqt,-1.164,completed,vina_screening_full/poses/CHEMBL1378_out.pdbqt,vina_screening_full/logs/CHEMBL1378.log,1152
CHEMBL1189432,OLOPATADINE,Small molecule,4.0,1996.0,0,CN(C)CC/C=C1/c2ccccc2COc2ccc(CC(=O)O)cc21,"InChI=1S/C21H23NO3/c1-22(2)11-5-8-18-17-7-4-3-6-16(17)14-25-20-10-9-15(12-19(18)20)13-21(23)24/h3-4,6-10,12H,5,11,13-14H2,1-2H3,(H,23,24)/b18-8-",JBIMVDZLSHOPLA-LSCVHKIXSA-N,337.42,337.42,3.59,49.77,1.0,3.0,0.0,2,CHEMBL1189432;CHEMBL1719,OLOPATADINE;OLOPATADINE HYDROCHLORIDE,1,0.88693767786026,True,True,True,1,False,C;N;O,,,False,False,25,5,False,0,0,337.4190000000001,49.77,3.589500000000002,1,3,3,False,,True,ligands_pdbqt/CHEMBL1189432.pdbqt,-1.148,completed,vina_screening_full/poses/CHEMBL1189432_out.pdbqt,vina_screening_full/logs/CHEMBL1189432.log,1153
CHEMBL24828,VANDETANIB,Small molecule,4.0,2011.0,0,COc1cc2/c(=N/c3ccc(Br)cc3F)nc[nH]c2cc1OCC1CCN(C)CC1,"InChI=1S/C22H24BrFN4O2/c1-28-7-5-14(6-8-28)12-30-21-11-19-16(10-20(21)29-2)22(26-13-25-19)27-18-4-3-15(23)9-17(18)24/h3-4,9-11,13-14H,5-8,12H2,1-2H3,(H,25,26,27)",UHTHHESEBZOYNR-UHFFFAOYSA-N,475.36,475.36,4.43,62.74,1.0,5.0,0.0,1,CHEMBL24828,VANDETANIB,1,0.967463207244873,True,True,True,1,False,Br;C;F;N;O,,,False,False,30,5,False,0,0,475.3620000000003,62.74,4.426100000000003,1,5,4,False,,True,ligands_pdbqt/CHEMBL24828.pdbqt,-1.144,completed,vina_screening_full/poses/CHEMBL24828_out.pdbqt,vina_screening_full/logs/CHEMBL24828.log,1154
CHEMBL970,HALAZEPAM,Small molecule,4.0,1981.0,0,O=C1CN=C(c2ccccc2)c2cc(Cl)ccc2N1CC(F)(F)F,"InChI=1S/C17H12ClF3N2O/c18-12-6-7-14-13(8-12)16(11-4-2-1-3-5-11)22-9-15(24)23(14)10-17(19,20)21/h1-8H,9-10H2",WYCLKVQLVUQKNZ-UHFFFAOYSA-N,352.74,352.74,4.09,32.67,0.0,2.0,0.0,1,CHEMBL970,HALAZEPAM,1,0.9965197801589966,True,True,True,1,False,C;Cl;F;N;O,,,False,False,24,2,False,0,0,352.743,32.67,4.086300000000002,0,2,3,False,,True,ligands_pdbqt/CHEMBL970.pdbqt,-1.103,completed,vina_screening_full/poses/CHEMBL970_out.pdbqt,vina_screening_full/logs/CHEMBL970.log,1155
CHEMBL94454,MIZOLASTINE,Small molecule,4.0,1998.0,0,CN(c1nccc(=O)[nH]1)C1CCN(c2nc3ccccc3n2Cc2ccc(F)cc2)CC1,"InChI=1S/C24H25FN6O/c1-29(23-26-13-10-22(32)28-23)19-11-14-30(15-12-19)24-27-20-4-2-3-5-21(20)31(24)16-17-6-8-18(25)9-7-17/h2-10,13,19H,11-12,14-16H2,1H3,(H,26,28,32)",PVLJETXTTWAYEW-UHFFFAOYSA-N,432.5,432.5,3.41,70.05,1.0,6.0,0.0,1,CHEMBL94454,MIZOLASTINE,1,0.8906124234199524,True,True,True,1,False,C;F;N;O,,,False,False,32,5,False,0,0,432.5030000000002,70.05000000000001,3.412200000000002,1,5,5,False,,True,ligands_pdbqt/CHEMBL94454.pdbqt,-1.101,completed,vina_screening_full/poses/CHEMBL94454_out.pdbqt,vina_screening_full/logs/CHEMBL94454.log,1156
CHEMBL289469,GRANISETRON,Small molecule,4.0,1993.0,0,CN1C2CCCC1CC(NC(=O)c1nn(C)c3ccccc13)C2,"InChI=1S/C18H24N4O/c1-21-13-6-5-7-14(21)11-12(10-13)19-18(23)17-15-8-3-4-9-16(15)22(2)20-17/h3-4,8-9,12-14H,5-7,10-11H2,1-2H3,(H,19,23)",MFWNKCLOYSRHCJ-UHFFFAOYSA-N,312.42,312.42,2.32,50.16,1.0,4.0,0.0,2,CHEMBL1237080;CHEMBL289469,GRANISETRON;GRANISETRON HYDROCHLORIDE,1,0.9929211020469666,True,True,True,1,False,C;N;O,,,False,False,23,2,False,0,0,312.4170000000001,50.16,2.3184,1,3,4,False,,True,ligands_pdbqt/CHEMBL289469.pdbqt,-1.089,completed,vina_screening_full/poses/CHEMBL289469_out.pdbqt,vina_screening_full/logs/CHEMBL289469.log,1157
CHEMBL1269025,EDOXABAN,Small molecule,4.0,2015.0,0,CN1CCc2nc(C(=O)N[C@@H]3C[C@@H](C(=O)N(C)C)CC[C@@H]3NC(=O)C(=O)Nc3ccc(Cl)cn3)sc2C1,"InChI=1S/C24H30ClN7O4S/c1-31(2)24(36)13-4-6-15(27-20(33)21(34)30-19-7-5-14(25)11-26-19)17(10-13)28-22(35)23-29-16-8-9-32(3)12-18(16)37-23/h5,7,11,13,15,17H,4,6,8-10,12H2,1-3H3,(H,27,33)(H,28,35)(H,26,30,34)/t13-,15-,17+/m0/s1",HGVDHZBSSITLCT-JLJPHGGASA-N,548.07,548.07,1.29,136.63,3.0,8.0,1.0,2,CHEMBL1269025;CHEMBL2105682,EDOXABAN;EDOXABAN TOSYLATE,1,0.5461211562156677,True,False,True,1,False,C;Cl;N;O;S,,,False,False,37,5,False,0,0,548.0690000000001,136.63,1.2896000000000014,3,8,4,False,,True,ligands_pdbqt/CHEMBL1269025.pdbqt,-1.06,completed,vina_screening_full/poses/CHEMBL1269025_out.pdbqt,vina_screening_full/logs/CHEMBL1269025.log,1158
CHEMBL395110,MEPAZINE,Small molecule,4.0,,1,CN1CCCC(CN2c3ccccc3Sc3ccccc32)C1,"InChI=1S/C19H22N2S/c1-20-12-6-7-15(13-20)14-21-16-8-2-4-10-18(16)22-19-11-5-3-9-17(19)21/h2-5,8-11,15H,6-7,12-14H2,1H3",CBHCDHNUZWWAPP-UHFFFAOYSA-N,310.47,310.47,4.63,6.48,0.0,3.0,0.0,2,CHEMBL1712842;CHEMBL395110,MEPAZINE;MEPAZINE ACETATE,1,0.9992005825042723,True,True,True,1,False,C;N;S,,,False,False,22,2,False,0,0,310.4660000000001,6.48,4.631100000000004,0,3,4,False,,True,ligands_pdbqt/CHEMBL395110.pdbqt,-1.01,completed,vina_screening_full/poses/CHEMBL395110_out.pdbqt,vina_screening_full/logs/CHEMBL395110.log,1159
CHEMBL2105689,LULICONAZOLE,Small molecule,4.0,2013.0,0,N#C/C(=C1/SC[C@@H](c2ccc(Cl)cc2Cl)S1)n1ccnc1,"InChI=1S/C14H9Cl2N3S2/c15-9-1-2-10(11(16)5-9)13-7-20-14(21-13)12(6-17)19-4-3-18-8-19/h1-5,8,13H,7H2/b14-12+/t13-/m0/s1",YTAOBBFIOAEMLL-REQDGWNSSA-N,354.29,354.29,5.06,41.61,0.0,5.0,1.0,1,CHEMBL2105689,LULICONAZOLE,1,0.9302794814109804,True,True,True,1,False,C;Cl;N;S,,,False,False,21,2,False,0,0,354.28700000000003,41.61,5.060880000000003,0,4,3,False,,True,ligands_pdbqt/CHEMBL2105689.pdbqt,-0.956,completed,vina_screening_full/poses/CHEMBL2105689_out.pdbqt,vina_screening_full/logs/CHEMBL2105689.log,1160
CHEMBL2219425,ARIPIPRAZOLE LAUROXIL,Small molecule,4.0,2015.0,0,CCCCCCCCCCCC(=O)OCN1C(=O)CCc2ccc(OCCCCN3CCN(c4cccc(Cl)c4Cl)CC3)cc21,"InChI=1S/C36H51Cl2N3O4/c1-2-3-4-5-6-7-8-9-10-16-35(43)45-28-41-33-27-30(19-17-29(33)18-20-34(41)42)44-26-12-11-21-39-22-24-40(25-23-39)32-15-13-14-31(37)36(32)38/h13-15,17,19,27H,2-12,16,18,20-26,28H2,1H3",DDINXHAORAAYAD-UHFFFAOYSA-N,660.73,660.73,8.68,62.32,0.0,6.0,2.0,1,CHEMBL2219425,ARIPIPRAZOLE LAUROXIL,1,0.893063759803772,True,True,True,1,False,C;Cl;N;O,,,False,False,45,19,False,0,0,660.7270000000002,62.32000000000001,8.675400000000007,0,6,4,False,,True,ligands_pdbqt/CHEMBL2219425.pdbqt,-0.921,completed,vina_screening_full/poses/CHEMBL2219425_out.pdbqt,vina_screening_full/logs/CHEMBL2219425.log,1161
CHEMBL1201048,DROMOSTANOLONE PROPIONATE,Small molecule,4.0,1982.0,0,CCC(=O)O[C@H]1CC[C@H]2[C@@H]3CC[C@H]4CC(=O)[C@H](C)C[C@]4(C)[C@H]3CC[C@]12C,"InChI=1S/C23H36O3/c1-5-21(25)26-20-9-8-17-16-7-6-15-12-19(24)14(2)13-23(15,4)18(16)10-11-22(17,20)3/h14-18,20H,5-13H2,1-4H3/t14-,15+,16+,17+,18+,20+,22+,23+/m1/s1",NOTIQUSPUUHHEH-UXOVVSIBSA-N,360.54,360.54,5.17,43.37,0.0,3.0,1.0,1,CHEMBL1201048,DROMOSTANOLONE PROPIONATE,1,0.6895670294761658,True,False,True,1,False,C;O,,,False,False,26,2,False,0,0,360.5380000000002,43.370000000000005,5.166000000000006,0,3,4,False,,True,ligands_pdbqt/CHEMBL1201048.pdbqt,-0.906,completed,vina_screening_full/poses/CHEMBL1201048_out.pdbqt,vina_screening_full/logs/CHEMBL1201048.log,1162
CHEMBL415,CLOMIPRAMINE,Small molecule,4.0,1989.0,0,CN(C)CCCN1c2ccccc2CCc2ccc(Cl)cc21,"InChI=1S/C19H23ClN2/c1-21(2)12-5-13-22-18-7-4-3-6-15(18)8-9-16-10-11-17(20)14-19(16)22/h3-4,6-7,10-11,14H,5,8-9,12-13H2,1-2H3",GDLIGKIOYRNHDA-UHFFFAOYSA-N,314.86,314.86,4.53,6.48,0.0,2.0,0.0,2,CHEMBL1200710;CHEMBL415,CLOMIPRAMINE;CLOMIPRAMINE HYDROCHLORIDE,1,0.9983219981193544,True,True,True,1,False,C;Cl;N,,,False,False,22,4,False,0,0,314.86,6.48,4.528400000000004,0,2,3,False,,True,ligands_pdbqt/CHEMBL415.pdbqt,-0.789,completed,vina_screening_full/poses/CHEMBL415_out.pdbqt,vina_screening_full/logs/CHEMBL415.log,1163
CHEMBL2105762,OMARIGLIPTIN,Small molecule,4.0,2015.0,0,CS(=O)(=O)n1cc2c(n1)CN([C@H]1CO[C@H](c3cc(F)ccc3F)[C@@H](N)C1)C2,"InChI=1S/C17H20F2N4O3S/c1-27(24,25)23-7-10-6-22(8-16(10)21-23)12-5-15(20)17(26-9-12)13-4-11(18)2-3-14(13)19/h2-4,7,12,15,17H,5-6,8-9,20H2,1H3/t12-,15+,17-/m1/s1",MKMPWKUAHLTIBJ-ISTRZQFTSA-N,398.44,398.44,1.14,90.45,1.0,7.0,0.0,1,CHEMBL2105762,OMARIGLIPTIN,1,0.9535893440246582,True,True,True,1,False,C;F;N;O;S,,,False,False,27,3,False,0,0,398.4350000000001,90.45,1.1421,1,6,4,False,,True,ligands_pdbqt/CHEMBL2105762.pdbqt,-0.704,completed,vina_screening_full/poses/CHEMBL2105762_out.pdbqt,vina_screening_full/logs/CHEMBL2105762.log,1164
CHEMBL1068,OXCARBAZEPINE,Small molecule,4.0,2000.0,0,NC(=O)N1c2ccccc2CC(=O)c2ccccc21,"InChI=1S/C15H12N2O2/c16-15(19)17-12-7-3-1-5-10(12)9-14(18)11-6-2-4-8-13(11)17/h1-8H,9H2,(H2,16,19)",CTRLABGOLIVAIY-UHFFFAOYSA-N,252.27,252.27,2.64,63.4,1.0,2.0,0.0,1,CHEMBL1068,OXCARBAZEPINE,1,0.9880895137786864,True,True,True,1,False,C;N;O,,,False,False,19,0,False,0,0,252.273,63.400000000000006,2.6422000000000008,1,2,3,False,,True,ligands_pdbqt/CHEMBL1068.pdbqt,-0.702,completed,vina_screening_full/poses/CHEMBL1068_out.pdbqt,vina_screening_full/logs/CHEMBL1068.log,1165
CHEMBL728,PROCHLORPERAZINE,Small molecule,4.0,1956.0,0,CN1CCN(CCCN2c3ccccc3Sc3ccc(Cl)cc32)CC1,"InChI=1S/C20H24ClN3S/c1-22-11-13-23(14-12-22)9-4-10-24-17-5-2-3-6-19(17)25-20-8-7-16(21)15-18(20)24/h2-3,5-8,15H,4,9-14H2,1H3",WIKYUJGCLQQFNW-UHFFFAOYSA-N,373.95,373.95,4.58,9.72,0.0,4.0,0.0,3,CHEMBL1201154;CHEMBL1314751;CHEMBL728,PROCHLORPERAZINE;PROCHLORPERAZINE EDISYLATE;PROCHLORPERAZINE MALEATE,1,0.999004065990448,True,True,True,1,False,C;Cl;N;S,,,False,False,25,4,False,0,0,373.95300000000015,9.72,4.580200000000004,0,4,4,False,,True,ligands_pdbqt/CHEMBL728.pdbqt,-0.646,completed,vina_screening_full/poses/CHEMBL728_out.pdbqt,vina_screening_full/logs/CHEMBL728.log,1166
CHEMBL661,ALPRAZOLAM,Small molecule,4.0,1981.0,0,Cc1nnc2n1-c1ccc(Cl)cc1C(c1ccccc1)=NC2,"InChI=1S/C17H13ClN4/c1-11-20-21-16-10-19-17(12-5-3-2-4-6-12)14-9-13(18)7-8-15(14)22(11)16/h2-9H,10H2,1H3",VREFGVBLTWBCJP-UHFFFAOYSA-N,308.77,308.77,3.58,43.07,0.0,4.0,0.0,1,CHEMBL661,ALPRAZOLAM,1,0.9680067539215088,True,True,True,1,False,C;Cl;N,,,False,False,22,1,False,0,0,308.77200000000005,43.07,3.5801200000000017,0,3,4,False,,True,ligands_pdbqt/CHEMBL661.pdbqt,-0.603,completed,vina_screening_full/poses/CHEMBL661_out.pdbqt,vina_screening_full/logs/CHEMBL661.log,1167
CHEMBL291657,CRINECERFONT,Small molecule,4.0,2024.0,0,C#CCN(c1nc(-c2cc(C)c(OC)cc2Cl)c(C)s1)[C@@H](CC1CC1)c1ccc(C)c(F)c1,"InChI=1S/C27H28ClFN2OS/c1-6-11-31(24(13-19-8-9-19)20-10-7-16(2)23(29)14-20)27-30-26(18(4)33-27)21-12-17(3)25(32-5)15-22(21)28/h1,7,10,12,14-15,19,24H,8-9,11,13H2,2-5H3/t24-/m0/s1",IEAKXXNRGSLYTQ-DEOSSOPVSA-N,483.05,483.05,7.52,25.36,0.0,4.0,1.0,1,CHEMBL291657,CRINECERFONT,1,0.7641939640045166,True,False,True,1,False,C;Cl;F;N;O;S,,,False,False,33,8,False,0,0,483.05200000000025,25.360000000000003,7.517460000000006,0,4,4,False,,True,ligands_pdbqt/CHEMBL291657.pdbqt,-0.594,completed,vina_screening_full/poses/CHEMBL291657_out.pdbqt,vina_screening_full/logs/CHEMBL291657.log,1168
CHEMBL1675,VITAMIN A PALMITATE,Small molecule,4.0,1982.0,0,CCCCCCCCCCCCCCCC(=O)OC/C=C(C)/C=C/C=C(C)/C=C/C1=C(C)CCCC1(C)C,"InChI=1S/C36H60O2/c1-7-8-9-10-11-12-13-14-15-16-17-18-19-25-35(37)38-30-28-32(3)23-20-22-31(2)26-27-34-33(4)24-21-29-36(34,5)6/h20,22-23,26-28H,7-19,21,24-25,29-30H2,1-6H3/b23-20+,27-26+,31-22+,32-28+",VYGQUTWHTHXGQB-FFHKNEKCSA-N,524.87,524.87,11.54,26.3,0.0,2.0,2.0,1,CHEMBL1675,VITAMIN A PALMITATE,1,0.7877344012260437,True,False,True,1,False,C;O,,,False,False,38,20,False,0,0,524.8740000000004,26.3,11.542499999999986,0,2,1,False,,True,ligands_pdbqt/CHEMBL1675.pdbqt,-0.593,completed,vina_screening_full/poses/CHEMBL1675_out.pdbqt,vina_screening_full/logs/CHEMBL1675.log,1169
CHEMBL1650443,TRELAGLIPTIN,Small molecule,4.0,,0,Cn1c(=O)cc(N2CCC[C@@H](N)C2)n(Cc2cc(F)ccc2C#N)c1=O,"InChI=1S/C18H20FN5O2/c1-22-17(25)8-16(23-6-2-3-15(21)11-23)24(18(22)26)10-13-7-14(19)5-4-12(13)9-20/h4-5,7-8,15H,2-3,6,10-11,21H2,1H3/t15-/m1/s1",IWYJYHUNXVAVAA-OAHLLOKOSA-N,357.39,357.39,0.53,97.05,1.0,7.0,0.0,2,CHEMBL1650443;CHEMBL2105754,TRELAGLIPTIN;TRELAGLIPTIN SUCCINATE,1,0.9452381730079652,True,True,True,1,False,C;F;N;O,,,False,False,26,3,False,0,0,357.38900000000007,97.05,0.5335800000000002,1,5,3,False,,True,ligands_pdbqt/CHEMBL1650443.pdbqt,-0.574,completed,vina_screening_full/poses/CHEMBL1650443_out.pdbqt,vina_screening_full/logs/CHEMBL1650443.log,1170
CHEMBL2105717,CABOZANTINIB,Small molecule,4.0,2012.0,0,COc1cc2nccc(Oc3ccc(NC(=O)C4(C(=O)Nc5ccc(F)cc5)CC4)cc3)c2cc1OC,"InChI=1S/C28H24FN3O5/c1-35-24-15-21-22(16-25(24)36-2)30-14-11-23(21)37-20-9-7-19(8-10-20)32-27(34)28(12-13-28)26(33)31-18-5-3-17(29)4-6-18/h3-11,14-16H,12-13H2,1-2H3,(H,31,33)(H,32,34)",ONIQOQHATWINJY-UHFFFAOYSA-N,501.51,501.51,5.54,98.78,2.0,6.0,2.0,2,CHEMBL2103868;CHEMBL2105717,CABOZANTINIB;CABOZANTINIB S-MALATE,1,0.6075446784496308,True,False,True,1,False,C;F;N;O,,,False,False,37,8,False,0,0,501.5140000000002,98.78000000000002,5.540800000000004,2,6,5,False,,True,ligands_pdbqt/CHEMBL2105717.pdbqt,-0.567,completed,vina_screening_full/poses/CHEMBL2105717_out.pdbqt,vina_screening_full/logs/CHEMBL2105717.log,1171
CHEMBL593,DELAVIRDINE,Small molecule,4.0,1997.0,0,CC(C)Nc1cccnc1N1CCN(C(=O)c2cc3cc(NS(C)(=O)=O)ccc3[nH]2)CC1,"InChI=1S/C22H28N6O3S/c1-15(2)24-19-5-4-8-23-21(19)27-9-11-28(12-10-27)22(29)20-14-16-13-17(26-32(3,30)31)6-7-18(16)25-20/h4-8,13-15,24-26H,9-12H2,1-3H3",WHBIGIKBNXZKFE-UHFFFAOYSA-N,456.57,456.57,2.72,110.43,3.0,6.0,0.0,2,CHEMBL593;CHEMBL929,DELAVIRDINE;DELAVIRDINE MESYLATE,1,0.5264966785907745,True,False,True,1,False,C;N;O;S,,,False,False,32,6,False,0,0,456.5720000000002,110.43,2.7171000000000003,3,6,4,False,,True,ligands_pdbqt/CHEMBL593.pdbqt,-0.535,completed,vina_screening_full/poses/CHEMBL593_out.pdbqt,vina_screening_full/logs/CHEMBL593.log,1172
CHEMBL479,THIORIDAZINE,Small molecule,4.0,1962.0,1,CSc1ccc2c(c1)N(CCC1CCCCN1C)c1ccccc1S2,"InChI=1S/C21H26N2S2/c1-22-13-6-5-7-16(22)12-14-23-18-8-3-4-9-20(18)25-21-11-10-17(24-2)15-19(21)23/h3-4,8-11,15-16H,5-7,12-14H2,1-2H3",KLBQZWRITKRQQV-UHFFFAOYSA-N,370.59,370.59,5.89,6.48,0.0,4.0,1.0,2,CHEMBL1200916;CHEMBL479,THIORIDAZINE;THIORIDAZINE HYDROCHLORIDE,1,0.9985259294509888,True,True,True,1,False,C;N;S,,,False,False,25,4,False,0,0,370.587,6.48,5.885600000000005,0,4,4,False,,True,ligands_pdbqt/CHEMBL479.pdbqt,-0.516,completed,vina_screening_full/poses/CHEMBL479_out.pdbqt,vina_screening_full/logs/CHEMBL479.log,1173
CHEMBL223228,EFAVIRENZ,Small molecule,4.0,1998.0,0,O=C1Nc2ccc(Cl)cc2[C@@](C#CC2CC2)(C(F)(F)F)O1,"InChI=1S/C14H9ClF3NO2/c15-9-3-4-11-10(7-9)13(14(16,17)18,21-12(20)19-11)6-5-8-1-2-8/h3-4,7-8H,1-2H2,(H,19,20)/t13-/m0/s1",XPOQHMRABVBWPR-ZDUSSCGKSA-N,315.68,315.68,4.07,38.33,1.0,2.0,0.0,1,CHEMBL223228,EFAVIRENZ,1,0.8973762631416321,True,True,True,1,False,C;Cl;F;N;O,,,False,False,21,0,False,0,0,315.67799999999994,38.33,4.073100000000001,1,2,3,False,,True,ligands_pdbqt/CHEMBL223228.pdbqt,-0.503,completed,vina_screening_full/poses/CHEMBL223228_out.pdbqt,vina_screening_full/logs/CHEMBL223228.log,1174
CHEMBL105,MITOMYCIN,Small molecule,4.0,1981.0,0,CO[C@@]12[C@H](COC(N)=O)C3=C(C(=O)C(C)=C(N)C3=O)N1C[C@@H]1N[C@@H]12,"InChI=1S/C15H18N4O5/c1-5-9(16)12(21)8-6(4-24-14(17)22)15(23-2)13-7(18-13)3-19(15)10(8)11(5)20/h6-7,13,18H,3-4,16H2,1-2H3,(H2,17,22)/t6-,7+,13+,15-/m1/s1",NWIBSHFKIJFRCO-WUDYKRTCSA-N,334.33,334.33,-1.65,146.89,3.0,8.0,0.0,1,CHEMBL105,MITOMYCIN,1,0.6785084545612335,True,False,True,1,False,C;N;O,,,False,False,24,3,False,0,0,334.33200000000005,146.89,-1.6511999999999971,3,8,4,False,,True,ligands_pdbqt/CHEMBL105.pdbqt,-0.481,completed,vina_screening_full/poses/CHEMBL105_out.pdbqt,vina_screening_full/logs/CHEMBL105.log,1175
CHEMBL328190,LASOFOXIFENE,Small molecule,4.0,2009.0,0,Oc1ccc2c(c1)CC[C@H](c1ccccc1)[C@@H]2c1ccc(OCCN2CCCC2)cc1,"InChI=1S/C28H31NO2/c30-24-11-15-27-23(20-24)10-14-26(21-6-2-1-3-7-21)28(27)22-8-12-25(13-9-22)31-19-18-29-16-4-5-17-29/h1-3,6-9,11-13,15,20,26,28,30H,4-5,10,14,16-19H2/t26-,28+/m1/s1",GXESHMAMLJKROZ-IAPPQJPRSA-N,413.56,413.56,5.73,32.7,1.0,3.0,1.0,2,CHEMBL328190;CHEMBL6067998,LASOFOXIFENE;LASOFOXIFENE TARTRATE,1,0.7262268543243409,True,False,True,1,False,C;N;O,,,False,False,31,6,False,0,0,413.5610000000004,32.7,5.728700000000006,1,3,5,False,,True,ligands_pdbqt/CHEMBL328190.pdbqt,-0.459,completed,vina_screening_full/poses/CHEMBL328190_out.pdbqt,vina_screening_full/logs/CHEMBL328190.log,1176
CHEMBL3414621,TAZEMETOSTAT,Small molecule,4.0,2020.0,0,CCN(c1cc(-c2ccc(CN3CCOCC3)cc2)cc(C(=O)NCc2c(C)cc(C)[nH]c2=O)c1C)C1CCOCC1,"InChI=1S/C34H44N4O4/c1-5-38(29-10-14-41-15-11-29)32-20-28(27-8-6-26(7-9-27)22-37-12-16-42-17-13-37)19-30(25(32)4)33(39)35-21-31-23(2)18-24(3)36-34(31)40/h6-9,18-20,29H,5,10-17,21-22H2,1-4H3,(H,35,39)(H,36,40)",NSQSAUGJQHDYNO-UHFFFAOYSA-N,572.75,572.75,4.73,86.9,2.0,6.0,1.0,2,CHEMBL3414621;CHEMBL4594260,TAZEMETOSTAT;TAZEMETOSTAT HYDROBROMIDE,1,0.5043283462524414,True,False,True,1,False,C;N;O,,,False,False,42,9,False,0,0,572.75,86.9,4.734660000000003,2,6,5,False,,True,ligands_pdbqt/CHEMBL3414621.pdbqt,-0.437,completed,vina_screening_full/poses/CHEMBL3414621_out.pdbqt,vina_screening_full/logs/CHEMBL3414621.log,1177
CHEMBL2218861,QUINAGOLIDE,Small molecule,4.0,2004.0,0,CCCN1CC(NS(=O)(=O)N(CC)CC)CC2Cc3c(O)cccc3CC21,"InChI=1S/C20H33N3O3S/c1-4-10-22-14-17(21-27(25,26)23(5-2)6-3)11-16-12-18-15(13-19(16)22)8-7-9-20(18)24/h7-9,16-17,19,21,24H,4-6,10-14H2,1-3H3",GDFGTRDCCWFXTG-UHFFFAOYSA-N,395.57,395.57,2.14,72.88,2.0,4.0,0.0,1,CHEMBL2218861,QUINAGOLIDE,1,0.9675455331802368,True,True,True,1,False,C;N;O;S,,,False,False,27,7,False,0,0,395.5690000000001,72.88000000000001,2.136099999999999,2,4,3,False,,True,ligands_pdbqt/CHEMBL2218861.pdbqt,-0.372,completed,vina_screening_full/poses/CHEMBL2218861_out.pdbqt,vina_screening_full/logs/CHEMBL2218861.log,1178
CHEMBL4297522,PEMIGATINIB,Small molecule,4.0,2020.0,0,CCN1C(=O)N(c2c(F)c(OC)cc(OC)c2F)Cc2cnc3[nH]c(CN4CCOCC4)cc3c21,"InChI=1S/C24H27F2N5O4/c1-4-30-21-14(11-27-23-16(21)9-15(28-23)13-29-5-7-35-8-6-29)12-31(24(30)32)22-19(25)17(33-2)10-18(34-3)20(22)26/h9-11H,4-8,12-13H2,1-3H3,(H,27,28)",HCDMJFOHIXMBOV-UHFFFAOYSA-N,487.51,487.51,3.66,83.16,1.0,6.0,0.0,1,CHEMBL4297522,PEMIGATINIB,1,0.8281327486038208,True,True,True,1,False,C;F;N;O,,,False,False,35,6,False,0,0,487.5070000000004,83.16,3.657000000000002,1,6,5,False,,True,ligands_pdbqt/CHEMBL4297522.pdbqt,-0.302,completed,vina_screening_full/poses/CHEMBL4297522_out.pdbqt,vina_screening_full/logs/CHEMBL4297522.log,1179
CHEMBL4065616,REMDESIVIR,Small molecule,4.0,2020.0,0,CCC(CC)COC(=O)[C@H](C)N[P@](=O)(OC[C@H]1O[C@@](C#N)(c2ccc3c(N)ncnn23)[C@H](O)[C@@H]1O)Oc1ccccc1,"InChI=1S/C27H35N6O8P/c1-4-18(5-2)13-38-26(36)17(3)32-42(37,41-19-9-7-6-8-10-19)39-14-21-23(34)24(35)27(15-28,40-21)22-12-11-20-25(29)30-16-31-33(20)22/h6-12,16-18,21,23-24,34-35H,4-5,13-14H2,1-3H3,(H,32,37)(H2,29,30,31)/t17-,21+,23+,24+,27-,42-/m0/s1",RWWYLEGWBNMMLJ-YSOARWBDSA-N,602.59,602.59,2.31,203.55,4.0,13.0,2.0,1,CHEMBL4065616,REMDESIVIR,1,0.5050521224737168,True,False,True,1,False,C;N;O;P,,,False,False,42,13,False,0,0,602.5850000000002,203.54999999999995,2.31218,4,12,4,False,,True,ligands_pdbqt/CHEMBL4065616.pdbqt,-0.28,completed,vina_screening_full/poses/CHEMBL4065616_out.pdbqt,vina_screening_full/logs/CHEMBL4065616.log,1180
CHEMBL1254682,LEVALLORPHAN,Small molecule,4.0,1982.0,0,C=CCN1CC[C@]23CCCC[C@H]2[C@H]1Cc1ccc(O)cc13,"InChI=1S/C19H25NO/c1-2-10-20-11-9-19-8-4-3-5-16(19)18(20)12-14-6-7-15(21)13-17(14)19/h2,6-7,13,16,18,21H,1,3-5,8-12H2/t16-,18+,19+/m0/s1",OZYUPQUCAUTOBP-QXAKKESOSA-N,283.41,283.41,3.64,23.47,1.0,2.0,0.0,2,CHEMBL1254682;CHEMBL2062276,LEVALLORPHAN;LEVALLORPHAN TARTRATE,1,0.9811136603355408,True,True,True,1,False,C;N;O,,,False,False,21,2,False,0,0,283.415,23.47,3.6366000000000014,1,2,4,False,,True,ligands_pdbqt/CHEMBL1254682.pdbqt,-0.255,completed,vina_screening_full/poses/CHEMBL1254682_out.pdbqt,vina_screening_full/logs/CHEMBL1254682.log,1181
CHEMBL1471,APREPITANT,Small molecule,4.0,2003.0,0,C[C@@H](O[C@H]1OCCN(Cc2n[nH]c(=O)[nH]2)[C@H]1c1ccc(F)cc1)c1cc(C(F)(F)F)cc(C(F)(F)F)c1,"InChI=1S/C23H21F7N4O3/c1-12(14-8-15(22(25,26)27)10-16(9-14)23(28,29)30)37-20-19(13-2-4-17(24)5-3-13)34(6-7-36-20)11-18-31-21(35)33-32-18/h2-5,8-10,12,19-20H,6-7,11H2,1H3,(H2,31,32,33,35)/t12-,19+,20-/m1/s1",ATALOFNDEOCMKK-OITMNORJSA-N,534.43,534.43,4.95,83.24,2.0,5.0,1.0,1,CHEMBL1471,APREPITANT,1,0.7443147301673889,True,False,True,1,False,C;F;N;O,,,False,False,37,6,False,0,0,534.4320000000001,83.24000000000001,4.952100000000003,2,5,4,False,,True,ligands_pdbqt/CHEMBL1471.pdbqt,-0.206,completed,vina_screening_full/poses/CHEMBL1471_out.pdbqt,vina_screening_full/logs/CHEMBL1471.log,1182
CHEMBL2105224,PHOLCODINE,Small molecule,4.0,,1,CN1CC[C@]23c4c5ccc(OCCN6CCOCC6)c4O[C@H]2[C@@H](O)C=C[C@H]3[C@H]1C5,"InChI=1S/C23H30N2O4/c1-24-7-6-23-16-3-4-18(26)22(23)29-21-19(5-2-15(20(21)23)14-17(16)24)28-13-10-25-8-11-27-12-9-25/h2-5,16-18,22,26H,6-14H2,1H3/t16-,17+,18-,22-,23-/m0/s1",GPFAJKDEDBRFOS-FKQDBXSBSA-N,398.5,398.5,1.2,54.4,1.0,6.0,0.0,1,CHEMBL2105224,PHOLCODINE,1,0.94147287607193,True,True,True,1,False,C;N;O,,,False,False,29,4,False,0,0,398.503,54.400000000000006,1.2034999999999998,1,6,6,False,,True,ligands_pdbqt/CHEMBL2105224.pdbqt,-0.176,completed,vina_screening_full/poses/CHEMBL2105224_out.pdbqt,vina_screening_full/logs/CHEMBL2105224.log,1183
CHEMBL1200810,DOXERCALCIFEROL,Small molecule,4.0,1999.0,0,C=C1/C(=C\C=C2/CCC[C@]3(C)[C@@H]([C@H](C)/C=C/[C@H](C)C(C)C)CC[C@@H]23)C[C@@H](O)C[C@@H]1O,"InChI=1S/C28H44O2/c1-18(2)19(3)9-10-20(4)25-13-14-26-22(8-7-15-28(25,26)6)11-12-23-16-24(29)17-27(30)21(23)5/h9-12,18-20,24-27,29-30H,5,7-8,13-17H2,1-4,6H3/b10-9+,22-11+,23-12-/t19-,20+,24+,25+,26-,27-,28+/m0/s1",HKXBNHCUPKIYDM-CGMHZMFXSA-N,412.66,412.66,6.61,40.46,2.0,2.0,1.0,1,CHEMBL1200810,DOXERCALCIFEROL,1,0.7670833468437195,True,False,True,1,False,C;O,,,False,False,30,5,False,0,0,412.6580000000002,40.46,6.6118000000000094,2,2,3,False,,True,ligands_pdbqt/CHEMBL1200810.pdbqt,-0.166,completed,vina_screening_full/poses/CHEMBL1200810_out.pdbqt,vina_screening_full/logs/CHEMBL1200810.log,1184
CHEMBL1492500,DOTHIEPIN,Small molecule,4.0,,0,CN(C)CC/C=C1\c2ccccc2CSc2ccccc21,"InChI=1S/C19H21NS/c1-20(2)13-7-11-17-16-9-4-3-8-15(16)14-21-19-12-6-5-10-18(17)19/h3-6,8-12H,7,13-14H2,1-2H3/b17-11+",PHTUQLWOUWZIMZ-GZTJUZNOSA-N,295.45,295.45,4.68,3.24,0.0,2.0,0.0,2,CHEMBL1492500;CHEMBL1711280,DOTHIEPIN;DOTHIEPIN HYDROCHLORIDE,1,0.9950757265090944,True,True,True,1,False,C;N;S,,,False,False,21,3,False,0,0,295.451,3.24,4.675700000000004,0,2,3,False,,True,ligands_pdbqt/CHEMBL1492500.pdbqt,-0.163,completed,vina_screening_full/poses/CHEMBL1492500_out.pdbqt,vina_screening_full/logs/CHEMBL1492500.log,1185
CHEMBL1414320,SUXIBUZONE,Small molecule,4.0,,1,CCCCC1(COC(=O)CCC(=O)O)C(=O)N(c2ccccc2)N(c2ccccc2)C1=O,"InChI=1S/C24H26N2O6/c1-2-3-16-24(17-32-21(29)15-14-20(27)28)22(30)25(18-10-6-4-7-11-18)26(23(24)31)19-12-8-5-9-13-19/h4-13H,2-3,14-17H2,1H3,(H,27,28)",ONWXNHPOAGOMTG-UHFFFAOYSA-N,438.48,438.48,3.57,104.22,1.0,5.0,0.0,1,CHEMBL1414320,SUXIBUZONE,1,0.6348095178604126,True,False,True,1,False,C;N;O,,,False,False,32,10,False,0,0,438.4800000000001,104.22,3.5660000000000025,1,5,3,False,,True,ligands_pdbqt/CHEMBL1414320.pdbqt,-0.119,completed,vina_screening_full/poses/CHEMBL1414320_out.pdbqt,vina_screening_full/logs/CHEMBL1414320.log,1186
CHEMBL654,MIRTAZAPINE,Small molecule,4.0,1996.0,0,CN1CCN2c3ncccc3Cc3ccccc3C2C1,"InChI=1S/C17H19N3/c1-19-9-10-20-16(12-19)15-7-3-2-5-13(15)11-14-6-4-8-18-17(14)20/h2-8,16H,9-12H2,1H3",RONZAEMNMFQXRA-UHFFFAOYSA-N,265.36,265.36,2.48,19.37,0.0,3.0,0.0,1,CHEMBL654,MIRTAZAPINE,1,0.9944703936576844,True,True,True,1,False,C;N,,,False,False,20,0,False,0,0,265.36,19.37,2.4789000000000003,0,3,4,False,,True,ligands_pdbqt/CHEMBL654.pdbqt,-0.105,completed,vina_screening_full/poses/CHEMBL654_out.pdbqt,vina_screening_full/logs/CHEMBL654.log,1187
CHEMBL3137312,DASABUVIR,Small molecule,4.0,2014.0,0,COc1c(-c2ccc3cc(NS(C)(=O)=O)ccc3c2)cc(-n2ccc(=O)[nH]c2=O)cc1C(C)(C)C,"InChI=1S/C26H27N3O5S/c1-26(2,3)22-15-20(29-11-10-23(30)27-25(29)31)14-21(24(22)34-4)18-7-6-17-13-19(28-35(5,32)33)9-8-16(17)12-18/h6-15,28H,1-5H3,(H,27,30,31)",NBRBXGKOEOGLOI-UHFFFAOYSA-N,493.59,493.59,4.02,110.26,2.0,6.0,0.0,2,CHEMBL3137312;CHEMBL3544985,DASABUVIR;DASABUVIR SODIUM MONOHYDRATE,1,0.5467125594615936,True,False,True,1,False,C;N;O;S,,,False,False,35,5,False,0,0,493.58500000000026,110.26,4.023600000000002,2,5,4,False,,True,ligands_pdbqt/CHEMBL3137312.pdbqt,-0.098,completed,vina_screening_full/poses/CHEMBL3137312_out.pdbqt,vina_screening_full/logs/CHEMBL3137312.log,1188
CHEMBL3707331,ROLAPITANT,Small molecule,4.0,2015.0,0,C[C@@H](OC[C@@]1(c2ccccc2)CC[C@]2(CCC(=O)N2)CN1)c1cc(C(F)(F)F)cc(C(F)(F)F)c1,"InChI=1S/C25H26F6N2O2/c1-16(17-11-19(24(26,27)28)13-20(12-17)25(29,30)31)35-15-23(18-5-3-2-4-6-18)10-9-22(14-32-23)8-7-21(34)33-22/h2-6,11-13,16,32H,7-10,14-15H2,1H3,(H,33,34)/t16-,22-,23-/m1/s1",FIVSJYGQAIEMOC-ZGNKEGEESA-N,500.48,500.48,5.73,50.36,2.0,3.0,2.0,2,CHEMBL3707330;CHEMBL3707331,ROLAPITANT;ROLAPITANT HYDROCHLORIDE,1,0.8450754761695862,True,True,True,1,False,C;F;N;O,,,False,False,35,5,False,0,0,500.483,50.36,5.729500000000005,2,3,4,False,,True,ligands_pdbqt/CHEMBL3707331.pdbqt,-0.068,completed,vina_screening_full/poses/CHEMBL3707331_out.pdbqt,vina_screening_full/logs/CHEMBL3707331.log,1189
CHEMBL3707310,LOTILANER,Small molecule,4.0,2017.0,0,Cc1cc(C2=NO[C@@](c3cc(Cl)c(Cl)c(Cl)c3)(C(F)(F)F)C2)sc1C(=O)NCC(=O)NCC(F)(F)F,"InChI=1S/C20H14Cl3F6N3O3S/c1-8-2-13(36-16(8)17(34)30-6-14(33)31-7-19(24,25)26)12-5-18(35-32-12,20(27,28)29)9-3-10(21)15(23)11(22)4-9/h2-4H,5-7H2,1H3,(H,30,34)(H,31,33)/t18-/m0/s1",HDKWFBCPLKNOCK-SFHVURJKSA-N,596.76,596.76,6.01,79.79,2.0,5.0,2.0,1,CHEMBL3707310,LOTILANER,1,0.7252122163772583,True,False,True,1,False,C;Cl;F;N;O;S,,,False,False,36,6,False,0,0,596.7640000000002,79.78999999999999,6.007220000000003,2,5,3,False,,True,ligands_pdbqt/CHEMBL3707310.pdbqt,-0.06,completed,vina_screening_full/poses/CHEMBL3707310_out.pdbqt,vina_screening_full/logs/CHEMBL3707310.log,1190
CHEMBL32479,BROTIZOLAM,Small molecule,4.0,1984.0,0,Cc1nnc2n1-c1sc(Br)cc1C(c1ccccc1Cl)=NC2,"InChI=1S/C15H10BrClN4S/c1-8-19-20-13-7-18-14(9-4-2-3-5-11(9)17)10-6-12(16)22-15(10)21(8)13/h2-6H,7H2,1H3",UMSGKTJDUHERQW-UHFFFAOYSA-N,393.7,393.7,4.4,43.07,0.0,5.0,0.0,1,CHEMBL32479,BROTIZOLAM,1,0.9776873588562012,True,True,True,1,False,Br;C;Cl;N;S,,,False,False,22,1,False,0,0,393.69700000000006,43.07,4.404120000000002,0,4,4,False,,True,ligands_pdbqt/CHEMBL32479.pdbqt,-0.048,completed,vina_screening_full/poses/CHEMBL32479_out.pdbqt,vina_screening_full/logs/CHEMBL32479.log,1191
CHEMBL61,PODOFILOX,Small molecule,4.0,1990.0,0,COc1cc([C@@H]2c3cc4c(cc3[C@H](O)[C@H]3COC(=O)[C@H]23)OCO4)cc(OC)c1OC,"InChI=1S/C22H22O8/c1-25-16-4-10(5-17(26-2)21(16)27-3)18-11-6-14-15(30-9-29-14)7-12(11)20(23)13-8-28-22(24)19(13)18/h4-7,13,18-20,23H,8-9H2,1-3H3/t13-,18+,19-,20-/m0/s1",YJGVMLPVUAXIQN-XVVDYKMHSA-N,414.41,414.41,2.41,92.68,1.0,8.0,0.0,1,CHEMBL61,PODOFILOX,1,0.5953198969364166,True,False,True,1,False,C;O,,,False,False,30,4,False,0,0,414.41000000000025,92.68,2.4092,1,8,5,False,,True,ligands_pdbqt/CHEMBL61.pdbqt,-0.038,completed,vina_screening_full/poses/CHEMBL61_out.pdbqt,vina_screening_full/logs/CHEMBL61.log,1192
CHEMBL1571,TESTOLACTONE,Small molecule,4.0,1969.0,0,C[C@]12C=CC(=O)C=C1CC[C@@H]1[C@@H]2CC[C@]2(C)OC(=O)CC[C@@H]12,"InChI=1S/C19H24O3/c1-18-9-7-13(20)11-12(18)3-4-14-15(18)8-10-19(2)16(14)5-6-17(21)22-19/h7,9,11,14-16H,3-6,8,10H2,1-2H3/t14-,15+,16+,18+,19+/m1/s1",BPEWUONYVDABNZ-DZBHQSCQSA-N,300.4,300.4,3.59,43.37,0.0,3.0,0.0,1,CHEMBL1571,TESTOLACTONE,1,0.6339968204498291,True,False,True,1,False,C;O,,,False,False,22,0,False,0,0,300.3980000000001,43.370000000000005,3.5899000000000028,0,3,4,False,,True,ligands_pdbqt/CHEMBL1571.pdbqt,-0.029,completed,vina_screening_full/poses/CHEMBL1571_out.pdbqt,vina_screening_full/logs/CHEMBL1571.log,1193
CHEMBL1113,AMOXAPINE,Small molecule,4.0,1980.0,0,Clc1ccc2c(c1)C(N1CCNCC1)=Nc1ccccc1O2,"InChI=1S/C17H16ClN3O/c18-12-5-6-15-13(11-12)17(21-9-7-19-8-10-21)20-14-3-1-2-4-16(14)22-15/h1-6,11,19H,7-10H2",QWGDMFLQWFTERH-UHFFFAOYSA-N,313.79,313.79,3.43,36.86,1.0,4.0,0.0,1,CHEMBL1113,AMOXAPINE,1,0.990663743019104,True,True,True,1,False,C;Cl;N;O,,,False,False,22,0,False,0,0,313.788,36.86,3.4292000000000025,1,4,4,False,,True,ligands_pdbqt/CHEMBL1113.pdbqt,-0.019,completed,vina_screening_full/poses/CHEMBL1113_out.pdbqt,vina_screening_full/logs/CHEMBL1113.log,1194
CHEMBL1096146,PONESIMOD,Small molecule,4.0,2021.0,0,CCC/N=C1\S/C(=C\c2ccc(OC[C@H](O)CO)c(Cl)c2)C(=O)N1c1ccccc1C,"InChI=1S/C23H25ClN2O4S/c1-3-10-25-23-26(19-7-5-4-6-15(19)2)22(29)21(31-23)12-16-8-9-20(18(24)11-16)30-14-17(28)13-27/h4-9,11-12,17,27-28H,3,10,13-14H2,1-2H3/b21-12-,25-23-/t17-/m1/s1",LPAUOXUZGSBGDU-STDDISTJSA-N,460.98,460.98,4.27,82.36,2.0,6.0,0.0,1,CHEMBL1096146,PONESIMOD,1,0.6643318712711335,True,False,True,1,False,C;Cl;N;O;S,,,False,False,31,8,False,0,0,460.9830000000001,82.36,4.267320000000003,2,6,3,False,,True,ligands_pdbqt/CHEMBL1096146.pdbqt,0.022,completed,vina_screening_full/poses/CHEMBL1096146_out.pdbqt,vina_screening_full/logs/CHEMBL1096146.log,1195
CHEMBL431770,ISTRADEFYLLINE,Small molecule,4.0,,0,CCn1c(=O)c2c(nc(/C=C/c3ccc(OC)c(OC)c3)n2C)n(CC)c1=O,"InChI=1S/C20H24N4O4/c1-6-23-18-17(19(25)24(7-2)20(23)26)22(3)16(21-18)11-9-13-8-10-14(27-4)15(12-13)28-5/h8-12H,6-7H2,1-5H3/b11-9+",IQVRBWUUXZMOPW-PKNBQFBNSA-N,384.44,384.44,2.12,80.28,0.0,8.0,0.0,1,CHEMBL431770,ISTRADEFYLLINE,1,0.6627052903175354,True,False,True,1,False,C;N;O,,,False,False,28,6,False,0,0,384.4360000000002,80.28,2.1241000000000003,0,5,3,False,,True,ligands_pdbqt/CHEMBL431770.pdbqt,0.03,completed,vina_screening_full/poses/CHEMBL431770_out.pdbqt,vina_screening_full/logs/CHEMBL431770.log,1196
CHEMBL22097,LORMETAZEPAM,Small molecule,4.0,,0,CN1C(=O)C(O)N=C(c2ccccc2Cl)c2cc(Cl)ccc21,"InChI=1S/C16H12Cl2N2O2/c1-20-13-7-6-9(17)8-11(13)14(19-15(21)16(20)22)10-4-2-3-5-12(10)18/h2-8,15,21H,1H3",FJIKWRGCXUCUIG-UHFFFAOYSA-N,335.19,335.19,3.13,52.9,1.0,3.0,0.0,1,CHEMBL22097,LORMETAZEPAM,1,0.9945072650909424,True,True,True,1,False,C;Cl;N;O,,,False,False,22,1,False,0,0,335.1900000000001,52.900000000000006,3.1256000000000013,1,3,3,False,,True,ligands_pdbqt/CHEMBL22097.pdbqt,0.047,completed,vina_screening_full/poses/CHEMBL22097_out.pdbqt,vina_screening_full/logs/CHEMBL22097.log,1197
CHEMBL3301610,ABEMACICLIB,Small molecule,4.0,2017.0,0,CCN1CCN(Cc2ccc(Nc3ncc(F)c(-c4cc(F)c5nc(C)n(C(C)C)c5c4)n3)nc2)CC1,"InChI=1S/C27H32F2N8/c1-5-35-8-10-36(11-9-35)16-19-6-7-24(30-14-19)33-27-31-15-22(29)25(34-27)20-12-21(28)26-23(13-20)37(17(2)3)18(4)32-26/h6-7,12-15,17H,5,8-11,16H2,1-4H3,(H,30,31,33,34)",UZWDCWONPYILKI-UHFFFAOYSA-N,506.61,506.61,4.94,75.0,1.0,8.0,1.0,1,CHEMBL3301610,ABEMACICLIB,1,0.8117886185646057,True,True,True,1,False,C;F;N,,,False,False,37,7,False,0,0,506.6050000000003,75.0,4.936920000000004,1,7,5,False,,True,ligands_pdbqt/CHEMBL3301610.pdbqt,0.052,completed,vina_screening_full/poses/CHEMBL3301610_out.pdbqt,vina_screening_full/logs/CHEMBL3301610.log,1198
CHEMBL407,FLUMAZENIL,Small molecule,4.0,1991.0,0,CCOC(=O)c1ncn2c1CN(C)C(=O)c1cc(F)ccc1-2,"InChI=1S/C15H14FN3O3/c1-3-22-15(21)13-12-7-18(2)14(20)10-6-9(16)4-5-11(10)19(12)8-17-13/h4-6,8H,3,7H2,1-2H3",OFBIFZUFASYYRE-UHFFFAOYSA-N,303.29,303.29,1.77,64.43,0.0,5.0,0.0,1,CHEMBL407,FLUMAZENIL,1,0.9909448623657228,True,True,True,1,False,C;F;N;O,,,False,False,22,2,False,0,0,303.293,64.43,1.7736999999999998,0,4,3,False,,True,ligands_pdbqt/CHEMBL407.pdbqt,0.061,completed,vina_screening_full/poses/CHEMBL407_out.pdbqt,vina_screening_full/logs/CHEMBL407.log,1199
CHEMBL1201232,ISOPROPAMIDE,Small molecule,4.0,1957.0,0,CC(C)[N+](C)(CCC(C(N)=O)(c1ccccc1)c1ccccc1)C(C)C,"InChI=1S/C23H32N2O/c1-18(2)25(5,19(3)4)17-16-23(22(24)26,20-12-8-6-9-13-20)21-14-10-7-11-15-21/h6-15,18-19H,16-17H2,1-5H3,(H-,24,26)/p+1",JTPUMZTWMWIVPA-UHFFFAOYSA-O,353.53,353.53,4.11,43.09,1.0,1.0,0.0,2,CHEMBL1200347;CHEMBL1201232,ISOPROPAMIDE;ISOPROPAMIDE IODIDE,1,0.5047341227531433,True,False,True,1,False,C;N;O,,,False,False,26,8,False,1,1,353.5300000000001,43.09,4.111500000000003,1,1,2,False,,True,ligands_pdbqt/CHEMBL1201232.pdbqt,0.127,completed,vina_screening_full/poses/CHEMBL1201232_out.pdbqt,vina_screening_full/logs/CHEMBL1201232.log,1200
CHEMBL45816,MIBEFRADIL,Small molecule,4.0,1997.0,1,COCC(=O)O[C@]1(CCN(C)CCCc2nc3ccccc3[nH]2)CCc2cc(F)ccc2[C@@H]1C(C)C,"InChI=1S/C29H38FN3O3/c1-20(2)28-23-12-11-22(30)18-21(23)13-14-29(28,36-27(34)19-35-4)15-17-33(3)16-7-10-26-31-24-8-5-6-9-25(24)32-26/h5-6,8-9,11-12,18,20,28H,7,10,13-17,19H2,1-4H3,(H,31,32)/t28-,29-/m0/s1",HBNPJJILLOYFJU-VMPREFPWSA-N,495.64,495.64,5.27,67.45,1.0,5.0,1.0,2,CHEMBL1534525;CHEMBL45816,MIBEFRADIL;MIBEFRADIL DIHYDROCHLORIDE,1,0.9097415328025816,True,True,True,1,False,C;F;N;O,,,False,False,36,11,False,0,0,495.6390000000002,67.45,5.270900000000005,1,5,4,False,,True,ligands_pdbqt/CHEMBL45816.pdbqt,0.169,completed,vina_screening_full/poses/CHEMBL45816_out.pdbqt,vina_screening_full/logs/CHEMBL45816.log,1201
CHEMBL659,GALANTAMINE,Small molecule,4.0,2001.0,0,COc1ccc2c3c1O[C@H]1C[C@@H](O)C=C[C@@]31CCN(C)C2,"InChI=1S/C17H21NO3/c1-18-8-7-17-6-5-12(19)9-14(17)21-16-13(20-2)4-3-11(10-18)15(16)17/h3-6,12,14,19H,7-10H2,1-2H3/t12-,14-,17-/m0/s1",ASUTZQLVASHGKV-JDFRZJQESA-N,287.36,287.36,1.85,41.93,1.0,4.0,0.0,2,CHEMBL1555;CHEMBL659,GALANTAMINE;GALANTAMINE HYDROBROMIDE,1,0.957522404193878,True,True,True,1,False,C;N;O,,,False,False,21,1,False,0,0,287.35900000000004,41.93,1.8503,1,4,4,False,,True,ligands_pdbqt/CHEMBL659.pdbqt,0.222,completed,vina_screening_full/poses/CHEMBL659_out.pdbqt,vina_screening_full/logs/CHEMBL659.log,1202
CHEMBL1738990,LEVOPROPOXYPHENE,Small molecule,4.0,1962.0,0,CCC(=O)O[C@@](Cc1ccccc1)(c1ccccc1)[C@@H](C)CN(C)C,"InChI=1S/C22H29NO2/c1-5-21(24)25-22(18(2)17-23(3)4,20-14-10-7-11-15-20)16-19-12-8-6-9-13-19/h6-15,18H,5,16-17H2,1-4H3/t18-,22+/m0/s1",XLMALTXPSGQGBX-PGRDOPGGSA-N,339.48,339.48,4.28,29.54,0.0,3.0,0.0,2,CHEMBL1593906;CHEMBL1738990,LEVOPROPOXYPHENE;LEVOPROPOXYPHENE NAPSYLATE,1,0.8882546067237854,True,True,True,1,False,C;N;O,,,False,False,25,8,False,0,0,339.47900000000016,29.54,4.275500000000004,0,3,2,False,,True,ligands_pdbqt/CHEMBL1738990.pdbqt,0.258,completed,vina_screening_full/poses/CHEMBL1738990_out.pdbqt,vina_screening_full/logs/CHEMBL1738990.log,1203
CHEMBL420762,MOZAVAPTAN,Small molecule,4.0,2006.0,0,Cc1ccccc1C(=O)Nc1ccc(C(=O)N2CCCC(N(C)C)c3ccccc32)cc1,"InChI=1S/C27H29N3O2/c1-19-9-4-5-10-22(19)26(31)28-21-16-14-20(15-17-21)27(32)30-18-8-13-24(29(2)3)23-11-6-7-12-25(23)30/h4-7,9-12,14-17,24H,8,13,18H2,1-3H3,(H,28,31)",WRNXUQJJCIZICJ-UHFFFAOYSA-N,427.55,427.55,5.29,52.65,1.0,3.0,1.0,1,CHEMBL420762,MOZAVAPTAN,1,0.9188006162643432,True,True,True,1,False,C;N;O,,,False,False,32,4,False,0,0,427.5480000000001,52.650000000000006,5.290620000000005,1,3,4,False,,True,ligands_pdbqt/CHEMBL420762.pdbqt,0.279,completed,vina_screening_full/poses/CHEMBL420762_out.pdbqt,vina_screening_full/logs/CHEMBL420762.log,1204
CHEMBL1756,ESTRAMUSTINE PHOSPHATE,Small molecule,4.0,1981.0,0,C[C@]12CC[C@@H]3c4ccc(OC(=O)N(CCCl)CCCl)cc4CC[C@H]3[C@@H]1CC[C@@H]2OP(=O)(O)O,"InChI=1S/C23H32Cl2NO6P/c1-23-9-8-18-17-5-3-16(31-22(27)26(12-10-24)13-11-25)14-15(17)2-4-19(18)20(23)6-7-21(23)32-33(28,29)30/h3,5,14,18-21H,2,4,6-13H2,1H3,(H2,28,29,30)/t18-,19-,20+,21+,23+/m1/s1",ADFOJJHRTBFFOF-RBRWEJTLSA-N,520.39,520.39,5.3,96.3,2.0,4.0,2.0,2,CHEMBL1200721;CHEMBL1756,ESTRAMUSTINE PHOSPHATE;ESTRAMUSTINE PHOSPHATE SODIUM,1,0.6304335772991181,True,False,True,1,False,C;Cl;N;O;P,,,False,False,33,7,False,0,0,520.3900000000002,96.3,5.299000000000007,2,4,4,False,,True,ligands_pdbqt/CHEMBL1756.pdbqt,0.282,completed,vina_screening_full/poses/CHEMBL1756_out.pdbqt,vina_screening_full/logs/CHEMBL1756.log,1205
CHEMBL3544914,TEZACAFTOR,Small molecule,4.0,2018.0,0,CC(C)(CO)c1cc2cc(NC(=O)C3(c4ccc5c(c4)OC(F)(F)O5)CC3)c(F)cc2n1C[C@@H](O)CO,"InChI=1S/C26H27F3N2O6/c1-24(2,13-33)22-8-14-7-18(17(27)10-19(14)31(22)11-16(34)12-32)30-23(35)25(5-6-25)15-3-4-20-21(9-15)37-26(28,29)36-20/h3-4,7-10,16,32-34H,5-6,11-13H2,1-2H3,(H,30,35)/t16-/m1/s1",MJUVRTYWUMPBTR-MRXNPFEDSA-N,520.5,520.5,3.4,113.18,4.0,7.0,1.0,1,CHEMBL3544914,TEZACAFTOR,1,0.841193962097168,True,True,True,1,False,C;F;N;O,,,False,False,37,8,False,0,0,520.5040000000002,113.18,3.395300000000002,4,6,5,False,,True,ligands_pdbqt/CHEMBL3544914.pdbqt,0.297,completed,vina_screening_full/poses/CHEMBL3544914_out.pdbqt,vina_screening_full/logs/CHEMBL3544914.log,1206
CHEMBL502835,NINTEDANIB,Small molecule,4.0,2014.0,0,COC(=O)c1ccc2c(c1)NC(=O)/C2=C(\Nc1ccc(N(C)C(=O)CN2CCN(C)CC2)cc1)c1ccccc1,"InChI=1S/C31H33N5O4/c1-34-15-17-36(18-16-34)20-27(37)35(2)24-12-10-23(11-13-24)32-29(21-7-5-4-6-8-21)28-25-14-9-22(31(39)40-3)19-26(25)33-30(28)38/h4-14,19,32H,15-18,20H2,1-3H3,(H,33,38)/b29-28-",XZXHXSATPCNXJR-ZIADKAODSA-N,539.64,539.64,3.62,94.22,2.0,7.0,1.0,2,CHEMBL3039504;CHEMBL502835,NINTEDANIB;NINTEDANIB ESYLATE,1,0.6365002989768982,True,False,True,1,False,C;N;O,,,False,False,40,7,False,0,0,539.6360000000004,94.21999999999996,3.6159000000000026,2,7,5,False,,True,ligands_pdbqt/CHEMBL502835.pdbqt,0.324,completed,vina_screening_full/poses/CHEMBL502835_out.pdbqt,vina_screening_full/logs/CHEMBL502835.log,1207
CHEMBL3218576,COPANLISIB,Small molecule,4.0,2017.0,0,COc1c(OCCCN2CCOCC2)ccc2c1N=C(NC(=O)c1cnc(N)nc1)N1CCN=C21,"InChI=1S/C23H28N8O4/c1-33-19-17(35-10-2-6-30-8-11-34-12-9-30)4-3-16-18(19)28-23(31-7-5-25-20(16)31)29-21(32)15-13-26-22(24)27-14-15/h3-4,13-14H,2,5-12H2,1H3,(H2,24,26,27)(H,28,29,32)",PZBCKZWLPGJMAO-UHFFFAOYSA-N,480.53,480.53,0.66,139.79,2.0,11.0,1.0,2,CHEMBL3218576;CHEMBL3545068,COPANLISIB;COPANLISIB HYDROCHLORIDE,1,0.591420316696167,True,False,True,1,False,C;N;O,,,False,False,35,7,False,0,0,480.5290000000002,139.79000000000002,0.661800000000002,2,11,5,False,,True,ligands_pdbqt/CHEMBL3218576.pdbqt,0.393,completed,vina_screening_full/poses/CHEMBL3218576_out.pdbqt,vina_screening_full/logs/CHEMBL3218576.log,1208
CHEMBL1200472,QUAZEPAM,Small molecule,4.0,1985.0,0,Fc1ccccc1C1=NCC(=S)N(CC(F)(F)F)c2ccc(Cl)cc21,"InChI=1S/C17H11ClF4N2S/c18-10-5-6-14-12(7-10)16(11-3-1-2-4-13(11)19)23-8-15(25)24(14)9-17(20,21)22/h1-7H,8-9H2",IKMPWMZBZSAONZ-UHFFFAOYSA-N,386.8,386.8,5.03,15.6,0.0,2.0,1.0,1,CHEMBL1200472,QUAZEPAM,1,0.986733341217041,True,True,True,1,False,C;Cl;F;N;S,,,False,False,25,2,False,0,0,386.8010000000001,15.6,5.026200000000003,0,2,3,False,,True,ligands_pdbqt/CHEMBL1200472.pdbqt,0.517,completed,vina_screening_full/poses/CHEMBL1200472_out.pdbqt,vina_screening_full/logs/CHEMBL1200472.log,1209
CHEMBL515387,GOSOGLIPTIN,Small molecule,4.0,2016.0,0,O=C([C@@H]1C[C@H](N2CCN(c3ncccn3)CC2)CN1)N1CCC(F)(F)C1,"InChI=1S/C17H24F2N6O/c18-17(19)2-5-25(12-17)15(26)14-10-13(11-22-14)23-6-8-24(9-7-23)16-20-3-1-4-21-16/h1,3-4,13-14,22H,2,5-12H2/t13-,14-/m0/s1",QWEWGXUTRTXFRF-KBPBESRZSA-N,366.42,366.42,0.2,64.6,1.0,6.0,0.0,1,CHEMBL515387,GOSOGLIPTIN,1,0.9040399074554444,True,True,True,1,False,C;F;N;O,,,False,False,26,3,False,0,0,366.4160000000001,64.60000000000001,0.1967000000000005,1,6,4,False,,True,ligands_pdbqt/CHEMBL515387.pdbqt,0.519,completed,vina_screening_full/poses/CHEMBL515387_out.pdbqt,vina_screening_full/logs/CHEMBL515387.log,1210
CHEMBL5189739,BEROTRALSTAT,Small molecule,4.0,2020.0,0,N#Cc1cccc([C@@H](NCC2CC2)c2ccc(F)c(NC(=O)c3cc(C(F)(F)F)nn3-c3cccc(CN)c3)c2)c1,"InChI=1S/C30H26F4N6O/c31-24-10-9-22(28(37-17-18-7-8-18)21-5-1-3-19(11-21)15-35)13-25(24)38-29(41)26-14-27(30(32,33)34)39-40(26)23-6-2-4-20(12-23)16-36/h1-6,9-14,18,28,37H,7-8,16-17,36H2,(H,38,41)/t28-/m1/s1",UXNXMBYCBRBRFD-MUUNZHRXSA-N,562.57,562.57,5.7,108.76,3.0,6.0,2.0,2,CHEMBL5189739;CHEMBL6067995,BEROTRALSTAT;BEROTRALSTAT HYDROCHLORIDE,1,0.7259365081787109,True,False,True,1,False,C;F;N;O,,,False,False,41,9,False,0,0,562.571,108.76,5.7018800000000045,3,5,5,False,,True,ligands_pdbqt/CHEMBL5189739.pdbqt,0.534,completed,vina_screening_full/poses/CHEMBL5189739_out.pdbqt,vina_screening_full/logs/CHEMBL5189739.log,1211
CHEMBL220492,TOPIRAMATE,Small molecule,4.0,1996.0,0,CC1(C)O[C@@H]2[C@@H](CO[C@@]3(COS(N)(=O)=O)OC(C)(C)O[C@@H]23)O1,"InChI=1S/C12H21NO8S/c1-10(2)18-7-5-16-12(6-17-22(13,14)15)9(8(7)19-10)20-11(3,4)21-12/h7-9H,5-6H2,1-4H3,(H2,13,14,15)/t7-,8-,9+,12+/m1/s1",KJADKKWYZYXHBB-XBWDGYHZSA-N,339.37,339.37,-0.4,115.54,1.0,8.0,0.0,1,CHEMBL220492,TOPIRAMATE,1,0.9723371267318726,True,True,True,1,False,C;N;O;S,,,False,False,22,3,False,0,0,339.3660000000001,115.54,-0.3953999999999982,1,8,3,False,,True,ligands_pdbqt/CHEMBL220492.pdbqt,0.537,completed,vina_screening_full/poses/CHEMBL220492_out.pdbqt,vina_screening_full/logs/CHEMBL220492.log,1212
CHEMBL1685,DEZOCINE,Small molecule,4.0,1989.0,0,C[C@@]12CCCCC[C@@H](Cc3ccc(O)cc31)[C@@H]2N,"InChI=1S/C16H23NO/c1-16-8-4-2-3-5-12(15(16)17)9-11-6-7-13(18)10-14(11)16/h6-7,10,12,15,18H,2-5,8-9,17H2,1H3/t12-,15-,16+/m0/s1",VTMVHDZWSFQSQP-VBNZEHGJSA-N,245.37,245.37,3.11,46.25,2.0,2.0,0.0,1,CHEMBL1685,DEZOCINE,1,0.7903890371322632,True,False,True,1,False,C;N;O,,,False,False,18,0,False,0,0,245.366,46.25,3.113600000000001,2,2,3,False,,True,ligands_pdbqt/CHEMBL1685.pdbqt,0.548,completed,vina_screening_full/poses/CHEMBL1685_out.pdbqt,vina_screening_full/logs/CHEMBL1685.log,1213
CHEMBL1328,PENTAGASTRIN,Small molecule,4.0,1974.0,0,CSCC[C@H](NC(=O)[C@H](Cc1c[nH]c2ccccc12)NC(=O)CCNC(=O)OC(C)(C)C)C(=O)N[C@@H](CC(=O)O)C(=O)N[C@@H](Cc1ccccc1)C(N)=O,"InChI=1S/C37H49N7O9S/c1-37(2,3)53-36(52)39-16-14-30(45)41-28(19-23-21-40-25-13-9-8-12-24(23)25)34(50)42-26(15-17-54-4)33(49)44-29(20-31(46)47)35(51)43-27(32(38)48)18-22-10-6-5-7-11-22/h5-13,21,26-29,40H,14-20H2,1-4H3,(H2,38,48)(H,39,52)(H,41,45)(H,42,50)(H,43,51)(H,44,49)(H,46,47)/t26-,27-,28-,29-/m0/s1",NEYNJQRKHLUJRU-DZUOILHNSA-N,767.91,767.91,1.52,250.91,8.0,9.0,2.0,1,CHEMBL1328,PENTAGASTRIN,1,0.576074892282486,True,False,True,1,False,C;N;O;S,,,False,False,54,20,False,0,0,767.9060000000002,250.91,1.5202000000000044,8,9,3,False,,True,ligands_pdbqt/CHEMBL1328.pdbqt,0.562,completed,vina_screening_full/poses/CHEMBL1328_out.pdbqt,vina_screening_full/logs/CHEMBL1328.log,1214
CHEMBL1064,SIMVASTATIN,Small molecule,4.0,1991.0,0,CCC(C)(C)C(=O)O[C@H]1C[C@@H](C)C=C2C=C[C@H](C)[C@H](CC[C@@H]3C[C@@H](O)CC(=O)O3)[C@H]21,"InChI=1S/C25H38O5/c1-6-25(4,5)24(28)30-21-12-15(2)11-17-8-7-16(3)20(23(17)21)10-9-19-13-18(26)14-22(27)29-19/h7-8,11,15-16,18-21,23,26H,6,9-10,12-14H2,1-5H3/t15-,16-,18+,19+,20-,21-,23-/m0/s1",RYMZZMVNJRMUDD-HGQWONQESA-N,418.57,418.57,4.59,72.83,1.0,5.0,0.0,1,CHEMBL1064,SIMVASTATIN,1,0.538091418147087,True,False,True,1,False,C;O,,,False,False,30,6,False,0,0,418.5740000000002,72.83,4.585600000000005,1,5,3,False,,True,ligands_pdbqt/CHEMBL1064.pdbqt,0.567,completed,vina_screening_full/poses/CHEMBL1064_out.pdbqt,vina_screening_full/logs/CHEMBL1064.log,1215
CHEMBL3137308,PEFICITINIB,Small molecule,4.0,2019.0,0,NC(=O)c1cnc2[nH]ccc2c1N[C@@H]1[C@@H]2CC3C[C@H]1C[C@@](O)(C3)C2,"InChI=1S/C18H22N4O2/c19-16(23)13-8-21-17-12(1-2-20-17)15(13)22-14-10-3-9-4-11(14)7-18(24,5-9)6-10/h1-2,8-11,14,24H,3-7H2,(H2,19,23)(H2,20,21,22)/t9?,10-,11+,14-,18-",DREIJXJRTLTGJC-ZLBJMMTISA-N,326.4,326.4,2.01,104.03,4.0,4.0,0.0,2,CHEMBL3137308;CHEMBL3137329,PEFICITINIB;PEFICITINIB HYDROBROMIDE,1,0.595931988954544,True,False,True,1,False,C;N;O,,,False,False,24,3,False,0,0,326.40000000000015,104.03000000000002,2.0133,4,4,6,False,,True,ligands_pdbqt/CHEMBL3137308.pdbqt,0.597,completed,vina_screening_full/poses/CHEMBL3137308_out.pdbqt,vina_screening_full/logs/CHEMBL3137308.log,1216
CHEMBL1201747,ALCAFTADINE,Small molecule,4.0,2010.0,0,CN1CCC(=C2c3ccccc3CCn3c(C=O)cnc32)CC1,"InChI=1S/C19H21N3O/c1-21-9-6-15(7-10-21)18-17-5-3-2-4-14(17)8-11-22-16(13-23)12-20-19(18)22/h2-5,12-13H,6-11H2,1H3",MWTBKTRZPHJQLH-UHFFFAOYSA-N,307.4,307.4,2.78,38.13,0.0,4.0,0.0,1,CHEMBL1201747,ALCAFTADINE,1,0.9905768275260926,True,True,True,1,False,C;N;O,,,False,False,23,1,False,0,0,307.39700000000005,38.13,2.779200000000001,0,3,4,False,,True,ligands_pdbqt/CHEMBL1201747.pdbqt,0.651,completed,vina_screening_full/poses/CHEMBL1201747_out.pdbqt,vina_screening_full/logs/CHEMBL1201747.log,1217
CHEMBL4594448,IPTACOPAN,Small molecule,4.0,2023.0,0,CCO[C@H]1CCN(Cc2c(OC)cc(C)c3[nH]ccc23)[C@H](c2ccc(C(=O)O)cc2)C1,"InChI=1S/C25H30N2O4/c1-4-31-19-10-12-27(22(14-19)17-5-7-18(8-6-17)25(28)29)15-21-20-9-11-26-24(20)16(2)13-23(21)30-3/h5-9,11,13,19,22,26H,4,10,12,14-15H2,1-3H3,(H,28,29)/t19-,22-/m0/s1",RENRQMCACQEWFC-UGKGYDQZSA-N,422.53,422.53,4.93,74.79,2.0,4.0,0.0,2,CHEMBL4594448;CHEMBL5095401,IPTACOPAN;IPTACOPAN HYDROCHLORIDE,1,0.6478165268898011,True,False,True,1,False,C;N;O,,,False,False,31,7,False,0,0,422.5250000000002,74.79,4.925320000000004,2,4,4,False,,True,ligands_pdbqt/CHEMBL4594448.pdbqt,0.653,completed,vina_screening_full/poses/CHEMBL4594448_out.pdbqt,vina_screening_full/logs/CHEMBL4594448.log,1218
CHEMBL2219418,NALOXEGOL,Small molecule,4.0,2014.0,0,C=CCN1CC[C@]23c4c5ccc(O)c4O[C@H]2[C@@H](OCCOCCOCCOCCOCCOCCOCCOC)CC[C@@]3(O)[C@H]1C5,"InChI=1S/C34H53NO11/c1-3-9-35-10-8-33-30-26-4-5-27(36)31(30)46-32(33)28(6-7-34(33,37)29(35)25-26)45-24-23-44-22-21-43-20-19-42-18-17-41-16-15-40-14-13-39-12-11-38-2/h3-5,28-29,32,36-37H,1,6-25H2,2H3/t28-,29+,32-,33-,34+/m0/s1",XNKCCCKFOQNXKV-ZRSCBOBOSA-N,651.79,651.79,1.86,126.77,2.0,12.0,2.0,2,CHEMBL2219416;CHEMBL2219418,NALOXEGOL;NALOXEGOL OXALATE,1,0.72467542886734,True,False,True,1,False,C;N;O,,,False,False,46,24,False,0,0,651.7940000000003,126.77000000000004,1.8635000000000028,2,12,5,False,,True,ligands_pdbqt/CHEMBL2219418.pdbqt,0.7,completed,vina_screening_full/poses/CHEMBL2219418_out.pdbqt,vina_screening_full/logs/CHEMBL2219418.log,1219
CHEMBL1200374,EXEMESTANE,Small molecule,4.0,1999.0,0,C=C1C[C@@H]2[C@H](CC[C@]3(C)C(=O)CC[C@@H]23)[C@@]2(C)C=CC(=O)C=C12,"InChI=1S/C20H24O2/c1-12-10-14-15-4-5-18(22)20(15,3)9-7-16(14)19(2)8-6-13(21)11-17(12)19/h6,8,11,14-16H,1,4-5,7,9-10H2,2-3H3/t14-,15-,16-,19+,20-/m0/s1",BFYIZQONLCFLEV-DAELLWKTSA-N,296.41,296.41,4.03,34.14,0.0,2.0,0.0,1,CHEMBL1200374,EXEMESTANE,1,0.8038541316986084,True,True,True,1,False,C;O,,,False,False,22,0,False,0,0,296.41,34.14,4.029500000000003,0,2,4,False,,True,ligands_pdbqt/CHEMBL1200374.pdbqt,0.704,completed,vina_screening_full/poses/CHEMBL1200374_out.pdbqt,vina_screening_full/logs/CHEMBL1200374.log,1220
CHEMBL4802135,NIRMATRELVIR,Small molecule,4.0,2023.0,0,CC(C)(C)[C@H](NC(=O)C(F)(F)F)C(=O)N1C[C@H]2[C@@H]([C@H]1C(=O)N[C@H](C#N)C[C@@H]1CCNC1=O)C2(C)C,"InChI=1S/C23H32F3N5O4/c1-21(2,3)16(30-20(35)23(24,25)26)19(34)31-10-13-14(22(13,4)5)15(31)18(33)29-12(9-27)8-11-6-7-28-17(11)32/h11-16H,6-8,10H2,1-5H3,(H,28,32)(H,29,33)(H,30,35)/t11-,12-,13-,14-,15-,16+/m0/s1",LIENCHBZNNMNKG-OJFNHCPVSA-N,499.53,499.53,1.1,131.4,3.0,5.0,0.0,1,CHEMBL4802135,NIRMATRELVIR,1,0.8658719182014465,True,True,True,1,False,C;F;N;O,,,False,False,35,6,False,0,0,499.5340000000003,131.4,1.0971800000000007,3,5,3,False,,True,ligands_pdbqt/CHEMBL4802135.pdbqt,0.73,completed,vina_screening_full/poses/CHEMBL4802135_out.pdbqt,vina_screening_full/logs/CHEMBL4802135.log,1221
CHEMBL1522,ESZOPICLONE,Small molecule,4.0,2004.0,0,CN1CCN(C(=O)O[C@H]2c3nccnc3C(=O)N2c2ccc(Cl)cn2)CC1,"InChI=1S/C17H17ClN6O3/c1-22-6-8-23(9-7-22)17(26)27-16-14-13(19-4-5-20-14)15(25)24(16)12-3-2-11(18)10-21-12/h2-5,10,16H,6-9H2,1H3/t16-/m0/s1",GBBSUAFBMRNDJC-INIZCTEOSA-N,388.82,388.82,1.57,91.76,0.0,7.0,0.0,1,CHEMBL1522,ESZOPICLONE,1,0.958382785320282,True,True,True,1,False,C;Cl;N;O,,,False,False,27,2,False,0,0,388.8150000000001,91.76,1.5679999999999998,0,7,4,False,,True,ligands_pdbqt/CHEMBL1522.pdbqt,0.817,completed,vina_screening_full/poses/CHEMBL1522_out.pdbqt,vina_screening_full/logs/CHEMBL1522.log,1222
CHEMBL592,LEVORPHANOL,Small molecule,4.0,1991.0,0,CN1CC[C@]23CCCC[C@H]2[C@H]1Cc1ccc(O)cc13,"InChI=1S/C17H23NO/c1-18-9-8-17-7-3-2-4-14(17)16(18)10-12-5-6-13(19)11-15(12)17/h5-6,11,14,16,19H,2-4,7-10H2,1H3/t14-,16+,17+/m0/s1",JAQUASYNZVUNQP-USXIJHARSA-N,257.38,257.38,3.08,23.47,1.0,2.0,0.0,2,CHEMBL3989768;CHEMBL592,LEVORPHANOL;LEVORPHANOL TARTRATE,1,0.9860772132873536,True,True,True,1,False,C;N;O,,,False,False,19,0,False,0,0,257.377,23.47,3.080400000000002,1,2,4,False,,True,ligands_pdbqt/CHEMBL592.pdbqt,0.932,completed,vina_screening_full/poses/CHEMBL592_out.pdbqt,vina_screening_full/logs/CHEMBL592.log,1223
CHEMBL1200335,TESTOSTERONE ENANTHATE,Small molecule,4.0,1953.0,0,CCCCCCC(=O)O[C@H]1CC[C@H]2[C@@H]3CCC4=CC(=O)CC[C@]4(C)[C@H]3CC[C@]12C,"InChI=1S/C26H40O3/c1-4-5-6-7-8-24(28)29-23-12-11-21-20-10-9-18-17-19(27)13-15-25(18,2)22(20)14-16-26(21,23)3/h17,20-23H,4-16H2,1-3H3/t20-,21-,22-,23-,25-,26-/m0/s1",VOCBWIIFXDYGNZ-IXKNJLPQSA-N,400.6,400.6,6.4,43.37,0.0,3.0,1.0,1,CHEMBL1200335,TESTOSTERONE ENANTHATE,1,0.6674642026424408,True,False,True,1,False,C;O,,,False,False,29,6,False,0,0,400.6030000000003,43.370000000000005,6.400500000000007,0,3,4,False,,True,ligands_pdbqt/CHEMBL1200335.pdbqt,0.937,completed,vina_screening_full/poses/CHEMBL1200335_out.pdbqt,vina_screening_full/logs/CHEMBL1200335.log,1224
CHEMBL23,DILTIAZEM,Small molecule,4.0,1982.0,0,COc1ccc([C@@H]2Sc3ccccc3N(CCN(C)C)C(=O)[C@@H]2OC(C)=O)cc1,"InChI=1S/C22H26N2O4S/c1-15(25)28-20-21(16-9-11-17(27-4)12-10-16)29-19-8-6-5-7-18(19)24(22(20)26)14-13-23(2)3/h5-12,20-21H,13-14H2,1-4H3/t20-,21+/m1/s1",HSUGRBWQSSZJOP-RTWAWAEBSA-N,414.53,414.53,3.37,59.08,0.0,6.0,0.0,3,CHEMBL1200805;CHEMBL1697;CHEMBL23,DILTIAZEM;DILTIAZEM HYDROCHLORIDE;DILTIAZEM MALATE,1,0.946006178855896,True,True,True,1,False,C;N;O;S,,,False,False,29,6,False,0,0,414.52700000000016,59.080000000000005,3.368500000000002,0,6,3,False,,True,ligands_pdbqt/CHEMBL23.pdbqt,0.962,completed,vina_screening_full/poses/CHEMBL23_out.pdbqt,vina_screening_full/logs/CHEMBL23.log,1225
CHEMBL288441,BOSUTINIB,Small molecule,4.0,2012.0,0,COc1cc(Nc2c(C#N)cnc3cc(OCCCN4CCN(C)CC4)c(OC)cc23)c(Cl)cc1Cl,"InChI=1S/C26H29Cl2N5O3/c1-32-6-8-33(9-7-32)5-4-10-36-25-13-21-18(11-24(25)35-3)26(17(15-29)16-30-21)31-22-14-23(34-2)20(28)12-19(22)27/h11-14,16H,4-10H2,1-3H3,(H,30,31)",UBPYILGKFZZVDX-UHFFFAOYSA-N,530.46,530.46,5.19,82.88,1.0,8.0,2.0,2,CHEMBL2095206;CHEMBL288441,BOSUTINIB;BOSUTINIB MONOHYDRATE,1,0.778019118309021,True,False,True,1,False,C;Cl;N;O,,,False,False,36,9,False,0,0,530.4560000000004,82.88,5.190380000000005,1,8,4,False,,True,ligands_pdbqt/CHEMBL288441.pdbqt,1.03,completed,vina_screening_full/poses/CHEMBL288441_out.pdbqt,vina_screening_full/logs/CHEMBL288441.log,1226
CHEMBL1200848,HYDROXYPROGESTERONE CAPROATE,Small molecule,4.0,1975.0,1,CCCCCC(=O)O[C@]1(C(C)=O)CC[C@H]2[C@@H]3CCC4=CC(=O)CC[C@]4(C)[C@H]3CC[C@@]21C,"InChI=1S/C27H40O4/c1-5-6-7-8-24(30)31-27(18(2)28)16-13-23-21-10-9-19-17-20(29)11-14-25(19,3)22(21)12-15-26(23,27)4/h17,21-23H,5-16H2,1-4H3/t21-,22+,23+,25+,26+,27+/m1/s1",DOMWKUIIPQCAJU-LJHIYBGHSA-N,428.61,428.61,5.97,60.44,0.0,4.0,1.0,1,CHEMBL1200848,HYDROXYPROGESTERONE CAPROATE,1,0.9015471577644348,True,True,True,1,False,C;O,,,False,False,31,6,False,0,0,428.6130000000003,60.440000000000005,5.969600000000007,0,4,4,False,,True,ligands_pdbqt/CHEMBL1200848.pdbqt,1.037,completed,vina_screening_full/poses/CHEMBL1200848_out.pdbqt,vina_screening_full/logs/CHEMBL1200848.log,1227
CHEMBL566534,ARTEMETHER,Small molecule,4.0,2009.0,0,CO[C@H]1O[C@@H]2O[C@@]3(C)CC[C@H]4[C@H](C)CC[C@@H]([C@H]1C)[C@@]24OO3,"InChI=1S/C16H26O5/c1-9-5-6-12-10(2)13(17-4)18-14-16(12)11(9)7-8-15(3,19-14)20-21-16/h9-14H,5-8H2,1-4H3/t9-,10-,11+,12+,13+,14-,15-,16-/m1/s1",SXYIRMFQILZOAM-HVNFFKDJSA-N,298.38,298.38,2.84,46.15,0.0,5.0,0.0,1,CHEMBL566534,ARTEMETHER,1,0.994309663772583,True,True,True,1,False,C;O,,,False,False,21,1,False,0,0,298.379,46.150000000000006,2.840800000000001,0,5,5,False,,True,ligands_pdbqt/CHEMBL566534.pdbqt,1.074,completed,vina_screening_full/poses/CHEMBL566534_out.pdbqt,vina_screening_full/logs/CHEMBL566534.log,1228
CHEMBL1201210,PROPIOMAZINE,Small molecule,4.0,1960.0,0,CCC(=O)c1ccc2c(c1)N(CC(C)N(C)C)c1ccccc1S2,"InChI=1S/C20H24N2OS/c1-5-18(23)15-10-11-20-17(12-15)22(13-14(2)21(3)4)16-8-6-7-9-19(16)24-20/h6-12,14H,5,13H2,1-4H3",UVOIBTBFPOZKGP-UHFFFAOYSA-N,340.49,340.49,4.83,23.55,0.0,4.0,0.0,2,CHEMBL1201068;CHEMBL1201210,PROPIOMAZINE;PROPIOMAZINE HYDROCHLORIDE,1,0.9974946498870848,True,True,True,1,False,C;N;O;S,,,False,False,24,5,False,0,0,340.492,23.550000000000004,4.832100000000005,0,4,3,False,,True,ligands_pdbqt/CHEMBL1201210.pdbqt,1.117,completed,vina_screening_full/poses/CHEMBL1201210_out.pdbqt,vina_screening_full/logs/CHEMBL1201210.log,1229
CHEMBL6437,MIANSERIN,Small molecule,4.0,,1,CN1CCN2c3ccccc3Cc3ccccc3C2C1,"InChI=1S/C18H20N2/c1-19-10-11-20-17-9-5-3-7-15(17)12-14-6-2-4-8-16(14)18(20)13-19/h2-9,18H,10-13H2,1H3",UEQUQVLFIPOEMF-UHFFFAOYSA-N,264.37,264.37,3.08,6.48,0.0,2.0,0.0,1,CHEMBL6437,MIANSERIN,1,0.9988492727279664,True,True,True,1,False,C;N,,,False,False,20,0,False,0,0,264.372,6.48,3.0839000000000016,0,2,4,False,,True,ligands_pdbqt/CHEMBL6437.pdbqt,1.119,completed,vina_screening_full/poses/CHEMBL6437_out.pdbqt,vina_screening_full/logs/CHEMBL6437.log,1230
CHEMBL1201,THIOTHIXENE,Small molecule,4.0,1967.0,0,CN1CCN(CC/C=C2/c3ccccc3Sc3ccc(S(=O)(=O)N(C)C)cc32)CC1,"InChI=1S/C23H29N3O2S2/c1-24(2)30(27,28)18-10-11-23-21(17-18)19(20-7-4-5-9-22(20)29-23)8-6-12-26-15-13-25(3)14-16-26/h4-5,7-11,17H,6,12-16H2,1-3H3/b19-8-",GFBKORZTTCHDGY-UWVJOHFNSA-N,443.64,443.64,3.47,43.86,0.0,5.0,0.0,2,CHEMBL1201;CHEMBL3989824,THIOTHIXENE;THIOTHIXENE HYDROCHLORIDE,1,0.9781601548194884,True,True,True,1,False,C;N;O;S,,,False,False,30,5,False,0,0,443.63800000000026,43.86000000000001,3.4707000000000026,0,5,4,False,,True,ligands_pdbqt/CHEMBL1201.pdbqt,1.163,completed,vina_screening_full/poses/CHEMBL1201_out.pdbqt,vina_screening_full/logs/CHEMBL1201.log,1231
CHEMBL267495,NALFURAFINE,Small molecule,4.0,2009.0,0,CN(C(=O)/C=C/c1ccoc1)[C@@H]1CC[C@@]2(O)[C@H]3Cc4ccc(O)c5c4[C@@]2(CCN3CC2CC2)[C@H]1O5,"InChI=1S/C28H32N2O5/c1-29(23(32)7-4-18-9-13-34-16-18)20-8-10-28(33)22-14-19-5-6-21(31)25-24(19)27(28,26(20)35-25)11-12-30(22)15-17-2-3-17/h4-7,9,13,16-17,20,22,26,31,33H,2-3,8,10-12,14-15H2,1H3/b7-4+/t20-,22-,26+,27+,28-/m1/s1",XGZZHZMWIXFATA-UEZBDDGYSA-N,476.57,476.57,3.09,86.38,2.0,6.0,0.0,2,CHEMBL267495;CHEMBL490665,NALFURAFINE;NALFURAFINE HYDROCHLORIDE,1,0.8262310981750488,True,True,True,1,False,C;N;O,,,False,False,35,5,False,0,0,476.5730000000003,86.38000000000001,3.089700000000001,2,6,7,False,,True,ligands_pdbqt/CHEMBL267495.pdbqt,1.247,completed,vina_screening_full/poses/CHEMBL267495_out.pdbqt,vina_screening_full/logs/CHEMBL267495.log,1232
CHEMBL33986,BUTORPHANOL,Small molecule,4.0,1978.0,0,Oc1ccc2c(c1)[C@@]13CCCC[C@@]1(O)[C@@H](C2)N(CC1CCC1)CC3,"InChI=1S/C21H29NO2/c23-17-7-6-16-12-19-21(24)9-2-1-8-20(21,18(16)13-17)10-11-22(19)14-15-4-3-5-15/h6-7,13,15,19,23-24H,1-5,8-12,14H2/t19-,20+,21-/m1/s1",IFKLAQQSCNILHL-QHAWAJNXSA-N,327.47,327.47,3.37,43.7,2.0,3.0,0.0,2,CHEMBL299400;CHEMBL33986,BUTORPHANOL;BUTORPHANOL TARTRATE,1,0.9739412903785706,True,True,True,1,False,C;N;O,,,False,False,24,2,False,0,0,327.46800000000013,43.7,3.365600000000001,2,3,5,False,,True,ligands_pdbqt/CHEMBL33986.pdbqt,1.352,completed,vina_screening_full/poses/CHEMBL33986_out.pdbqt,vina_screening_full/logs/CHEMBL33986.log,1233
CHEMBL334966,CANGRELOR,Small molecule,4.0,2015.0,0,CSCCNc1nc(SCCC(F)(F)F)nc2c1ncn2[C@@H]1O[C@H](COP(=O)(O)OP(=O)(O)C(Cl)(Cl)P(=O)(O)O)[C@@H](O)[C@H]1O,"InChI=1S/C17H25Cl2F3N5O12P3S2/c1-43-5-3-23-12-9-13(26-15(25-12)44-4-2-16(20,21)22)27(7-24-9)14-11(29)10(28)8(38-14)6-37-42(35,36)39-41(33,34)17(18,19)40(30,31)32/h7-8,10-11,14,28-29H,2-6H2,1H3,(H,33,34)(H,35,36)(H,23,25,26)(H2,30,31,32)/t8-,10-,11-,14-/m1/s1",PAEBIVWUMLRPSK-IDTAVKCVSA-N,776.37,776.37,2.85,255.91,7.0,15.0,3.0,2,CHEMBL1097279;CHEMBL334966,CANGRELOR;CANGRELOR TETRASODIUM,1,0.7344663619995118,True,False,True,1,False,C;Cl;F;N;O;P;S,,,False,False,44,15,False,0,0,776.3660000000006,255.91,2.850500000000004,7,14,3,False,,True,ligands_pdbqt/CHEMBL334966.pdbqt,1.374,completed,vina_screening_full/poses/CHEMBL334966_out.pdbqt,vina_screening_full/logs/CHEMBL334966.log,1234
CHEMBL982,NALMEFENE,Small molecule,4.0,1995.0,0,C=C1CC[C@@]2(O)[C@H]3Cc4ccc(O)c5c4[C@@]2(CCN3CC2CC2)[C@H]1O5,"InChI=1S/C21H25NO3/c1-12-6-7-21(24)16-10-14-4-5-15(23)18-17(14)20(21,19(12)25-18)8-9-22(16)11-13-2-3-13/h4-5,13,16,19,23-24H,1-3,6-11H2/t16-,19+,20+,21-/m1/s1",WJBLNOPPDWQMCH-MBPVOVBZSA-N,339.44,339.44,2.51,52.93,2.0,4.0,0.0,3,CHEMBL1201152;CHEMBL5315055;CHEMBL982,NALMEFENE;NALMEFENE HYDROCHLORIDE;NALMEFENE HYDROCHLORIDE DIHYDRATE,1,0.9658010244369508,True,True,True,1,False,C;N;O,,,False,False,25,2,False,0,0,339.4350000000001,52.93000000000001,2.512500000000001,2,4,6,False,,True,ligands_pdbqt/CHEMBL982.pdbqt,1.461,completed,vina_screening_full/poses/CHEMBL982_out.pdbqt,vina_screening_full/logs/CHEMBL982.log,1235
CHEMBL1201243,IPODATE,Small molecule,4.0,1962.0,0,CN(C)/C=N/c1c(I)cc(I)c(CCC(=O)O)c1I,"InChI=1S/C12H13I3N2O2/c1-17(2)6-16-12-9(14)5-8(13)7(11(12)15)3-4-10(18)19/h5-6H,3-4H2,1-2H3,(H,18,19)/b16-6+",YQNFBOJPTAXAKV-OMCISZLKSA-N,597.96,597.96,3.74,52.9,1.0,2.0,1.0,3,CHEMBL1201033;CHEMBL1201243;CHEMBL2068725,IPODATE;IPODATE CALCIUM;IPODATE SODIUM,1,0.8320963859558106,True,True,True,1,False,C;I;N;O,,,False,False,19,5,False,0,0,597.9600000000002,52.900000000000006,3.7390000000000025,1,2,1,False,,True,ligands_pdbqt/CHEMBL1201243.pdbqt,1.463,completed,vina_screening_full/poses/CHEMBL1201243_out.pdbqt,vina_screening_full/logs/CHEMBL1201243.log,1236
CHEMBL1088,MESORIDAZINE,Small molecule,4.0,1970.0,0,CN1CCCCC1CCN1c2ccccc2Sc2ccc([S+](C)[O-])cc21,"InChI=1S/C21H26N2OS2/c1-22-13-6-5-7-16(22)12-14-23-18-8-3-4-9-20(18)25-21-11-10-17(26(2)24)15-19(21)23/h3-4,8-11,15-16H,5-7,12-14H2,1-2H3",SLVMESMUVMCQIY-UHFFFAOYSA-N,386.59,386.59,4.9,29.54,0.0,4.0,0.0,2,CHEMBL1088;CHEMBL1201052,MESORIDAZINE;MESORIDAZINE BESYLATE,1,0.9967232704162596,True,True,True,1,False,C;N;O;S,,,False,False,26,4,False,0,0,386.5860000000001,29.54,4.901100000000005,0,4,4,False,,True,ligands_pdbqt/CHEMBL1088.pdbqt,1.501,completed,vina_screening_full/poses/CHEMBL1088_out.pdbqt,vina_screening_full/logs/CHEMBL1088.log,1237
CHEMBL1514,LEVOMETHADYL ACETATE,Small molecule,4.0,1993.0,1,CC[C@H](OC(C)=O)C(C[C@H](C)N(C)C)(c1ccccc1)c1ccccc1,"InChI=1S/C23H31NO2/c1-6-22(26-19(3)25)23(17-18(2)24(4)5,20-13-9-7-10-14-20)21-15-11-8-12-16-21/h7-16,18,22H,6,17H2,1-5H3/t18-,22-/m0/s1",XBMIVRRWGCYBTQ-AVRDEDQJSA-N,353.51,353.51,4.65,29.54,0.0,3.0,0.0,2,CHEMBL1200817;CHEMBL1514,LEVOMETHADYL ACETATE;LEVOMETHADYL ACETATE HYDROCHLORIDE,1,0.8683775424957275,True,True,True,1,False,C;N;O,,,False,False,26,8,False,0,0,353.50600000000003,29.54,4.654600000000005,0,3,2,False,,True,ligands_pdbqt/CHEMBL1514.pdbqt,1.513,completed,vina_screening_full/poses/CHEMBL1514_out.pdbqt,vina_screening_full/logs/CHEMBL1514.log,1238
CHEMBL1172,DESLORATADINE,Small molecule,4.0,2001.0,0,Clc1ccc2c(c1)CCc1cccnc1C2=C1CCNCC1,"InChI=1S/C19H19ClN2/c20-16-5-6-17-15(12-16)4-3-14-2-1-9-22-19(14)18(17)13-7-10-21-11-8-13/h1-2,5-6,9,12,21H,3-4,7-8,10-11H2",JAUOIFJMECXRGI-UHFFFAOYSA-N,310.83,310.83,4.02,24.92,1.0,2.0,0.0,1,CHEMBL1172,DESLORATADINE,1,0.9869326710700989,True,True,True,1,False,C;Cl;N,,,False,False,22,0,False,0,0,310.8280000000001,24.92,4.018900000000002,1,2,4,False,,True,ligands_pdbqt/CHEMBL1172.pdbqt,1.515,completed,vina_screening_full/poses/CHEMBL1172_out.pdbqt,vina_screening_full/logs/CHEMBL1172.log,1239
CHEMBL1257051,TEDIZOLID,Small molecule,4.0,,0,Cn1nnc(-c2ccc(-c3ccc(N4C[C@H](CO)OC4=O)cc3F)cn2)n1,"InChI=1S/C17H15FN6O3/c1-23-21-16(20-22-23)15-5-2-10(7-19-15)13-4-3-11(6-14(13)18)24-8-12(9-25)27-17(24)26/h2-7,12,25H,8-9H2,1H3/t12-/m1/s1",XFALPSLJIHVRKE-GFCCVEGCSA-N,370.34,370.34,1.4,106.26,1.0,8.0,0.0,1,CHEMBL1257051,TEDIZOLID,1,0.6148323297500611,True,False,True,1,False,C;F;N;O,,,False,False,27,4,False,0,0,370.3440000000001,106.26000000000002,1.3957,1,7,4,False,,True,ligands_pdbqt/CHEMBL1257051.pdbqt,1.547,completed,vina_screening_full/poses/CHEMBL1257051_out.pdbqt,vina_screening_full/logs/CHEMBL1257051.log,1240
CHEMBL1200953,HYDROCORTISONE PROBUTATE,Small molecule,4.0,1997.0,0,CCCC(=O)O[C@]1(C(=O)COC(=O)CC)CC[C@H]2[C@@H]3CCC4=CC(=O)CC[C@]4(C)[C@H]3[C@@H](O)C[C@@]21C,"InChI=1S/C28H40O7/c1-5-7-24(33)35-28(22(31)16-34-23(32)6-2)13-11-20-19-9-8-17-14-18(29)10-12-26(17,3)25(19)21(30)15-27(20,28)4/h14,19-21,25,30H,5-13,15-16H2,1-4H3/t19-,20-,21-,25+,26-,27-,28-/m0/s1",FOGXJPFPZOHSQS-AYVLZSQQSA-N,488.62,488.62,4.09,106.97,1.0,7.0,0.0,1,CHEMBL1200953,HYDROCORTISONE PROBUTATE,1,0.9443308353424072,True,True,True,1,False,C;O,,,False,False,35,7,False,0,0,488.6210000000003,106.97,4.093500000000003,1,7,4,False,,True,ligands_pdbqt/CHEMBL1200953.pdbqt,1.553,completed,vina_screening_full/poses/CHEMBL1200953_out.pdbqt,vina_screening_full/logs/CHEMBL1200953.log,1241
CHEMBL633,AMIODARONE,Small molecule,4.0,1985.0,0,CCCCc1oc2ccccc2c1C(=O)c1cc(I)c(OCCN(CC)CC)c(I)c1,"InChI=1S/C25H29I2NO3/c1-4-7-11-22-23(18-10-8-9-12-21(18)31-22)24(29)17-15-19(26)25(20(27)16-17)30-14-13-28(5-2)6-3/h8-10,12,15-16H,4-7,11,13-14H2,1-3H3",IYIKLHRQXLHMJQ-UHFFFAOYSA-N,645.32,645.32,6.94,42.68,0.0,4.0,2.0,2,CHEMBL1083993;CHEMBL633,AMIODARONE;AMIODARONE HYDROCHLORIDE,1,0.8124473452568054,True,True,True,1,False,C;I;N;O,,,False,False,31,11,False,0,0,645.3190000000002,42.68,6.936200000000007,0,4,3,False,,True,ligands_pdbqt/CHEMBL633.pdbqt,1.574,completed,vina_screening_full/poses/CHEMBL633_out.pdbqt,vina_screening_full/logs/CHEMBL633.log,1242
CHEMBL1200542,DESOXYCORTICOSTERONE ACETATE,Small molecule,4.0,1939.0,0,CC(=O)OCC(=O)[C@H]1CC[C@H]2[C@@H]3CCC4=CC(=O)CC[C@]4(C)[C@H]3CC[C@]12C,"InChI=1S/C23H32O4/c1-14(24)27-13-21(26)20-7-6-18-17-5-4-15-12-16(25)8-10-22(15,2)19(17)9-11-23(18,20)3/h12,17-20H,4-11,13H2,1-3H3/t17-,18-,19-,20+,22-,23-/m0/s1",VPGRYOFKCNULNK-ACXQXYJUSA-N,372.51,372.51,4.27,60.44,0.0,4.0,0.0,1,CHEMBL1200542,DESOXYCORTICOSTERONE ACETATE,1,0.8879432201385498,True,True,True,1,False,C;O,,,False,False,27,3,False,0,0,372.5050000000002,60.440000000000005,4.266700000000004,0,4,4,False,,True,ligands_pdbqt/CHEMBL1200542.pdbqt,1.579,completed,vina_screening_full/poses/CHEMBL1200542_out.pdbqt,vina_screening_full/logs/CHEMBL1200542.log,1243
CHEMBL2364638,UBROGEPANT,Small molecule,4.0,2019.0,0,C[C@@H]1[C@H](c2ccccc2)C[C@H](NC(=O)c2cnc3c(c2)C[C@@]2(C3)C(=O)Nc3ncccc32)C(=O)N1CC(F)(F)F,"InChI=1S/C29H26F3N5O3/c1-16-20(17-6-3-2-4-7-17)11-22(26(39)37(16)15-29(30,31)32)35-25(38)19-10-18-12-28(13-23(18)34-14-19)21-8-5-9-33-24(21)36-27(28)40/h2-10,14,16,20,22H,11-13,15H2,1H3,(H,35,38)(H,33,36,40)/t16-,20-,22+,28+/m1/s1",DDOOFTLHJSMHLN-ZQHRPCGSSA-N,549.55,549.55,3.53,104.29,2.0,5.0,1.0,1,CHEMBL2364638,UBROGEPANT,1,0.8566589832305909,True,True,True,1,False,C;F;N;O,,,False,False,40,4,False,0,0,549.5530000000003,104.29,3.5306000000000024,2,5,6,False,,True,ligands_pdbqt/CHEMBL2364638.pdbqt,1.61,completed,vina_screening_full/poses/CHEMBL2364638_out.pdbqt,vina_screening_full/logs/CHEMBL2364638.log,1244
CHEMBL295124,BERBERINE,Small molecule,4.0,,1,COc1ccc2cc3[n+](cc2c1OC)CCc1cc2c(cc1-3)OCO2,"InChI=1S/C20H18NO4/c1-22-17-4-3-12-7-16-14-9-19-18(24-11-25-19)8-13(14)5-6-21(16)10-15(12)20(17)23-2/h3-4,7-10H,5-6,11H2,1-2H3/q+1",YBHILYKTIRIUTE-UHFFFAOYSA-N,336.37,336.37,3.1,40.8,0.0,4.0,0.0,1,CHEMBL295124,BERBERINE,1,0.8688524961471558,True,True,True,1,False,C;N;O,,,False,False,25,2,False,1,1,336.3670000000001,40.8,3.096300000000001,0,4,5,False,,True,ligands_pdbqt/CHEMBL295124.pdbqt,1.645,completed,vina_screening_full/poses/CHEMBL295124_out.pdbqt,vina_screening_full/logs/CHEMBL295124.log,1245
CHEMBL361497,ARTESUNATE,Small molecule,4.0,2020.0,0,C[C@H]1[C@H](OC(=O)CCC(=O)O)O[C@@H]2O[C@@]3(C)CC[C@H]4[C@H](C)CC[C@@H]1[C@@]24OO3,"InChI=1S/C19H28O8/c1-10-4-5-13-11(2)16(23-15(22)7-6-14(20)21)24-17-19(13)12(10)8-9-18(3,25-17)26-27-19/h10-13,16-17H,4-9H2,1-3H3,(H,20,21)/t10-,11-,12+,13+,16-,17-,18-,19-/m1/s1",FIHJKUPKCHIPAT-AHIGJZGOSA-N,384.43,384.43,2.6,100.52,1.0,7.0,0.0,1,CHEMBL361497,ARTESUNATE,1,0.8499202847480773,True,True,True,1,False,C;O,,,False,False,27,4,False,0,0,384.4250000000002,100.52000000000002,2.6024000000000003,1,7,5,False,,True,ligands_pdbqt/CHEMBL361497.pdbqt,1.651,completed,vina_screening_full/poses/CHEMBL361497_out.pdbqt,vina_screening_full/logs/CHEMBL361497.log,1246
CHEMBL2105669,TEDIZOLID PHOSPHATE,Small molecule,4.0,2014.0,0,Cn1nnc(-c2ccc(-c3ccc(N4C[C@H](COP(=O)(O)O)OC4=O)cc3F)cn2)n1,"InChI=1S/C17H16FN6O6P/c1-23-21-16(20-22-23)15-5-2-10(7-19-15)13-4-3-11(6-14(13)18)24-8-12(30-17(24)25)9-29-31(26,27)28/h2-7,12H,8-9H2,1H3,(H2,26,27,28)/t12-/m1/s1",QCGUSIANLFXSGE-GFCCVEGCSA-N,450.32,450.32,1.51,152.79,2.0,9.0,0.0,1,CHEMBL2105669,TEDIZOLID PHOSPHATE,1,0.5842773258686066,True,False,True,1,False,C;F;N;O;P,,,False,False,31,6,False,0,0,450.3230000000001,152.79000000000002,1.5126999999999995,2,8,4,False,,True,ligands_pdbqt/CHEMBL2105669.pdbqt,1.665,completed,vina_screening_full/poses/CHEMBL2105669_out.pdbqt,vina_screening_full/logs/CHEMBL2105669.log,1247
CHEMBL646,TRIAZOLAM,Small molecule,4.0,1978.0,1,Cc1nnc2n1-c1ccc(Cl)cc1C(c1ccccc1Cl)=NC2,"InChI=1S/C17H12Cl2N4/c1-10-21-22-16-9-20-17(12-4-2-3-5-14(12)19)13-8-11(18)6-7-15(13)23(10)16/h2-8H,9H2,1H3",JOFWLTCLBGQGBO-UHFFFAOYSA-N,343.22,343.22,4.23,43.07,0.0,4.0,0.0,1,CHEMBL646,TRIAZOLAM,1,0.965885603427887,True,True,True,1,False,C;Cl;N,,,False,False,23,1,False,0,0,343.21700000000004,43.07,4.233520000000002,0,3,4,False,,True,ligands_pdbqt/CHEMBL646.pdbqt,1.745,completed,vina_screening_full/poses/CHEMBL646_out.pdbqt,vina_screening_full/logs/CHEMBL646.log,1248
CHEMBL4250860,DANICOPAN,Small molecule,4.0,2024.0,0,CC(=O)c1nn(CC(=O)N2C[C@H](F)C[C@H]2C(=O)Nc2cccc(Br)n2)c2ccc(-c3cnc(C)nc3)cc12,"InChI=1S/C26H23BrFN7O3/c1-14(36)25-19-8-16(17-10-29-15(2)30-11-17)6-7-20(19)35(33-25)13-24(37)34-12-18(28)9-21(34)26(38)32-23-5-3-4-22(27)31-23/h3-8,10-11,18,21H,9,12-13H2,1-2H3,(H,31,32,38)/t18-,21+/m1/s1",PIBARDGJJAGJAJ-NQIIRXRSSA-N,580.42,580.42,3.74,122.97,1.0,8.0,1.0,1,CHEMBL4250860,DANICOPAN,1,0.7627773523330689,True,False,True,1,False,Br;C;F;N;O,,,False,False,38,6,False,0,0,580.418,122.97,3.7395200000000015,1,7,5,False,,True,ligands_pdbqt/CHEMBL4250860.pdbqt,1.759,completed,vina_screening_full/poses/CHEMBL4250860_out.pdbqt,vina_screening_full/logs/CHEMBL4250860.log,1249
CHEMBL46286,OMACETAXINE MEPESUCCINATE,Small molecule,4.0,2009.0,0,COC(=O)C[C@](O)(CCCC(C)(C)O)C(=O)O[C@@H]1C(OC)=C[C@]23CCCN2CCc2cc4c(cc2[C@H]13)OCO4,"InChI=1S/C29H39NO9/c1-27(2,33)8-5-10-29(34,16-23(31)36-4)26(32)39-25-22(35-3)15-28-9-6-11-30(28)12-7-18-13-20-21(38-17-37-20)14-19(18)24(25)28/h13-15,24-25,33-34H,5-12,16-17H2,1-4H3/t24-,25-,28+,29-/m1/s1",HYFHYPWGAURHIV-JFIAXGOJSA-N,545.63,545.63,2.58,123.99,2.0,10.0,1.0,1,CHEMBL46286,OMACETAXINE MEPESUCCINATE,1,0.6386899709701538,True,False,True,1,False,C;N;O,,,False,False,39,9,False,0,0,545.6290000000004,123.99000000000002,2.5807,2,10,5,False,,True,ligands_pdbqt/CHEMBL46286.pdbqt,1.775,completed,vina_screening_full/poses/CHEMBL46286_out.pdbqt,vina_screening_full/logs/CHEMBL46286.log,1250
CHEMBL87992,ESLICARBAZEPINE ACETATE,Small molecule,4.0,2009.0,0,CC(=O)O[C@H]1Cc2ccccc2N(C(N)=O)c2ccccc21,"InChI=1S/C17H16N2O3/c1-11(20)22-16-10-12-6-2-4-8-14(12)19(17(18)21)15-9-5-3-7-13(15)16/h2-9,16H,10H2,1H3,(H2,18,21)/t16-/m0/s1",QIALRBLEEWJACW-INIZCTEOSA-N,296.33,296.33,3.06,72.63,1.0,3.0,0.0,1,CHEMBL87992,ESLICARBAZEPINE ACETATE,1,0.9935344338417054,True,True,True,1,False,C;N;O,,,False,False,22,1,False,0,0,296.326,72.63,3.0637000000000008,1,3,3,False,,True,ligands_pdbqt/CHEMBL87992.pdbqt,1.782,completed,vina_screening_full/poses/CHEMBL87992_out.pdbqt,vina_screening_full/logs/CHEMBL87992.log,1251
CHEMBL19019,NALTREXONE,Small molecule,4.0,1984.0,0,O=C1CC[C@@]2(O)[C@H]3Cc4ccc(O)c5c4[C@@]2(CCN3CC2CC2)[C@H]1O5,"InChI=1S/C20H23NO4/c22-13-4-3-12-9-15-20(24)6-5-14(23)18-19(20,16(12)17(13)25-18)7-8-21(15)10-11-1-2-11/h3-4,11,15,18,22,24H,1-2,5-10H2/t15-,18+,19+,20-/m1/s1",DQCKKXVULJGBQN-XFWGSAIBSA-N,341.41,341.41,1.53,70.0,2.0,5.0,0.0,2,CHEMBL1201149;CHEMBL19019,NALTREXONE;NALTREXONE HYDROCHLORIDE,1,0.9719778299331664,True,True,True,1,False,C;N;O,,,False,False,25,2,False,0,0,341.4070000000001,70.0,1.5254,2,5,6,False,,True,ligands_pdbqt/CHEMBL19019.pdbqt,1.815,completed,vina_screening_full/poses/CHEMBL19019_out.pdbqt,vina_screening_full/logs/CHEMBL19019.log,1252
CHEMBL1664,FOSAMPRENAVIR,Small molecule,4.0,2003.0,0,CC(C)CN(C[C@@H](OP(=O)(O)O)[C@H](Cc1ccccc1)NC(=O)O[C@H]1CCOC1)S(=O)(=O)c1ccc(N)cc1,"InChI=1S/C25H36N3O9PS/c1-18(2)15-28(39(33,34)22-10-8-20(26)9-11-22)16-24(37-38(30,31)32)23(14-19-6-4-3-5-7-19)27-25(29)36-21-12-13-35-17-21/h3-11,18,21,23-24H,12-17,26H2,1-2H3,(H,27,29)(H2,30,31,32)/t21-,23-,24+/m0/s1",MLBVMOWEQCZNCC-OEMFJLHTSA-N,585.62,585.62,2.52,177.72,4.0,8.0,1.0,2,CHEMBL1200734;CHEMBL1664,FOSAMPRENAVIR;FOSAMPRENAVIR CALCIUM,1,0.5131204962730408,True,False,True,1,False,C;N;O;P;S,,,False,False,39,13,False,0,0,585.6160000000002,177.72,2.5198,4,8,3,False,,True,ligands_pdbqt/CHEMBL1664.pdbqt,1.919,completed,vina_screening_full/poses/CHEMBL1664_out.pdbqt,vina_screening_full/logs/CHEMBL1664.log,1253
CHEMBL1200562,HYDROCORTISONE VALERATE,Small molecule,4.0,1978.0,0,CCCCC(=O)O[C@]1(C(=O)CO)CC[C@H]2[C@@H]3CCC4=CC(=O)CC[C@]4(C)[C@H]3[C@@H](O)C[C@@]21C,"InChI=1S/C26H38O6/c1-4-5-6-22(31)32-26(21(30)15-27)12-10-19-18-8-7-16-13-17(28)9-11-24(16,2)23(18)20(29)14-25(19,26)3/h13,18-20,23,27,29H,4-12,14-15H2,1-3H3/t18-,19-,20-,23+,24-,25-,26-/m0/s1",FZCHYNWYXKICIO-FZNHGJLXSA-N,446.58,446.58,3.52,100.9,2.0,6.0,0.0,1,CHEMBL1200562,HYDROCORTISONE VALERATE,1,0.90297349691391,True,True,True,1,False,C;O,,,False,False,32,6,False,0,0,446.5840000000002,100.90000000000002,3.522700000000002,2,6,4,False,,True,ligands_pdbqt/CHEMBL1200562.pdbqt,1.927,completed,vina_screening_full/poses/CHEMBL1200562_out.pdbqt,vina_screening_full/logs/CHEMBL1200562.log,1254
CHEMBL1201261,TYROPANOIC ACID,Small molecule,4.0,1969.0,0,CCCC(=O)Nc1c(I)cc(I)c(CC(CC)C(=O)O)c1I,"InChI=1S/C15H18I3NO3/c1-3-5-12(20)19-14-11(17)7-10(16)9(13(14)18)6-8(4-2)15(21)22/h7-8H,3-6H2,1-2H3,(H,19,20)(H,21,22)",YMOXVLQZFAUUKI-UHFFFAOYSA-N,641.02,641.02,4.89,66.4,2.0,2.0,1.0,2,CHEMBL1200899;CHEMBL1201261,TYROPANOATE SODIUM;TYROPANOIC ACID,1,0.7803836703300476,True,False,True,1,False,C;I;N;O,,,False,False,22,7,False,0,0,641.0250000000002,66.4,4.892300000000003,2,2,1,False,,True,ligands_pdbqt/CHEMBL1201261.pdbqt,1.941,completed,vina_screening_full/poses/CHEMBL1201261_out.pdbqt,vina_screening_full/logs/CHEMBL1201261.log,1255
CHEMBL189963,PALBOCICLIB,Small molecule,4.0,2015.0,0,CC(=O)c1c(C)c2cnc(Nc3ccc(N4CCNCC4)cn3)nc2n(C2CCCC2)c1=O,"InChI=1S/C24H29N7O2/c1-15-19-14-27-24(28-20-8-7-18(13-26-20)30-11-9-25-10-12-30)29-22(19)31(17-5-3-4-6-17)23(33)21(15)16(2)32/h7-8,13-14,17,25H,3-6,9-12H2,1-2H3,(H,26,27,28,29)",AHJRHEGDXFFMBM-UHFFFAOYSA-N,447.54,447.54,2.97,105.04,2.0,9.0,0.0,1,CHEMBL189963,PALBOCICLIB,1,0.6566036462783813,True,False,True,1,False,C;N;O,,,False,False,33,5,False,0,0,447.5430000000004,105.04,2.965820000000001,2,8,5,False,,True,ligands_pdbqt/CHEMBL189963.pdbqt,1.955,completed,vina_screening_full/poses/CHEMBL189963_out.pdbqt,vina_screening_full/logs/CHEMBL189963.log,1256
CHEMBL4650827,REVUMENIB,Small molecule,4.0,2024.0,0,CCN(C(=O)c1cc(F)ccc1Oc1cncnc1N1CC2(CCN(C[C@H]3CC[C@H](NS(=O)(=O)CC)CC3)CC2)C1)C(C)C,"InChI=1S/C32H47FN6O4S/c1-5-39(23(3)4)31(40)27-17-25(33)9-12-28(27)43-29-18-34-22-35-30(29)38-20-32(21-38)13-15-37(16-14-32)19-24-7-10-26(11-8-24)36-44(41,42)6-2/h9,12,17-18,22-24,26,36H,5-8,10-11,13-16,19-21H2,1-4H3/t24-,26-",FRVSRBKUQZKTOW-YOCNBXQISA-N,630.83,630.83,4.68,107.97,1.0,8.0,1.0,2,CHEMBL4650827;CHEMBL6068395,REVUMENIB;REVUMENIB CITRATE,1,0.911116659641266,True,True,True,1,False,C;F;N;O;S,,,False,False,44,11,False,0,0,630.831,107.97,4.678800000000004,1,8,5,False,,True,ligands_pdbqt/CHEMBL4650827.pdbqt,1.966,completed,vina_screening_full/poses/CHEMBL4650827_out.pdbqt,vina_screening_full/logs/CHEMBL4650827.log,1257
CHEMBL207538,BREXANOLONE,Small molecule,4.0,2019.0,0,CC(=O)[C@H]1CC[C@H]2[C@@H]3CC[C@H]4C[C@H](O)CC[C@]4(C)[C@H]3CC[C@]12C,"InChI=1S/C21H34O2/c1-13(22)17-6-7-18-16-5-4-14-12-15(23)8-10-20(14,2)19(16)9-11-21(17,18)3/h14-19,23H,4-12H2,1-3H3/t14-,15+,16-,17+,18-,19-,20-,21+/m0/s1",AURFZBICLPNKBZ-SYBPFIFISA-N,318.5,318.5,4.6,37.3,1.0,2.0,0.0,1,CHEMBL207538,BREXANOLONE,1,0.7348140001296997,True,False,True,1,False,C;O,,,False,False,23,1,False,0,0,318.5010000000001,37.3,4.595200000000005,1,2,4,False,,True,ligands_pdbqt/CHEMBL207538.pdbqt,2.037,completed,vina_screening_full/poses/CHEMBL207538_out.pdbqt,vina_screening_full/logs/CHEMBL207538.log,1258
CHEMBL1200909,PREDNISOLONE TEBUTATE,Small molecule,4.0,1956.0,0,CC(C)(C)CC(=O)OCC(=O)[C@@]1(O)CC[C@H]2[C@@H]3CCC4=CC(=O)C=C[C@]4(C)[C@H]3[C@@H](O)C[C@@]21C,"InChI=1S/C27H38O6/c1-24(2,3)14-22(31)33-15-21(30)27(32)11-9-19-18-7-6-16-12-17(28)8-10-25(16,4)23(18)20(29)13-26(19,27)5/h8,10,12,18-20,23,29,32H,6-7,9,11,13-15H2,1-5H3/t18-,19-,20-,23+,25-,26-,27-/m0/s1",HUMXXHTVHHLNRO-KAJVQRHHSA-N,458.6,458.6,3.54,100.9,2.0,6.0,0.0,1,CHEMBL1200909,PREDNISOLONE TEBUTATE,1,0.9360504031181336,True,True,True,1,False,C;O,,,False,False,33,4,False,0,0,458.5950000000002,100.90000000000002,3.5447000000000024,2,6,4,False,,True,ligands_pdbqt/CHEMBL1200909.pdbqt,2.041,completed,vina_screening_full/poses/CHEMBL1200909_out.pdbqt,vina_screening_full/logs/CHEMBL1200909.log,1259
CHEMBL91397,RUPATADINE,Small molecule,4.0,,0,Cc1cncc(CN2CCC(=C3c4ccc(Cl)cc4CCc4cccnc43)CC2)c1,"InChI=1S/C26H26ClN3/c1-18-13-19(16-28-15-18)17-30-11-8-20(9-12-30)25-24-7-6-23(27)14-22(24)5-4-21-3-2-10-29-26(21)25/h2-3,6-7,10,13-16H,4-5,8-9,11-12,17H2,1H3",WUZYKBABMWJHDL-UHFFFAOYSA-N,415.97,415.97,5.63,29.02,0.0,3.0,1.0,1,CHEMBL91397,RUPATADINE,1,0.9871325731277466,True,True,True,1,False,C;Cl;N,,,False,False,30,2,False,0,0,415.96800000000025,29.020000000000003,5.6349200000000055,0,3,5,False,,True,ligands_pdbqt/CHEMBL91397.pdbqt,2.067,completed,vina_screening_full/poses/CHEMBL91397_out.pdbqt,vina_screening_full/logs/CHEMBL91397.log,1260
CHEMBL251634,FLUOCORTOLONE,Small molecule,4.0,,0,C[C@@H]1C[C@H]2[C@@H]3C[C@H](F)C4=CC(=O)C=C[C@]4(C)[C@H]3[C@@H](O)C[C@]2(C)[C@H]1C(=O)CO,"InChI=1S/C22H29FO4/c1-11-6-14-13-8-16(23)15-7-12(25)4-5-21(15,2)20(13)17(26)9-22(14,3)19(11)18(27)10-24/h4-5,7,11,13-14,16-17,19-20,24,26H,6,8-10H2,1-3H3/t11-,13+,14+,16+,17+,19-,20-,21+,22+/m1/s1",GAKMQHDJQHZUTJ-ULHLPKEOSA-N,376.47,376.47,2.64,74.6,2.0,4.0,0.0,1,CHEMBL251634,FLUOCORTOLONE,1,0.9904994130134582,True,True,True,1,False,C;F;O,,,False,False,27,2,False,0,0,376.4680000000002,74.6,2.6367000000000016,2,4,4,False,,True,ligands_pdbqt/CHEMBL251634.pdbqt,2.097,completed,vina_screening_full/poses/CHEMBL251634_out.pdbqt,vina_screening_full/logs/CHEMBL251634.log,1261
CHEMBL80,NALOXONE,Small molecule,4.0,1971.0,0,C=CCN1CC[C@]23c4c5ccc(O)c4O[C@H]2C(=O)CC[C@@]3(O)[C@H]1C5,"InChI=1S/C19H21NO4/c1-2-8-20-9-7-18-15-11-3-4-12(21)16(15)24-17(18)13(22)5-6-19(18,23)14(20)10-11/h2-4,14,17,21,23H,1,5-10H2/t14-,17+,18+,19-/m1/s1",UZHSEJADLWPNLE-GRGSLBFTSA-N,327.38,327.38,1.3,70.0,2.0,5.0,0.0,3,CHEMBL1718;CHEMBL5315056;CHEMBL80,NALOXONE;NALOXONE HYDROCHLORIDE;NALOXONE HYDROCHLORIDE DIHYDRATE,1,0.9673144578933716,True,True,True,1,False,C;N;O,,,False,False,24,2,False,0,0,327.3800000000001,70.0,1.3014,2,5,5,False,,True,ligands_pdbqt/CHEMBL80.pdbqt,2.1,completed,vina_screening_full/poses/CHEMBL80_out.pdbqt,vina_screening_full/logs/CHEMBL80.log,1262
CHEMBL1200386,PREDNICARBATE,Small molecule,4.0,1991.0,0,CCOC(=O)O[C@]1(C(=O)COC(=O)CC)CC[C@H]2[C@@H]3CCC4=CC(=O)C=C[C@]4(C)[C@H]3[C@@H](O)C[C@@]21C,"InChI=1S/C27H36O8/c1-5-22(31)34-15-21(30)27(35-24(32)33-6-2)12-10-19-18-8-7-16-13-17(28)9-11-25(16,3)23(18)20(29)14-26(19,27)4/h9,11,13,18-20,23,29H,5-8,10,12,14-15H2,1-4H3/t18-,19-,20-,23+,25-,26-,27-/m0/s1",FNPXMHRZILFCKX-KAJVQRHHSA-N,488.58,488.58,3.7,116.2,1.0,8.0,0.0,1,CHEMBL1200386,PREDNICARBATE,1,0.9775890350341796,True,True,True,1,False,C;O,,,False,False,35,6,False,0,0,488.5770000000002,116.2,3.699300000000002,1,8,4,False,,True,ligands_pdbqt/CHEMBL1200386.pdbqt,2.104,completed,vina_screening_full/poses/CHEMBL1200386_out.pdbqt,vina_screening_full/logs/CHEMBL1200386.log,1263
CHEMBL2147777,TENELIGLIPTIN,Small molecule,4.0,,0,Cc1cc(N2CCN([C@@H]3CN[C@H](C(=O)N4CCSC4)C3)CC2)n(-c2ccccc2)n1,"InChI=1S/C22H30N6OS/c1-17-13-21(28(24-17)18-5-3-2-4-6-18)26-9-7-25(8-10-26)19-14-20(23-15-19)22(29)27-11-12-30-16-27/h2-6,13,19-20,23H,7-12,14-16H2,1H3/t19-,20-/m0/s1",WGRQANOPCQRCME-PMACEKPBSA-N,426.59,426.59,1.57,56.64,1.0,7.0,0.0,1,CHEMBL2147777,TENELIGLIPTIN,1,0.6525806903839111,True,False,True,1,False,C;N;O;S,,,False,False,30,4,False,0,0,426.5900000000002,56.64,1.5661200000000006,1,6,5,False,,True,ligands_pdbqt/CHEMBL2147777.pdbqt,2.161,completed,vina_screening_full/poses/CHEMBL2147777_out.pdbqt,vina_screening_full/logs/CHEMBL2147777.log,1264
CHEMBL655,MIDAZOLAM,Small molecule,4.0,1985.0,0,Cc1ncc2n1-c1ccc(Cl)cc1C(c1ccccc1F)=NC2,"InChI=1S/C18H13ClFN3/c1-11-21-9-13-10-22-18(14-4-2-3-5-16(14)20)15-8-12(19)6-7-17(15)23(11)13/h2-9H,10H2,1H3",DDLIGBOFAVUZHB-UHFFFAOYSA-N,325.77,325.77,4.32,30.18,0.0,3.0,0.0,2,CHEMBL1200420;CHEMBL655,MIDAZOLAM;MIDAZOLAM HYDROCHLORIDE,1,0.980596923828125,True,True,True,1,False,C;Cl;F;N,,,False,False,23,1,False,0,0,325.77400000000006,30.18,4.324220000000002,0,2,4,False,,True,ligands_pdbqt/CHEMBL655.pdbqt,2.166,completed,vina_screening_full/poses/CHEMBL655_out.pdbqt,vina_screening_full/logs/CHEMBL655.log,1265
CHEMBL516,CYPROHEPTADINE,Small molecule,4.0,1961.0,0,CN1CCC(=C2c3ccccc3C=Cc3ccccc32)CC1,"InChI=1S/C21H21N/c1-22-14-12-18(13-15-22)21-19-8-4-2-6-16(19)10-11-17-7-3-5-9-20(17)21/h2-11H,12-15H2,1H3",JJCFRYNCJDLXIK-UHFFFAOYSA-N,287.41,287.41,4.7,3.24,0.0,1.0,0.0,2,CHEMBL1716;CHEMBL516,CYPROHEPTADINE;CYPROHEPTADINE HYDROCHLORIDE,1,0.9978493332862854,True,True,True,1,False,C;N,,,False,False,22,0,False,0,0,287.4060000000001,3.24,4.697900000000004,0,1,4,False,,True,ligands_pdbqt/CHEMBL516.pdbqt,2.197,completed,vina_screening_full/poses/CHEMBL516_out.pdbqt,vina_screening_full/logs/CHEMBL516.log,1266
CHEMBL2103855,TELOTRISTAT,Small molecule,4.0,,0,Cc1ccn(-c2cc(Cl)ccc2[C@@H](Oc2cc(-c3ccc(C[C@H](N)C(=O)O)cc3)nc(N)n2)C(F)(F)F)n1,"InChI=1S/C25H22ClF3N6O3/c1-13-8-9-35(34-13)20-11-16(26)6-7-17(20)22(25(27,28)29)38-21-12-19(32-24(31)33-21)15-4-2-14(3-5-15)10-18(30)23(36)37/h2-9,11-12,18,22H,10,30H2,1H3,(H,36,37)(H2,31,32,33)/t18-,22+/m0/s1",NCLGDOBQAWBXRA-PGRDOPGGSA-N,546.94,546.94,4.51,142.17,3.0,8.0,1.0,1,CHEMBL2103855,TELOTRISTAT,1,0.6216585993766784,True,False,True,1,False,C;Cl;F;N;O,,,False,False,38,8,False,0,0,546.9370000000002,142.17000000000002,4.510120000000002,3,7,4,False,,True,ligands_pdbqt/CHEMBL2103855.pdbqt,2.199,completed,vina_screening_full/poses/CHEMBL2103855_out.pdbqt,vina_screening_full/logs/CHEMBL2103855.log,1267
CHEMBL349803,PIRETANIDE,Small molecule,4.0,,0,NS(=O)(=O)c1cc(C(=O)O)cc(N2CCCC2)c1Oc1ccccc1,"InChI=1S/C17H18N2O5S/c18-25(22,23)15-11-12(17(20)21)10-14(19-8-4-5-9-19)16(15)24-13-6-2-1-3-7-13/h1-3,6-7,10-11H,4-5,8-9H2,(H,20,21)(H2,18,22,23)",UJEWTUDSLQGTOA-UHFFFAOYSA-N,362.41,362.41,2.42,109.93,2.0,5.0,0.0,1,CHEMBL349803,PIRETANIDE,1,0.5530547618865966,True,False,True,1,False,C;N;O;S,,,False,False,25,5,False,0,0,362.407,109.93,2.4247000000000005,2,5,3,False,,True,ligands_pdbqt/CHEMBL349803.pdbqt,2.241,completed,vina_screening_full/poses/CHEMBL349803_out.pdbqt,vina_screening_full/logs/CHEMBL349803.log,1268
CHEMBL426084,SAMIDORPHAN,Small molecule,4.0,2021.0,0,NC(=O)c1ccc2c(c1O)[C@]13CCN(CC4CC4)[C@H](C2)[C@]1(O)CCC(=O)C3,"InChI=1S/C21H26N2O4/c22-19(26)15-4-3-13-9-16-21(27)6-5-14(24)10-20(21,17(13)18(15)25)7-8-23(16)11-12-1-2-12/h3-4,12,16,25,27H,1-2,5-11H2,(H2,22,26)/t16-,20-,21-/m1/s1",RYIDHLJADOKWFM-MAODMQOUSA-N,370.45,370.45,1.25,103.86,3.0,5.0,0.0,2,CHEMBL2105749;CHEMBL426084,SAMIDORPHAN;SAMIDORPHAN L-MALATE,1,0.7998492121696472,True,False,True,1,False,C;N;O,,,False,False,27,3,False,0,0,370.4490000000002,103.86,1.2533999999999996,3,5,5,False,,True,ligands_pdbqt/CHEMBL426084.pdbqt,2.27,completed,vina_screening_full/poses/CHEMBL426084_out.pdbqt,vina_screening_full/logs/CHEMBL426084.log,1269
CHEMBL3936761,ZANUBRUTINIB,Small molecule,4.0,2019.0,0,C=CC(=O)N1CCC([C@@H]2CCNc3c(C(N)=O)c(-c4ccc(Oc5ccccc5)cc4)nn32)CC1,"InChI=1S/C27H29N5O3/c1-2-23(33)31-16-13-18(14-17-31)22-12-15-29-27-24(26(28)34)25(30-32(22)27)19-8-10-21(11-9-19)35-20-6-4-3-5-7-20/h2-11,18,22,29H,1,12-17H2,(H2,28,34)/t22-/m0/s1",RNOAOAWBMHREKO-QFIPXVFZSA-N,471.56,471.56,4.22,102.48,2.0,6.0,0.0,1,CHEMBL3936761,ZANUBRUTINIB,1,0.7413736462593079,True,False,True,1,False,C;N;O,,,False,False,35,6,False,0,0,471.5610000000002,102.48000000000002,4.222600000000003,2,5,5,False,,True,ligands_pdbqt/CHEMBL3936761.pdbqt,2.302,completed,vina_screening_full/poses/CHEMBL3936761_out.pdbqt,vina_screening_full/logs/CHEMBL3936761.log,1270
CHEMBL3590187,CLASCOTERONE,Small molecule,4.0,2020.0,0,CCC(=O)O[C@]1(C(=O)CO)CC[C@H]2[C@@H]3CCC4=CC(=O)CC[C@]4(C)[C@H]3CC[C@@]21C,"InChI=1S/C24H34O5/c1-4-21(28)29-24(20(27)14-25)12-9-19-17-6-5-15-13-16(26)7-10-22(15,2)18(17)8-11-23(19,24)3/h13,17-19,25H,4-12,14H2,1-3H3/t17-,18+,19+,22+,23+,24+/m1/s1",GPNHMOZDMYNCPO-PDUMRIMRSA-N,402.53,402.53,3.77,80.67,1.0,5.0,0.0,1,CHEMBL3590187,CLASCOTERONE,1,0.8175040721893311,True,True,True,1,False,C;O,,,False,False,29,4,False,0,0,402.5310000000003,80.67000000000002,3.7717000000000014,1,5,4,False,,True,ligands_pdbqt/CHEMBL3590187.pdbqt,2.357,completed,vina_screening_full/poses/CHEMBL3590187_out.pdbqt,vina_screening_full/logs/CHEMBL3590187.log,1271
CHEMBL1200853,DYDROGESTERONE,Small molecule,4.0,1982.0,0,CC(=O)[C@H]1CC[C@H]2[C@@H]3C=CC4=CC(=O)CC[C@@]4(C)[C@@H]3CC[C@]12C,"InChI=1S/C21H28O2/c1-13(22)17-6-7-18-16-5-4-14-12-15(23)8-10-20(14,2)19(16)9-11-21(17,18)3/h4-5,12,16-19H,6-11H2,1-3H3/t16-,17+,18-,19+,20+,21+/m0/s1",JGMOKGBVKVMRFX-HQZYFCCVSA-N,312.45,312.45,4.5,34.14,0.0,2.0,0.0,1,CHEMBL1200853,DYDROGESTERONE,1,0.940763020515442,True,True,True,1,False,C;O,,,False,False,23,1,False,0,0,312.4530000000001,34.14,4.499500000000004,0,2,4,False,,True,ligands_pdbqt/CHEMBL1200853.pdbqt,2.388,completed,vina_screening_full/poses/CHEMBL1200853_out.pdbqt,vina_screening_full/logs/CHEMBL1200853.log,1272
CHEMBL977,HYDROCORTISONE HEMISUCCINATE ANHYDROUS,Small molecule,4.0,1955.0,0,C[C@]12CCC(=O)C=C1CC[C@@H]1[C@@H]2[C@@H](O)C[C@@]2(C)[C@H]1CC[C@]2(O)C(=O)COC(=O)CCC(=O)O,"InChI=1S/C25H34O8/c1-23-9-7-15(26)11-14(23)3-4-16-17-8-10-25(32,24(17,2)12-18(27)22(16)23)19(28)13-33-21(31)6-5-20(29)30/h11,16-18,22,27,32H,3-10,12-13H2,1-2H3,(H,29,30)/t16-,17-,18-,22+,23-,24-,25-/m0/s1",VWQWXZAWFPZJDA-CGVGKPPMSA-N,462.54,462.54,2.2,138.2,3.0,7.0,0.0,2,CHEMBL1200495;CHEMBL977,HYDROCORTISONE HEMISUCCINATE ANHYDROUS;HYDROCORTISONE SODIUM SUCCINATE,1,0.5992248952388763,True,False,True,1,False,C;O,,,False,False,33,6,False,0,0,462.5390000000004,138.2,2.1973,3,7,4,False,,True,ligands_pdbqt/CHEMBL977.pdbqt,2.406,completed,vina_screening_full/poses/CHEMBL977_out.pdbqt,vina_screening_full/logs/CHEMBL977.log,1273
CHEMBL307261,ARTENIMOL,Small molecule,4.0,,0,C[C@H]1[C@@H](O)O[C@@H]2O[C@@]3(C)CC[C@H]4[C@H](C)CC[C@@H]1[C@@]24OO3,"InChI=1S/C15H24O5/c1-8-4-5-11-9(2)12(16)17-13-15(11)10(8)6-7-14(3,18-13)19-20-15/h8-13,16H,4-7H2,1-3H3/t8-,9-,10+,11+,12+,13-,14-,15-/m1/s1",BJDCWCLMFKKGEE-ISOSDAIHSA-N,284.35,284.35,2.19,57.15,1.0,5.0,0.0,1,CHEMBL307261,ARTENIMOL,1,0.9688224554061888,True,True,True,1,False,C;O,,,False,False,20,0,False,0,0,284.352,57.150000000000006,2.1867,1,5,5,False,,True,ligands_pdbqt/CHEMBL307261.pdbqt,2.49,completed,vina_screening_full/poses/CHEMBL307261_out.pdbqt,vina_screening_full/logs/CHEMBL307261.log,1274
CHEMBL2107360,PALIPERIDONE PALMITATE,Small molecule,4.0,2009.0,0,CCCCCCCCCCCCCCCC(=O)OC1CCCn2c1nc(C)c(CCN1CCC(c3noc4cc(F)ccc34)CC1)c2=O,"InChI=1S/C39H57FN4O4/c1-3-4-5-6-7-8-9-10-11-12-13-14-15-18-36(45)47-34-17-16-24-44-38(34)41-29(2)32(39(44)46)23-27-43-25-21-30(22-26-43)37-33-20-19-31(40)28-35(33)48-42-37/h19-20,28,30,34H,3-18,21-27H2,1-2H3",VOMKSBFLAZZBOW-UHFFFAOYSA-N,664.91,664.91,9.11,90.46,0.0,8.0,2.0,1,CHEMBL2107360,PALIPERIDONE PALMITATE,1,0.983457088470459,True,True,True,1,False,C;F;N;O,,,False,False,48,19,False,0,0,664.9070000000002,90.46,9.113520000000005,0,7,5,False,,True,ligands_pdbqt/CHEMBL2107360.pdbqt,2.495,completed,vina_screening_full/poses/CHEMBL2107360_out.pdbqt,vina_screening_full/logs/CHEMBL2107360.log,1275
CHEMBL716,QUETIAPINE,Small molecule,4.0,1997.0,0,OCCOCCN1CCN(C2=Nc3ccccc3Sc3ccccc32)CC1,"InChI=1S/C21H25N3O2S/c25-14-16-26-15-13-23-9-11-24(12-10-23)21-17-5-1-3-7-19(17)27-20-8-4-2-6-18(20)22-21/h1-8,25H,9-16H2",URKOMYMAXPYINW-UHFFFAOYSA-N,383.52,383.52,2.86,48.3,1.0,6.0,0.0,2,CHEMBL3188993;CHEMBL716,QUETIAPINE;QUETIAPINE FUMARATE,1,0.9864781498908995,True,True,True,1,False,C;N;O;S,,,False,False,27,5,False,0,0,383.51700000000017,48.3,2.8560000000000016,1,6,4,False,,True,ligands_pdbqt/CHEMBL716.pdbqt,2.504,completed,vina_screening_full/poses/CHEMBL716_out.pdbqt,vina_screening_full/logs/CHEMBL716.log,1276
CHEMBL1568698,GANAXOLONE,Small molecule,4.0,2022.0,0,CC(=O)[C@H]1CC[C@H]2[C@@H]3CC[C@H]4C[C@](C)(O)CC[C@]4(C)[C@H]3CC[C@]12C,"InChI=1S/C22H36O2/c1-14(23)17-7-8-18-16-6-5-15-13-20(2,24)11-12-21(15,3)19(16)9-10-22(17,18)4/h15-19,24H,5-13H2,1-4H3/t15-,16-,17+,18-,19-,20+,21-,22+/m0/s1",PGTVWKLGGCQMBR-FLBATMFCSA-N,332.53,332.53,4.99,37.3,1.0,2.0,0.0,1,CHEMBL1568698,GANAXOLONE,1,0.8096597075462342,True,True,True,1,False,C;O,,,False,False,24,1,False,0,0,332.5280000000001,37.3,4.985300000000005,1,2,4,False,,True,ligands_pdbqt/CHEMBL1568698.pdbqt,2.509,completed,vina_screening_full/poses/CHEMBL1568698_out.pdbqt,vina_screening_full/logs/CHEMBL1568698.log,1277
CHEMBL3991065,ATOGEPANT,Small molecule,4.0,2021.0,0,C[C@@H]1[C@H](c2c(F)ccc(F)c2F)C[C@H](NC(=O)c2cnc3c(c2)C[C@@]2(C3)C(=O)Nc3ncccc32)C(=O)N1CC(F)(F)F,"InChI=1S/C29H23F6N5O3/c1-13-16(22-18(30)4-5-19(31)23(22)32)8-20(26(42)40(13)12-29(33,34)35)38-25(41)15-7-14-9-28(10-21(14)37-11-15)17-3-2-6-36-24(17)39-27(28)43/h2-7,11,13,16,20H,8-10,12H2,1H3,(H,38,41)(H,36,39,43)/t13-,16-,20+,28+/m1/s1",QIVUCLWGARAQIO-OLIXTKCUSA-N,603.52,603.52,3.95,104.29,2.0,5.0,1.0,1,CHEMBL3991065,ATOGEPANT,1,0.902610981464386,True,True,True,1,False,C;F;N;O,,,False,False,43,4,False,0,0,603.5230000000003,104.29,3.9479000000000015,2,5,6,False,,True,ligands_pdbqt/CHEMBL3991065.pdbqt,2.532,completed,vina_screening_full/poses/CHEMBL3991065_out.pdbqt,vina_screening_full/logs/CHEMBL3991065.log,1278
CHEMBL635,PREDNISONE,Small molecule,4.0,1955.0,0,C[C@]12C=CC(=O)C=C1CC[C@@H]1[C@@H]2C(=O)C[C@@]2(C)[C@H]1CC[C@]2(O)C(=O)CO,"InChI=1S/C21H26O5/c1-19-7-5-13(23)9-12(19)3-4-14-15-6-8-21(26,17(25)11-22)20(15,2)10-16(24)18(14)19/h5,7,9,14-15,18,22,26H,3-4,6,8,10-11H2,1-2H3/t14-,15-,18+,19-,20-,21-/m0/s1",XOFYZVNMUHMLCC-ZPOLXVRWSA-N,358.43,358.43,1.77,91.67,2.0,5.0,0.0,1,CHEMBL635,PREDNISONE,1,0.7981616020202636,True,False,True,1,False,C;O,,,False,False,26,2,False,0,0,358.43400000000014,91.67,1.7658,2,5,4,False,,True,ligands_pdbqt/CHEMBL635.pdbqt,2.575,completed,vina_screening_full/poses/CHEMBL635_out.pdbqt,vina_screening_full/logs/CHEMBL635.log,1279
CHEMBL215303,GARENOXACIN,Small molecule,4.0,2007.0,0,C[C@H]1NCc2cc(-c3ccc4c(=O)c(C(=O)O)cn(C5CC5)c4c3OC(F)F)ccc21,"InChI=1S/C23H20F2N2O4/c1-11-15-5-2-12(8-13(15)9-26-11)16-6-7-17-19(21(16)31-23(24)25)27(14-3-4-14)10-18(20(17)28)22(29)30/h2,5-8,10-11,14,23,26H,3-4,9H2,1H3,(H,29,30)/t11-/m1/s1",NJDRXTDGYFKORP-LLVKDONJSA-N,426.42,426.42,4.47,80.56,2.0,5.0,0.0,2,CHEMBL215303;CHEMBL3183451,GARENOXACIN;GARENOXACIN MESYLATE,1,0.7488092422485352,True,False,True,1,False,C;F;N;O,,,False,False,31,5,False,0,0,426.41900000000015,80.56000000000002,4.467200000000004,2,4,5,False,,True,ligands_pdbqt/CHEMBL215303.pdbqt,2.621,completed,vina_screening_full/poses/CHEMBL215303_out.pdbqt,vina_screening_full/logs/CHEMBL215303.log,1280
CHEMBL32,MOXIFLOXACIN,Small molecule,4.0,1999.0,0,COc1c(N2C[C@@H]3CCCN[C@@H]3C2)c(F)cc2c(=O)c(C(=O)O)cn(C3CC3)c12,"InChI=1S/C21H24FN3O4/c1-29-20-17-13(19(26)14(21(27)28)9-25(17)12-4-5-12)7-15(22)18(20)24-8-11-3-2-6-23-16(11)10-24/h7,9,11-12,16,23H,2-6,8,10H2,1H3,(H,27,28)/t11-,16+/m0/s1",FABPRXSRWADJSP-MEDUHNTESA-N,401.44,401.44,2.37,83.8,2.0,6.0,0.0,2,CHEMBL1200735;CHEMBL32,MOXIFLOXACIN;MOXIFLOXACIN HYDROCHLORIDE,1,0.5779670834541321,True,False,True,1,False,C;F;N;O,,,False,False,29,4,False,0,0,401.4380000000002,83.80000000000001,2.3705000000000007,2,5,5,False,,True,ligands_pdbqt/CHEMBL32.pdbqt,2.624,completed,vina_screening_full/poses/CHEMBL32_out.pdbqt,vina_screening_full/logs/CHEMBL32.log,1281
CHEMBL485,CODEINE,Small molecule,4.0,1952.0,1,COc1ccc2c3c1O[C@H]1[C@@H](O)C=C[C@H]4[C@@H](C2)N(C)CC[C@@]341,"InChI=1S/C18H21NO3/c1-19-8-7-18-11-4-5-13(20)17(18)22-16-14(21-2)6-3-10(15(16)18)9-12(11)19/h3-6,11-13,17,20H,7-9H2,1-2H3/t11-,12+,13-,17-,18-/m0/s1",OROGSEYTTFOCAN-DNJOTXNNSA-N,299.37,299.37,1.5,41.93,1.0,4.0,0.0,4,CHEMBL1201463;CHEMBL4297091;CHEMBL485;CHEMBL6067642,CODEINE;CODEINE PHOSPHATE;CODEINE POLISTIREX;CODEINE SULFATE,1,0.9861769199371336,True,True,True,1,False,C;N;O,,,False,False,22,1,False,0,0,299.3700000000001,41.93,1.5011,1,4,5,False,,True,ligands_pdbqt/CHEMBL485.pdbqt,2.691,completed,vina_screening_full/poses/CHEMBL485_out.pdbqt,vina_screening_full/logs/CHEMBL485.log,1282
CHEMBL1477,CERIVASTATIN,Small molecule,4.0,1997.0,1,COCc1c(C(C)C)nc(C(C)C)c(/C=C/[C@@H](O)C[C@@H](O)CC(=O)O)c1-c1ccc(F)cc1,"InChI=1S/C26H34FNO5/c1-15(2)25-21(11-10-19(29)12-20(30)13-23(31)32)24(17-6-8-18(27)9-7-17)22(14-33-5)26(28-25)16(3)4/h6-11,15-16,19-20,29-30H,12-14H2,1-5H3,(H,31,32)/b11-10+/t19-,20-/m1/s1",SEERZIQQUAZTOL-ANMDKAQQSA-N,459.56,459.56,4.88,99.88,3.0,5.0,0.0,2,CHEMBL1200563;CHEMBL1477,CERIVASTATIN;CERIVASTATIN SODIUM,1,0.7131024479866028,True,False,True,1,False,C;F;N;O,,,False,False,33,11,False,0,0,459.5580000000002,99.88,4.8807000000000045,3,5,2,False,,True,ligands_pdbqt/CHEMBL1477.pdbqt,2.696,completed,vina_screening_full/poses/CHEMBL1477_out.pdbqt,vina_screening_full/logs/CHEMBL1477.log,1283
CHEMBL1683,HYDROCORTISONE BUTYRATE,Small molecule,4.0,1982.0,0,CCCC(=O)O[C@]1(C(=O)CO)CC[C@H]2[C@@H]3CCC4=CC(=O)CC[C@]4(C)[C@H]3[C@@H](O)C[C@@]21C,"InChI=1S/C25H36O6/c1-4-5-21(30)31-25(20(29)14-26)11-9-18-17-7-6-15-12-16(27)8-10-23(15,2)22(17)19(28)13-24(18,25)3/h12,17-19,22,26,28H,4-11,13-14H2,1-3H3/t17-,18-,19-,22+,23-,24-,25-/m0/s1",BMCQMVFGOVHVNG-TUFAYURCSA-N,432.56,432.56,3.13,100.9,2.0,6.0,0.0,1,CHEMBL1683,HYDROCORTISONE BUTYRATE,1,0.8960192680358887,True,True,True,1,False,C;O,,,False,False,31,5,False,0,0,432.5570000000002,100.90000000000002,3.132600000000002,2,6,4,False,,True,ligands_pdbqt/CHEMBL1683.pdbqt,2.699,completed,vina_screening_full/poses/CHEMBL1683_out.pdbqt,vina_screening_full/logs/CHEMBL1683.log,1284
CHEMBL1200865,LOTEPREDNOL ETABONATE,Small molecule,4.0,1998.0,0,CCOC(=O)O[C@]1(C(=O)OCCl)CC[C@H]2[C@@H]3CCC4=CC(=O)C=C[C@]4(C)[C@H]3[C@@H](O)C[C@@]21C,"InChI=1S/C24H31ClO7/c1-4-30-21(29)32-24(20(28)31-13-25)10-8-17-16-6-5-14-11-15(26)7-9-22(14,2)19(16)18(27)12-23(17,24)3/h7,9,11,16-19,27H,4-6,8,10,12-13H2,1-3H3/t16-,17-,18-,19+,22-,23-,24-/m0/s1",DMKSVUSAATWOCU-HROMYWEYSA-N,466.96,466.96,3.92,99.13,1.0,7.0,0.0,1,CHEMBL1200865,LOTEPREDNOL ETABONATE,1,0.9770898461341858,True,True,True,1,False,C;Cl;O,,,False,False,32,4,False,0,0,466.95800000000025,99.13,3.9165000000000014,1,7,4,False,,True,ligands_pdbqt/CHEMBL1200865.pdbqt,2.736,completed,vina_screening_full/poses/CHEMBL1200865_out.pdbqt,vina_screening_full/logs/CHEMBL1200865.log,1285
CHEMBL53,APOMORPHINE,Small molecule,4.0,2001.0,0,CN1CCc2cccc3c2[C@H]1Cc1ccc(O)c(O)c1-3,"InChI=1S/C17H17NO2/c1-18-8-7-10-3-2-4-12-15(10)13(18)9-11-5-6-14(19)17(20)16(11)12/h2-6,13,19-20H,7-9H2,1H3/t13-/m1/s1",VMWNQDUVQKEIOC-CYBMUJFWSA-N,267.33,267.33,2.85,43.7,2.0,3.0,0.0,2,CHEMBL3187985;CHEMBL53,APOMORPHINE;APOMORPHINE HYDROCHLORIDE,1,0.9758013129234314,True,True,True,1,False,C;N;O,,,False,False,20,0,False,0,0,267.328,43.7,2.8499000000000025,2,3,4,False,,True,ligands_pdbqt/CHEMBL53.pdbqt,2.758,completed,vina_screening_full/poses/CHEMBL53_out.pdbqt,vina_screening_full/logs/CHEMBL53.log,1286
CHEMBL103,PROGESTERONE,Small molecule,4.0,1976.0,0,CC(=O)[C@H]1CC[C@H]2[C@@H]3CCC4=CC(=O)CC[C@]4(C)[C@H]3CC[C@]12C,"InChI=1S/C21H30O2/c1-13(22)17-6-7-18-16-5-4-14-12-15(23)8-10-20(14,2)19(16)9-11-21(17,18)3/h12,16-19H,4-11H2,1-3H3/t16-,17+,18-,19-,20-,21+/m0/s1",RJKFOVLPORLFTN-LEKSSAKUSA-N,314.47,314.47,4.72,34.14,0.0,2.0,0.0,1,CHEMBL103,PROGESTERONE,1,0.8482754588127136,True,True,True,1,False,C;O,,,False,False,23,1,False,0,0,314.46900000000005,34.14,4.723500000000005,0,2,4,False,,True,ligands_pdbqt/CHEMBL103.pdbqt,2.76,completed,vina_screening_full/poses/CHEMBL103_out.pdbqt,vina_screening_full/logs/CHEMBL103.log,1287
CHEMBL1549,HYDROCORTISONE CYPIONATE,Small molecule,4.0,1955.0,0,C[C@]12CCC(=O)C=C1CC[C@@H]1[C@@H]2[C@@H](O)C[C@@]2(C)[C@H]1CC[C@]2(O)C(=O)COC(=O)CCC1CCCC1,"InChI=1S/C29H42O6/c1-27-13-11-20(30)15-19(27)8-9-21-22-12-14-29(34,28(22,2)16-23(31)26(21)27)24(32)17-35-25(33)10-7-18-5-3-4-6-18/h15,18,21-23,26,31,34H,3-14,16-17H2,1-2H3/t21-,22-,23-,26+,27-,28-,29-/m0/s1",DLVOSEUFIRPIRM-KAQKJVHQSA-N,486.65,486.65,4.3,100.9,2.0,6.0,0.0,1,CHEMBL1549,HYDROCORTISONE CYPIONATE,1,0.8109086751937866,True,True,True,1,False,C;O,,,False,False,35,6,False,0,0,486.6490000000005,100.9,4.302900000000004,2,6,5,False,,True,ligands_pdbqt/CHEMBL1549.pdbqt,2.778,completed,vina_screening_full/poses/CHEMBL1549_out.pdbqt,vina_screening_full/logs/CHEMBL1549.log,1288
CHEMBL3187365,ASENAPINE,Small molecule,4.0,2009.0,0,CN1CC2c3ccccc3Oc3ccc(Cl)cc3C2C1,"InChI=1S/C17H16ClNO/c1-19-9-14-12-4-2-3-5-16(12)20-17-7-6-11(18)8-13(17)15(14)10-19/h2-8,14-15H,9-10H2,1H3",VSWBSWWIRNCQIJ-UHFFFAOYSA-N,285.77,285.77,4.26,12.47,0.0,2.0,0.0,2,CHEMBL3187365;CHEMBL3544974,ASENAPINE;ASENAPINE MALEATE,1,0.997398328781128,True,True,True,1,False,C;Cl;N;O,,,False,False,20,0,False,0,0,285.77400000000006,12.47,4.258500000000003,0,2,4,False,,True,ligands_pdbqt/CHEMBL3187365.pdbqt,2.826,completed,vina_screening_full/poses/CHEMBL3187365_out.pdbqt,vina_screening_full/logs/CHEMBL3187365.log,1289
CHEMBL256907,MARAVIROC,Small molecule,4.0,2007.0,0,Cc1nnc(C(C)C)n1[C@H]1C[C@H]2CC[C@@H](C1)N2CC[C@H](NC(=O)C1CCC(F)(F)CC1)c1ccccc1,"InChI=1S/C29H41F2N5O/c1-19(2)27-34-33-20(3)36(27)25-17-23-9-10-24(18-25)35(23)16-13-26(21-7-5-4-6-8-21)32-28(37)22-11-14-29(30,31)15-12-22/h4-8,19,22-26H,9-18H2,1-3H3,(H,32,37)/t23-,24+,25+,26-/m0/s1",GSNHKUDZZFZSJB-QUMGSSFMSA-N,513.68,513.68,5.95,63.05,1.0,5.0,2.0,1,CHEMBL256907,MARAVIROC,1,0.9424856424331663,True,True,True,1,False,C;F;N;O,,,False,False,37,8,False,0,0,513.6770000000002,63.05,5.950920000000006,1,4,5,False,,True,ligands_pdbqt/CHEMBL256907.pdbqt,2.834,completed,vina_screening_full/poses/CHEMBL256907_out.pdbqt,vina_screening_full/logs/CHEMBL256907.log,1290
CHEMBL3833389,DEXTROMORAMIDE,Small molecule,4.0,,0,C[C@@H](CC(C(=O)N1CCCC1)(c1ccccc1)c1ccccc1)N1CCOCC1,"InChI=1S/C25H32N2O2/c1-21(26-16-18-29-19-17-26)20-25(22-10-4-2-5-11-22,23-12-6-3-7-13-23)24(28)27-14-8-9-15-27/h2-7,10-13,21H,8-9,14-20H2,1H3/t21-/m0/s1",XHKXWINHANRSNT-NRFANRHFSA-N,392.54,392.54,3.71,32.78,0.0,3.0,0.0,2,CHEMBL3833311;CHEMBL3833389,DEXTROMORAMIDE;DEXTROMORAMIDE TARTRATE,1,0.9022332310676576,True,True,True,1,False,C;N;O,,,False,False,29,6,False,0,0,392.5430000000002,32.78,3.7059000000000015,0,3,4,False,,True,ligands_pdbqt/CHEMBL3833389.pdbqt,2.847,completed,vina_screening_full/poses/CHEMBL3833389_out.pdbqt,vina_screening_full/logs/CHEMBL3833389.log,1291
CHEMBL4582651,PRALSETINIB,Small molecule,4.0,2020.0,0,CO[C@]1(C(=O)N[C@@H](C)c2ccc(-n3cc(F)cn3)nc2)CC[C@H](c2nc(C)cc(Nc3cc(C)[nH]n3)n2)CC1,"InChI=1S/C27H32FN9O2/c1-16-11-22(33-23-12-17(2)35-36-23)34-25(31-16)19-7-9-27(39-4,10-8-19)26(38)32-18(3)20-5-6-24(29-13-20)37-15-21(28)14-30-37/h5-6,11-15,18-19H,7-10H2,1-4H3,(H,32,38)(H2,31,33,34,35,36)/t18-,19-,27+/m0/s1",GBLBJPZSROAGMF-RWYJCYHVSA-N,533.61,533.61,4.2,135.53,3.0,9.0,1.0,1,CHEMBL4582651,PRALSETINIB,1,0.6018090784549713,True,False,True,1,False,C;F;N;O,,,False,False,39,8,False,0,0,533.6120000000002,135.53,4.200140000000003,3,8,5,False,,True,ligands_pdbqt/CHEMBL4582651.pdbqt,2.854,completed,vina_screening_full/poses/CHEMBL4582651_out.pdbqt,vina_screening_full/logs/CHEMBL4582651.log,1292
CHEMBL4650319,MOBOCERTINIB,Small molecule,4.0,2021.0,0,C=CC(=O)Nc1cc(Nc2ncc(C(=O)OC(C)C)c(-c3cn(C)c4ccccc34)n2)c(OC)cc1N(C)CCN(C)C,"InChI=1S/C32H39N7O4/c1-9-29(40)34-24-16-25(28(42-8)17-27(24)38(6)15-14-37(4)5)35-32-33-18-22(31(41)43-20(2)3)30(36-32)23-19-39(7)26-13-11-10-12-21(23)26/h9-13,16-20H,1,14-15H2,2-8H3,(H,34,40)(H,33,35,36)",AZSRSNUQCUDCGG-UHFFFAOYSA-N,585.71,585.71,5.08,113.85,2.0,10.0,2.0,2,CHEMBL4650319;CHEMBL4802239,MOBOCERTINIB;MOBOCERTINIB SUCCINATE,1,0.5446585953235626,True,False,True,1,False,C;N;O,,,False,False,43,12,False,0,0,585.709,113.85,5.075000000000005,2,9,4,False,,True,ligands_pdbqt/CHEMBL4650319.pdbqt,2.859,completed,vina_screening_full/poses/CHEMBL4650319_out.pdbqt,vina_screening_full/logs/CHEMBL4650319.log,1293
CHEMBL831,LOXAPINE,Small molecule,4.0,1975.0,0,CN1CCN(C2=Nc3ccccc3Oc3ccc(Cl)cc32)CC1,"InChI=1S/C18H18ClN3O/c1-21-8-10-22(11-9-21)18-14-12-13(19)6-7-16(14)23-17-5-3-2-4-15(17)20-18/h2-7,12H,8-11H2,1H3",XJGVXQDUIWGIRW-UHFFFAOYSA-N,327.81,327.81,3.77,28.07,0.0,4.0,0.0,3,CHEMBL1201060;CHEMBL1201155;CHEMBL831,LOXAPINE;LOXAPINE HYDROCHLORIDE;LOXAPINE SUCCINATE,1,0.9970382452011108,True,True,True,1,False,C;Cl;N;O,,,False,False,23,0,False,0,0,327.8150000000001,28.07,3.7714000000000025,0,4,4,False,,True,ligands_pdbqt/CHEMBL831.pdbqt,2.881,completed,vina_screening_full/poses/CHEMBL831_out.pdbqt,vina_screening_full/logs/CHEMBL831.log,1294
CHEMBL562,GRISEOFULVIN,Small molecule,4.0,1962.0,0,COC1=CC(=O)C[C@@H](C)[C@]12Oc1c(Cl)c(OC)cc(OC)c1C2=O,"InChI=1S/C17H17ClO6/c1-8-5-9(19)6-12(23-4)17(8)16(20)13-10(21-2)7-11(22-3)14(18)15(13)24-17/h6-8H,5H2,1-4H3/t8-,17+/m1/s1",DDUHZTYCFQRHIY-RBHXEPJQSA-N,352.77,352.77,2.81,71.06,0.0,6.0,0.0,1,CHEMBL562,GRISEOFULVIN,1,0.8695881605148316,True,True,True,1,False,C;Cl;O,,,False,False,24,3,False,0,0,352.7700000000001,71.06,2.8103000000000007,0,6,3,False,,True,ligands_pdbqt/CHEMBL562.pdbqt,2.893,completed,vina_screening_full/poses/CHEMBL562_out.pdbqt,vina_screening_full/logs/CHEMBL562.log,1295
CHEMBL1650,CORTISONE ACETATE,Small molecule,4.0,1950.0,0,CC(=O)OCC(=O)[C@@]1(O)CC[C@H]2[C@@H]3CCC4=CC(=O)CC[C@]4(C)[C@H]3C(=O)C[C@@]21C,"InChI=1S/C23H30O6/c1-13(24)29-12-19(27)23(28)9-7-17-16-5-4-14-10-15(25)6-8-21(14,2)20(16)18(26)11-22(17,23)3/h10,16-17,20,28H,4-9,11-12H2,1-3H3/t16-,17-,20+,21-,22-,23-/m0/s1",ITRJWOMZKQRYTA-RFZYENFJSA-N,402.49,402.49,2.56,97.74,1.0,6.0,0.0,1,CHEMBL1650,CORTISONE ACETATE,1,0.9559311389923096,True,True,True,1,False,C;O,,,False,False,29,3,False,0,0,402.48700000000025,97.74,2.560600000000001,1,6,4,False,,True,ligands_pdbqt/CHEMBL1650.pdbqt,2.922,completed,vina_screening_full/poses/CHEMBL1650_out.pdbqt,vina_screening_full/logs/CHEMBL1650.log,1296
CHEMBL1091,HYDROCORTISONE ACETATE,Small molecule,4.0,1951.0,0,CC(=O)OCC(=O)[C@@]1(O)CC[C@H]2[C@@H]3CCC4=CC(=O)CC[C@]4(C)[C@H]3[C@@H](O)C[C@@]21C,"InChI=1S/C23H32O6/c1-13(24)29-12-19(27)23(28)9-7-17-16-5-4-14-10-15(25)6-8-21(14,2)20(16)18(26)11-22(17,23)3/h10,16-18,20,26,28H,4-9,11-12H2,1-3H3/t16-,17-,18-,20+,21-,22-,23-/m0/s1",ALEXXDVDDISNDU-JZYPGELDSA-N,404.5,404.5,2.35,100.9,2.0,6.0,0.0,1,CHEMBL1091,HYDROCORTISONE ACETATE,1,0.8968403100967407,True,True,True,1,False,C;O,,,False,False,29,3,False,0,0,404.5030000000002,100.90000000000002,2.3524000000000003,2,6,4,False,,True,ligands_pdbqt/CHEMBL1091.pdbqt,2.953,completed,vina_screening_full/poses/CHEMBL1091_out.pdbqt,vina_screening_full/logs/CHEMBL1091.log,1297
CHEMBL895,NALBUPHINE,Small molecule,4.0,1979.0,0,Oc1ccc2c3c1O[C@H]1[C@@H](O)CC[C@@]4(O)[C@@H](C2)N(CC2CCC2)CC[C@]314,"InChI=1S/C21H27NO4/c23-14-5-4-13-10-16-21(25)7-6-15(24)19-20(21,17(13)18(14)26-19)8-9-22(16)11-12-2-1-3-12/h4-5,12,15-16,19,23-25H,1-3,6-11H2/t15-,16+,19-,20-,21+/m0/s1",NETZHAKZCGBWSS-CEDHKZHLSA-N,357.45,357.45,1.71,73.16,3.0,5.0,0.0,2,CHEMBL1201132;CHEMBL895,NALBUPHINE;NALBUPHINE HYDROCHLORIDE,1,0.9031121492385864,True,True,True,1,False,C;N;O,,,False,False,26,2,False,0,0,357.4500000000003,73.16,1.7072999999999998,3,5,6,False,,True,ligands_pdbqt/CHEMBL895.pdbqt,2.965,completed,vina_screening_full/poses/CHEMBL895_out.pdbqt,vina_screening_full/logs/CHEMBL895.log,1298
CHEMBL131,PREDNISOLONE,Small molecule,4.0,1955.0,0,C[C@]12C=CC(=O)C=C1CC[C@@H]1[C@@H]2[C@@H](O)C[C@@]2(C)[C@H]1CC[C@]2(O)C(=O)CO,"InChI=1S/C21H28O5/c1-19-7-5-13(23)9-12(19)3-4-14-15-6-8-21(26,17(25)11-22)20(15,2)10-16(24)18(14)19/h5,7,9,14-16,18,22,24,26H,3-4,6,8,10-11H2,1-2H3/t14-,15-,16-,18+,19-,20-,21-/m0/s1",OIGNJSKKLXVSLS-VWUMJDOOSA-N,360.45,360.45,1.56,94.83,3.0,5.0,0.0,1,CHEMBL131,PREDNISOLONE,1,0.6181284785270691,True,False,True,1,False,C;O,,,False,False,26,2,False,0,0,360.4500000000002,94.83,1.5576,3,5,4,False,,True,ligands_pdbqt/CHEMBL131.pdbqt,2.998,completed,vina_screening_full/poses/CHEMBL131_out.pdbqt,vina_screening_full/logs/CHEMBL131.log,1299
CHEMBL1201294,DIPHENOXYLATE,Small molecule,4.0,1960.0,0,CCOC(=O)C1(c2ccccc2)CCN(CCC(C#N)(c2ccccc2)c2ccccc2)CC1,"InChI=1S/C30H32N2O2/c1-2-34-28(33)29(25-12-6-3-7-13-25)18-21-32(22-19-29)23-20-30(24-31,26-14-8-4-9-15-26)27-16-10-5-11-17-27/h3-17H,2,18-23H2,1H3",HYPPXZBJBPSRLK-UHFFFAOYSA-N,452.6,452.6,5.48,53.33,0.0,4.0,1.0,2,CHEMBL1200665;CHEMBL1201294,DIPHENOXYLATE;DIPHENOXYLATE HYDROCHLORIDE,1,0.5591836780309677,True,False,True,1,False,C;N;O,,,False,False,34,8,False,0,0,452.5980000000001,53.33,5.483280000000006,0,4,4,False,,True,ligands_pdbqt/CHEMBL1201294.pdbqt,3.009,completed,vina_screening_full/poses/CHEMBL1201294_out.pdbqt,vina_screening_full/logs/CHEMBL1201294.log,1300
CHEMBL1200342,PARAMETHASONE ACETATE,Small molecule,4.0,1982.0,0,CC(=O)OCC(=O)[C@@]1(O)[C@H](C)C[C@H]2[C@@H]3C[C@H](F)C4=CC(=O)C=C[C@]4(C)[C@H]3[C@@H](O)C[C@@]21C,"InChI=1S/C24H31FO6/c1-12-7-16-15-9-18(25)17-8-14(27)5-6-22(17,3)21(15)19(28)10-23(16,4)24(12,30)20(29)11-31-13(2)26/h5-6,8,12,15-16,18-19,21,28,30H,7,9-11H2,1-4H3/t12-,15+,16+,18+,19+,21-,22+,23+,24+/m1/s1",HYRKAAMZBDSJFJ-LFDBJOOHSA-N,434.5,434.5,2.32,100.9,2.0,6.0,0.0,1,CHEMBL1200342,PARAMETHASONE ACETATE,1,0.9912854909896852,True,True,True,1,False,C;F;O,,,False,False,31,3,False,0,0,434.50400000000025,100.90000000000002,2.3224,2,6,4,False,,True,ligands_pdbqt/CHEMBL1200342.pdbqt,3.029,completed,vina_screening_full/poses/CHEMBL1200342_out.pdbqt,vina_screening_full/logs/CHEMBL1200342.log,1301
CHEMBL1200770,IOCETAMIC ACID,Small molecule,4.0,1982.0,0,CC(=O)N(CC(C)C(=O)O)c1c(I)cc(I)c(N)c1I,"InChI=1S/C12H13I3N2O3/c1-5(12(19)20)4-17(6(2)18)11-8(14)3-7(13)10(16)9(11)15/h3,5H,4,16H2,1-2H3,(H,19,20)",GSVQIUGOUKJHRC-UHFFFAOYSA-N,613.96,613.96,3.16,83.63,2.0,3.0,1.0,1,CHEMBL1200770,IOCETAMIC ACID,1,0.8434977173805237,True,True,True,1,False,C;I;N;O,,,False,False,20,4,False,0,0,613.9590000000001,83.63,3.156200000000001,2,3,1,False,,True,ligands_pdbqt/CHEMBL1200770.pdbqt,3.031,completed,vina_screening_full/poses/CHEMBL1200770_out.pdbqt,vina_screening_full/logs/CHEMBL1200770.log,1302
CHEMBL218394,BOCEPREVIR,Small molecule,4.0,2011.0,0,CC(C)(C)NC(=O)N[C@H](C(=O)N1C[C@H]2[C@@H]([C@H]1C(=O)NC(CC1CCC1)C(=O)C(N)=O)C2(C)C)C(C)(C)C,"InChI=1S/C27H45N5O5/c1-25(2,3)20(30-24(37)31-26(4,5)6)23(36)32-13-15-17(27(15,7)8)18(32)22(35)29-16(19(33)21(28)34)12-14-10-9-11-14/h14-18,20H,9-13H2,1-8H3,(H2,28,34)(H,29,35)(H2,30,31,37)/t15-,16?,17-,18-,20+/m0/s1",LHHCSNFAOIFYRV-DOVBMPENSA-N,519.69,519.69,1.71,150.7,4.0,5.0,1.0,1,CHEMBL218394,BOCEPREVIR,1,0.8636592745780944,True,True,True,1,False,C;N;O,,,False,False,37,8,False,0,0,519.6870000000004,150.70000000000002,1.7112000000000025,4,5,3,False,,True,ligands_pdbqt/CHEMBL218394.pdbqt,3.035,completed,vina_screening_full/poses/CHEMBL218394_out.pdbqt,vina_screening_full/logs/CHEMBL218394.log,1303
CHEMBL52440,DEXTROMETHORPHAN,Small molecule,4.0,1982.0,0,COc1ccc2c(c1)[C@]13CCCC[C@@H]1[C@H](C2)N(C)CC3,"InChI=1S/C18H25NO/c1-19-10-9-18-8-4-3-5-15(18)17(19)11-13-6-7-14(20-2)12-16(13)18/h6-7,12,15,17H,3-5,8-11H2,1-2H3/t15-,17+,18+/m1/s1",MKXZASYAUGDDCJ-NJAFHUGGSA-N,271.4,271.4,3.38,12.47,0.0,2.0,0.0,3,CHEMBL1201461;CHEMBL1256818;CHEMBL52440,DEXTROMETHORPHAN;DEXTROMETHORPHAN HYDROBROMIDE;DEXTROMETHORPHAN POLISTIREX,1,0.9823644638061524,True,True,True,1,False,C;N;O,,,False,False,20,1,False,0,0,271.404,12.47,3.383400000000002,0,2,4,False,,True,ligands_pdbqt/CHEMBL52440.pdbqt,3.054,completed,vina_screening_full/poses/CHEMBL52440_out.pdbqt,vina_screening_full/logs/CHEMBL52440.log,1304
CHEMBL364713,NOSCAPINE,Small molecule,4.0,,0,COc1ccc2c(c1OC)C(=O)O[C@@H]2[C@H]1c2c(cc3c(c2OC)OCO3)CCN1C,"InChI=1S/C22H23NO7/c1-23-8-7-11-9-14-20(29-10-28-14)21(27-4)15(11)17(23)18-12-5-6-13(25-2)19(26-3)16(12)22(24)30-18/h5-6,9,17-18H,7-8,10H2,1-4H3/t17-,18+/m1/s1",AKNNEGZIBPJZJG-MSOLQXFVSA-N,413.43,413.43,2.88,75.69,0.0,8.0,0.0,2,CHEMBL2106732;CHEMBL364713,NOSCAPINE;NOSCAPINE HYDROCHLORIDE,1,0.8474981427192688,True,True,True,1,False,C;N;O,,,False,False,30,4,False,0,0,413.4260000000003,75.69000000000001,2.881800000000001,0,8,5,False,,True,ligands_pdbqt/CHEMBL364713.pdbqt,3.101,completed,vina_screening_full/poses/CHEMBL364713_out.pdbqt,vina_screening_full/logs/CHEMBL364713.log,1305
CHEMBL963,OXYMORPHONE,Small molecule,4.0,1959.0,0,CN1CC[C@]23c4c5ccc(O)c4O[C@H]2C(=O)CC[C@@]3(O)[C@H]1C5,"InChI=1S/C17H19NO4/c1-18-7-6-16-13-9-2-3-10(19)14(13)22-15(16)11(20)4-5-17(16,21)12(18)8-9/h2-3,12,15,19,21H,4-8H2,1H3/t12-,15+,16+,17-/m1/s1",UQCNKQCJZOAFTQ-ISWURRPUSA-N,301.34,301.34,0.75,70.0,2.0,5.0,0.0,2,CHEMBL1200794;CHEMBL963,OXYMORPHONE;OXYMORPHONE HYDROCHLORIDE,1,0.9529821395874024,True,True,True,1,False,C;N;O,,,False,False,22,0,False,0,0,301.342,70.0,0.7451999999999999,2,5,5,False,,True,ligands_pdbqt/CHEMBL963.pdbqt,3.105,completed,vina_screening_full/poses/CHEMBL963_out.pdbqt,vina_screening_full/logs/CHEMBL963.log,1306
CHEMBL3301622,GILTERITINIB,Small molecule,4.0,2018.0,0,CCc1nc(C(N)=O)c(Nc2ccc(N3CCC(N4CCN(C)CC4)CC3)c(OC)c2)nc1NC1CCOCC1,"InChI=1S/C29H44N8O3/c1-4-23-28(31-20-9-17-40-18-10-20)34-29(26(33-23)27(30)38)32-21-5-6-24(25(19-21)39-3)37-11-7-22(8-12-37)36-15-13-35(2)14-16-36/h5-6,19-20,22H,4,7-18H2,1-3H3,(H2,30,38)(H2,31,32,34)",GYQYAJJFPNQOOW-UHFFFAOYSA-N,552.72,552.72,2.7,121.11,3.0,10.0,1.0,2,CHEMBL3301603;CHEMBL3301622,GILTERITINIB;GILTERITINIB FUMARATE,1,0.7023855328559876,True,False,True,1,False,C;N;O,,,False,False,40,9,False,0,0,552.7240000000003,121.11,2.6972000000000014,3,10,5,False,,True,ligands_pdbqt/CHEMBL3301622.pdbqt,3.109,completed,vina_screening_full/poses/CHEMBL3301622_out.pdbqt,vina_screening_full/logs/CHEMBL3301622.log,1307
CHEMBL2035187,PACRITINIB,Small molecule,4.0,2022.0,0,C1=N/C2=N/c3ccc(OCCN4CCCC4)c(c3)COC/C=C/COCc3cccc(c3)C(=C1)N2,"InChI=1S/C28H32N4O3/c1-2-13-32(12-1)14-17-35-27-9-8-25-19-24(27)21-34-16-4-3-15-33-20-22-6-5-7-23(18-22)26-10-11-29-28(30-25)31-26/h3-11,18-19H,1-2,12-17,20-21H2,(H,29,30,31)/b4-3+",HWXVIOGONBBTBY-ONEGZZNKSA-N,472.59,472.59,4.47,67.68,1.0,7.0,0.0,2,CHEMBL2035187;CHEMBL5095049,PACRITINIB;PACRITINIB CITRATE,1,0.6173059582710266,True,False,True,1,False,C;N;O,,,False,False,35,4,False,0,0,472.58900000000017,67.68,4.466800000000004,1,7,5,False,,True,ligands_pdbqt/CHEMBL2035187.pdbqt,3.149,completed,vina_screening_full/poses/CHEMBL2035187_out.pdbqt,vina_screening_full/logs/CHEMBL2035187.log,1308
CHEMBL2178422,RIMEGEPANT,Small molecule,4.0,2020.0,0,N[C@@H]1c2cccnc2[C@H](OC(=O)N2CCC(n3c(=O)[nH]c4ncccc43)CC2)CC[C@H]1c1cccc(F)c1F,"InChI=1S/C28H28F2N6O3/c29-20-6-1-4-17(23(20)30)18-8-9-22(25-19(24(18)31)5-2-12-32-25)39-28(38)35-14-10-16(11-15-35)36-21-7-3-13-33-26(21)34-27(36)37/h1-7,12-13,16,18,22,24H,8-11,14-15,31H2,(H,33,34,37)/t18-,22+,24-/m0/s1",KRNAOFGYEFKHPB-ANJVHQHFSA-N,534.57,534.57,4.49,119.13,2.0,7.0,1.0,2,CHEMBL2178422;CHEMBL2364629,RIMEGEPANT;RIMEGEPANT SULFATE,1,0.7801202058792114,True,False,True,1,False,C;F;N;O,,,False,False,39,3,False,0,0,534.5670000000003,119.12999999999998,4.490000000000004,2,6,6,False,,True,ligands_pdbqt/CHEMBL2178422.pdbqt,3.162,completed,vina_screening_full/poses/CHEMBL2178422_out.pdbqt,vina_screening_full/logs/CHEMBL2178422.log,1309
CHEMBL2338675,FOSDENOPTERIN,Small molecule,4.0,2021.0,0,Nc1nc(=O)c2c([nH]1)N[C@@H]1O[C@@H]3COP(=O)(O)O[C@@H]3C(O)(O)[C@@H]1N2,"InChI=1S/C10H14N5O8P/c11-9-14-6-3(7(16)15-9)12-4-8(13-6)22-2-1-21-24(19,20)23-5(2)10(4,17)18/h2,4-5,8,12,17-18H,1H2,(H,19,20)(H4,11,13,14,15,16)/t2-,4-,5+,8-/m1/s1",CZAKJJUNKNPTTO-AJFJRRQVSA-N,363.22,363.22,-2.52,201.28,7.0,11.0,2.0,2,CHEMBL2338675;CHEMBL4594300,FOSDENOPTERIN;FOSDENOPTERIN HYDROBROMIDE,1,0.7604786872863769,True,False,True,1,False,C;N;O;P,,,False,False,24,0,False,0,0,363.223,201.28,-2.5203,7,11,4,False,,True,ligands_pdbqt/CHEMBL2338675.pdbqt,3.168,completed,vina_screening_full/poses/CHEMBL2338675_out.pdbqt,vina_screening_full/logs/CHEMBL2338675.log,1310
CHEMBL1201263,HYDROCORTAMATE,Small molecule,4.0,1956.0,0,CCN(CC)CC(=O)OCC(=O)[C@@]1(O)CC[C@H]2[C@@H]3CCC4=CC(=O)CC[C@]4(C)[C@H]3[C@@H](O)C[C@@]21C,"InChI=1S/C27H41NO6/c1-5-28(6-2)15-23(32)34-16-22(31)27(33)12-10-20-19-8-7-17-13-18(29)9-11-25(17,3)24(19)21(30)14-26(20,27)4/h13,19-21,24,30,33H,5-12,14-16H2,1-4H3/t19-,20-,21-,24+,25-,26-,27-/m0/s1",FWFVLWGEFDIZMJ-FOMYWIRZSA-N,475.63,475.63,2.67,104.14,2.0,7.0,0.0,2,CHEMBL1200635;CHEMBL1201263,HYDROCORTAMATE;HYDROCORTAMATE HYDROCHLORIDE,1,0.894660210609436,True,True,True,1,False,C;N;O,,,False,False,34,7,False,0,0,475.6260000000004,104.14,2.6743,2,7,4,False,,True,ligands_pdbqt/CHEMBL1201263.pdbqt,3.22,completed,vina_screening_full/poses/CHEMBL1201263_out.pdbqt,vina_screening_full/logs/CHEMBL1201263.log,1311
CHEMBL656,OXYCODONE,Small molecule,4.0,1950.0,1,COc1ccc2c3c1O[C@H]1C(=O)CC[C@@]4(O)[C@@H](C2)N(C)CC[C@]314,"InChI=1S/C18H21NO4/c1-19-8-7-17-14-10-3-4-12(22-2)15(14)23-16(17)11(20)5-6-18(17,21)13(19)9-10/h3-4,13,16,21H,5-9H2,1-2H3/t13-,16+,17+,18-/m1/s1",BRUQQQPBMZOVGD-XFKAJCMBSA-N,315.37,315.37,1.05,59.0,1.0,5.0,0.0,3,CHEMBL1200890;CHEMBL3989826;CHEMBL656,OXYCODONE;OXYCODONE HYDROCHLORIDE;OXYCODONE TEREPHTHALATE,1,0.9865159511566162,True,True,True,1,False,C;N;O,,,False,False,23,1,False,0,0,315.3690000000001,59.00000000000001,1.0481999999999998,1,5,5,False,,True,ligands_pdbqt/CHEMBL656.pdbqt,3.244,completed,vina_screening_full/poses/CHEMBL656_out.pdbqt,vina_screening_full/logs/CHEMBL656.log,1312
CHEMBL1065,METHYSERGIDE,Small molecule,4.0,1962.0,0,CC[C@@H](CO)NC(=O)[C@@H]1C=C2c3cccc4c3c(cn4C)C[C@H]2N(C)C1,"InChI=1S/C21H27N3O2/c1-4-15(12-25)22-21(26)14-8-17-16-6-5-7-18-20(16)13(10-23(18)2)9-19(17)24(3)11-14/h5-8,10,14-15,19,25H,4,9,11-12H2,1-3H3,(H,22,26)/t14-,15+,19-/m1/s1",KPJZHOPZRAFDTN-ZRGWGRIASA-N,353.47,353.47,1.94,57.5,2.0,4.0,0.0,2,CHEMBL1065;CHEMBL1200938,METHYSERGIDE;METHYSERGIDE MALEATE,1,0.9103400468826294,True,True,True,1,False,C;N;O,,,False,False,26,4,False,0,0,353.4660000000001,57.5,1.9351,2,3,4,False,,True,ligands_pdbqt/CHEMBL1065.pdbqt,3.25,completed,vina_screening_full/poses/CHEMBL1065_out.pdbqt,vina_screening_full/logs/CHEMBL1065.log,1313
CHEMBL1014,CANDESARTAN CILEXETIL,Small molecule,4.0,1998.0,0,CCOc1nc2cccc(C(=O)OC(C)OC(=O)OC3CCCCC3)c2n1Cc1ccc(-c2ccccc2-c2nn[nH]n2)cc1,"InChI=1S/C33H34N6O6/c1-3-42-32-34-28-15-9-14-27(31(40)43-21(2)44-33(41)45-24-10-5-4-6-11-24)29(28)39(32)20-22-16-18-23(19-17-22)25-12-7-8-13-26(25)30-35-37-38-36-30/h7-9,12-19,21,24H,3-6,10-11,20H2,1-2H3,(H,35,36,37,38)",GHOSNRCGJFBJIB-UHFFFAOYSA-N,610.67,610.67,6.32,143.34,1.0,11.0,3.0,1,CHEMBL1014,CANDESARTAN CILEXETIL,1,0.5362574458122253,True,False,True,1,False,C;N;O,,,False,False,45,10,False,0,0,610.6710000000002,143.33999999999995,6.319100000000007,1,10,6,False,,True,ligands_pdbqt/CHEMBL1014.pdbqt,3.257,completed,vina_screening_full/poses/CHEMBL1014_out.pdbqt,vina_screening_full/logs/CHEMBL1014.log,1314
CHEMBL398707,HYDROMORPHONE,Small molecule,4.0,1984.0,0,CN1CC[C@]23c4c5ccc(O)c4O[C@H]2C(=O)CC[C@H]3[C@H]1C5,"InChI=1S/C17H19NO3/c1-18-7-6-17-10-3-5-13(20)16(17)21-15-12(19)4-2-9(14(15)17)8-11(10)18/h2,4,10-11,16,19H,3,5-8H2,1H3/t10-,11+,16-,17-/m0/s1",WVLOADHCBXTIJK-YNHQPCIGSA-N,285.34,285.34,1.63,49.77,1.0,4.0,0.0,2,CHEMBL1237055;CHEMBL398707,HYDROMORPHONE;HYDROMORPHONE HYDROCHLORIDE,1,0.984757685661316,True,True,True,1,False,C;N;O,,,False,False,21,0,False,0,0,285.343,49.77,1.6303,1,4,5,False,,True,ligands_pdbqt/CHEMBL398707.pdbqt,3.32,completed,vina_screening_full/poses/CHEMBL398707_out.pdbqt,vina_screening_full/logs/CHEMBL398707.log,1315
CHEMBL1641,HYDROCORTISONE PHOSPHORIC ACID,Small molecule,4.0,1960.0,0,C[C@]12CCC(=O)C=C1CC[C@@H]1[C@@H]2[C@@H](O)C[C@@]2(C)[C@H]1CC[C@]2(O)C(=O)COP(=O)(O)O,"InChI=1S/C21H31O8P/c1-19-7-5-13(22)9-12(19)3-4-14-15-6-8-21(25,17(24)11-29-30(26,27)28)20(15,2)10-16(23)18(14)19/h9,14-16,18,23,25H,3-8,10-11H2,1-2H3,(H2,26,27,28)/t14-,15-,16-,18+,19-,20-,21-/m0/s1",BGSOJVFOEQLVMH-VWUMJDOOSA-N,442.45,442.45,1.9,141.36,4.0,6.0,0.0,2,CHEMBL1200968;CHEMBL1641,HYDROCORTISONE PHOSPHORIC ACID;HYDROCORTISONE SODIUM PHOSPHATE,1,0.5418510794639587,True,False,True,1,False,C;O;P,,,False,False,30,4,False,0,0,442.4450000000002,141.36,1.8986,4,6,4,False,,True,ligands_pdbqt/CHEMBL1641.pdbqt,3.37,completed,vina_screening_full/poses/CHEMBL1641_out.pdbqt,vina_screening_full/logs/CHEMBL1641.log,1316
CHEMBL107,COLCHICINE,Small molecule,4.0,1961.0,0,COc1cc2c(c(OC)c1OC)-c1ccc(OC)c(=O)cc1[C@@H](NC(C)=O)CC2,"InChI=1S/C22H25NO6/c1-12(24)23-16-8-6-13-10-19(27-3)21(28-4)22(29-5)20(13)14-7-9-18(26-2)17(25)11-15(14)16/h7,9-11,16H,6,8H2,1-5H3,(H,23,24)/t16-/m0/s1",IAKHMKGGTNLKSZ-INIZCTEOSA-N,399.44,399.44,2.87,83.09,1.0,6.0,0.0,1,CHEMBL107,COLCHICINE,1,0.7714877486228943,True,False,True,1,False,C;N;O,,,False,False,29,5,False,0,0,399.4430000000002,83.09,2.871600000000001,1,6,3,False,,True,ligands_pdbqt/CHEMBL107.pdbqt,3.389,completed,vina_screening_full/poses/CHEMBL107_out.pdbqt,vina_screening_full/logs/CHEMBL107.log,1317
CHEMBL1595,DIHYDROCODEINE,Small molecule,4.0,1983.0,0,COc1ccc2c3c1O[C@H]1[C@@H](O)CC[C@H]4[C@@H](C2)N(C)CC[C@@]341,"InChI=1S/C18H23NO3/c1-19-8-7-18-11-4-5-13(20)17(18)22-16-14(21-2)6-3-10(15(16)18)9-12(11)19/h3,6,11-13,17,20H,4-5,7-9H2,1-2H3/t11-,12+,13-,17-,18-/m0/s1",RBOXVHNMENFORY-DNJOTXNNSA-N,301.39,301.39,1.73,41.93,1.0,4.0,0.0,2,CHEMBL1595;CHEMBL2062266,DIHYDROCODEINE;DIHYDROCODEINE BITARTRATE,1,0.982580268383026,True,True,True,1,False,C;N;O,,,False,False,22,1,False,0,0,301.3860000000001,41.93,1.7251,1,4,5,False,,True,ligands_pdbqt/CHEMBL1595.pdbqt,3.397,completed,vina_screening_full/poses/CHEMBL1595_out.pdbqt,vina_screening_full/logs/CHEMBL1595.log,1318
CHEMBL1201349,HEXAFLUORENIUM,Small molecule,4.0,1982.0,0,C[N+](C)(CCCCCC[N+](C)(C)C1c2ccccc2-c2ccccc21)C1c2ccccc2-c2ccccc21,"InChI=1S/C36H42N2/c1-37(2,35-31-21-11-7-17-27(31)28-18-8-12-22-32(28)35)25-15-5-6-16-26-38(3,4)36-33-23-13-9-19-29(33)30-20-10-14-24-34(30)36/h7-14,17-24,35-36H,5-6,15-16,25-26H2,1-4H3/q+2",HDZAQYPYABGTCL-UHFFFAOYSA-N,502.75,502.75,8.24,0.0,0.0,0.0,2.0,2,CHEMBL1200933;CHEMBL1201349,HEXAFLUORENIUM;HEXAFLUORENIUM BROMIDE,1,0.8695339918136596,True,True,True,1,False,C;N,,,False,False,38,9,False,2,2,502.74600000000027,0.0,8.239600000000008,0,0,6,False,,True,ligands_pdbqt/CHEMBL1201349.pdbqt,3.404,completed,vina_screening_full/poses/CHEMBL1201349_out.pdbqt,vina_screening_full/logs/CHEMBL1201349.log,1319
CHEMBL206253,NETUPITANT,Small molecule,4.0,2014.0,0,Cc1ccccc1-c1cc(N2CCN(C)CC2)ncc1N(C)C(=O)C(C)(C)c1cc(C(F)(F)F)cc(C(F)(F)F)c1,"InChI=1S/C30H32F6N4O/c1-19-8-6-7-9-23(19)24-17-26(40-12-10-38(4)11-13-40)37-18-25(24)39(5)27(41)28(2,3)20-14-21(29(31,32)33)16-22(15-20)30(34,35)36/h6-9,14-18H,10-13H2,1-5H3",WAXQNWCZJDTGBU-UHFFFAOYSA-N,578.6,578.6,6.79,39.68,0.0,4.0,2.0,1,CHEMBL206253,NETUPITANT,1,0.8592620015144348,True,True,True,1,False,C;F;N;O,,,False,False,41,5,False,0,0,578.6010000000003,39.68,6.787020000000006,0,4,4,False,,True,ligands_pdbqt/CHEMBL206253.pdbqt,3.478,completed,vina_screening_full/poses/CHEMBL206253_out.pdbqt,vina_screening_full/logs/CHEMBL206253.log,1320
CHEMBL389621,HYDROCORTISONE,Small molecule,4.0,1952.0,0,C[C@]12CCC(=O)C=C1CC[C@@H]1[C@@H]2[C@@H](O)C[C@@]2(C)[C@H]1CC[C@]2(O)C(=O)CO,"InChI=1S/C21H30O5/c1-19-7-5-13(23)9-12(19)3-4-14-15-6-8-21(26,17(25)11-22)20(15,2)10-16(24)18(14)19/h9,14-16,18,22,24,26H,3-8,10-11H2,1-2H3/t14-,15-,16-,18+,19-,20-,21-/m0/s1",JYGXADMDTFJGBT-VWUMJDOOSA-N,362.47,362.47,1.78,94.83,3.0,5.0,0.0,1,CHEMBL389621,HYDROCORTISONE,1,0.5305968701839447,True,False,True,1,False,C;O,,,False,False,26,2,False,0,0,362.4660000000002,94.83,1.7815999999999996,3,5,4,False,,True,ligands_pdbqt/CHEMBL389621.pdbqt,3.625,completed,vina_screening_full/poses/CHEMBL389621_out.pdbqt,vina_screening_full/logs/CHEMBL389621.log,1321
CHEMBL946,AZATADINE,Small molecule,4.0,1977.0,0,CN1CCC(=C2c3ccccc3CCc3cccnc32)CC1,"InChI=1S/C20H22N2/c1-22-13-10-16(11-14-22)19-18-7-3-2-5-15(18)8-9-17-6-4-12-21-20(17)19/h2-7,12H,8-11,13-14H2,1H3",SEBMTIQKRHYNIT-UHFFFAOYSA-N,290.41,290.41,3.71,16.13,0.0,2.0,0.0,2,CHEMBL3544908;CHEMBL946,AZATADINE;AZATADINE MALEATE,1,0.9969074726104736,True,True,True,1,False,C;N,,,False,False,22,0,False,0,0,290.4100000000001,16.130000000000003,3.707700000000002,0,2,4,False,,True,ligands_pdbqt/CHEMBL946.pdbqt,3.657,completed,vina_screening_full/poses/CHEMBL946_out.pdbqt,vina_screening_full/logs/CHEMBL946.log,1322
CHEMBL1766,DESOXIMETASONE,Small molecule,4.0,1977.0,0,C[C@@H]1C[C@H]2[C@@H]3CCC4=CC(=O)C=C[C@]4(C)[C@@]3(F)[C@@H](O)C[C@]2(C)[C@H]1C(=O)CO,"InChI=1S/C22H29FO4/c1-12-8-16-15-5-4-13-9-14(25)6-7-21(13,3)22(15,23)18(27)10-20(16,2)19(12)17(26)11-24/h6-7,9,12,15-16,18-19,24,27H,4-5,8,10-11H2,1-3H3/t12-,15+,16+,18+,19-,20+,21+,22+/m1/s1",VWVSBHGCDBMOOT-IIEHVVJPSA-N,376.47,376.47,2.78,74.6,2.0,4.0,0.0,1,CHEMBL1766,DESOXIMETASONE,1,0.9901770949363708,True,True,True,1,False,C;F;O,,,False,False,27,2,False,0,0,376.4680000000002,74.6,2.780800000000001,2,4,4,False,,True,ligands_pdbqt/CHEMBL1766.pdbqt,3.67,completed,vina_screening_full/poses/CHEMBL1766_out.pdbqt,vina_screening_full/logs/CHEMBL1766.log,1323
CHEMBL135400,ZOPICLONE,Small molecule,4.0,,1,CN1CCN(C(=O)OC2c3nccnc3C(=O)N2c2ccc(Cl)cn2)CC1,"InChI=1S/C17H17ClN6O3/c1-22-6-8-23(9-7-22)17(26)27-16-14-13(19-4-5-20-14)15(25)24(16)12-3-2-11(18)10-21-12/h2-5,10,16H,6-9H2,1H3",GBBSUAFBMRNDJC-UHFFFAOYSA-N,388.82,388.82,1.57,91.76,0.0,7.0,0.0,1,CHEMBL135400,ZOPICLONE,1,0.9535723805427552,True,True,True,1,False,C;Cl;N;O,,,False,False,27,2,False,0,0,388.8150000000001,91.76,1.5679999999999998,0,7,4,False,,True,ligands_pdbqt/CHEMBL135400.pdbqt,3.683,completed,vina_screening_full/poses/CHEMBL135400_out.pdbqt,vina_screening_full/logs/CHEMBL135400.log,1324
CHEMBL70,MORPHINE,Small molecule,4.0,1984.0,0,CN1CC[C@]23c4c5ccc(O)c4O[C@H]2[C@@H](O)C=C[C@H]3[C@H]1C5,"InChI=1S/C17H19NO3/c1-18-7-6-17-10-3-5-13(20)16(17)21-15-12(19)4-2-9(14(15)17)8-11(10)18/h2-5,10-11,13,16,19-20H,6-8H2,1H3/t10-,11+,13-,16-,17-/m0/s1",BQJCRHHNABKAKU-KBQPJGBKSA-N,285.34,285.34,1.2,52.93,2.0,4.0,0.0,2,CHEMBL2103744;CHEMBL70,MORPHINE;MORPHINE SULFATE,1,0.9556146383285522,True,True,True,1,False,C;N;O,,,False,False,21,0,False,0,0,285.343,52.93000000000001,1.1981,2,4,5,False,,True,ligands_pdbqt/CHEMBL70.pdbqt,3.688,completed,vina_screening_full/poses/CHEMBL70_out.pdbqt,vina_screening_full/logs/CHEMBL70.log,1325
CHEMBL1199324,FOSAPREPITANT,Small molecule,4.0,2008.0,0,C[C@@H](O[C@H]1OCCN(Cc2nn(P(=O)(O)O)c(=O)[nH]2)[C@H]1c1ccc(F)cc1)c1cc(C(F)(F)F)cc(C(F)(F)F)c1,"InChI=1S/C23H22F7N4O6P/c1-12(14-8-15(22(25,26)27)10-16(9-14)23(28,29)30)40-20-19(13-2-4-17(24)5-3-13)33(6-7-39-20)11-18-31-21(35)34(32-18)41(36,37)38/h2-5,8-10,12,19-20H,6-7,11H2,1H3,(H,31,32,35)(H2,36,37,38)/t12-,19+,20-/m1/s1",BARDROPHSZEBKC-OITMNORJSA-N,614.41,614.41,4.37,129.91,3.0,7.0,1.0,2,CHEMBL1199324;CHEMBL1201782,FOSAPREPITANT;FOSAPREPITANT DIMEGLUMINE,1,0.5298586666584015,True,False,True,1,False,C;F;N;O;P,,,False,False,41,7,False,0,0,614.4110000000003,129.91,4.366300000000003,3,6,4,False,,True,ligands_pdbqt/CHEMBL1199324.pdbqt,3.696,completed,vina_screening_full/poses/CHEMBL1199324_out.pdbqt,vina_screening_full/logs/CHEMBL1199324.log,1326
CHEMBL710,FINASTERIDE,Small molecule,4.0,1992.0,0,CC(C)(C)NC(=O)[C@H]1CC[C@H]2[C@@H]3CC[C@H]4NC(=O)C=C[C@]4(C)[C@H]3CC[C@]12C,"InChI=1S/C23H36N2O2/c1-21(2,3)25-20(27)17-8-7-15-14-6-9-18-23(5,13-11-19(26)24-18)16(14)10-12-22(15,17)4/h11,13-18H,6-10,12H2,1-5H3,(H,24,26)(H,25,27)/t14-,15-,16-,17+,18+,22-,23+/m0/s1",DBEPLOCGEIEOCV-WSBQPABSSA-N,372.55,372.55,3.81,58.2,2.0,2.0,0.0,1,CHEMBL710,FINASTERIDE,1,0.8118661403656006,True,True,True,1,False,C;N;O,,,False,False,27,1,False,0,0,372.55300000000017,58.2,3.8145000000000016,2,2,4,False,,True,ligands_pdbqt/CHEMBL710.pdbqt,3.709,completed,vina_screening_full/poses/CHEMBL710_out.pdbqt,vina_screening_full/logs/CHEMBL710.log,1327
CHEMBL534,KETOTIFEN,Small molecule,4.0,1999.0,0,CN1CCC(=C2c3ccccc3CC(=O)c3sccc32)CC1,"InChI=1S/C19H19NOS/c1-20-9-6-13(7-10-20)18-15-5-3-2-4-14(15)12-17(21)19-16(18)8-11-22-19/h2-5,8,11H,6-7,9-10,12H2,1H3",ZCVMWBYGMWKGHF-UHFFFAOYSA-N,309.43,309.43,4.01,20.31,0.0,3.0,0.0,2,CHEMBL1633;CHEMBL534,KETOTIFEN;KETOTIFEN FUMARATE,1,0.9987605094909668,True,True,True,1,False,C;N;O;S,,,False,False,22,0,False,0,0,309.4340000000001,20.31,4.014400000000004,0,3,4,False,,True,ligands_pdbqt/CHEMBL534.pdbqt,3.78,completed,vina_screening_full/poses/CHEMBL534_out.pdbqt,vina_screening_full/logs/CHEMBL534.log,1328
CHEMBL1200617,RIMEXOLONE,Small molecule,4.0,1994.0,0,CCC(=O)[C@@]1(C)[C@H](C)C[C@H]2[C@@H]3CCC4=CC(=O)C=C[C@]4(C)[C@H]3[C@@H](O)C[C@@]21C,"InChI=1S/C24H34O3/c1-6-20(27)24(5)14(2)11-18-17-8-7-15-12-16(25)9-10-22(15,3)21(17)19(26)13-23(18,24)4/h9-10,12,14,17-19,21,26H,6-8,11,13H2,1-5H3/t14-,17+,18+,19+,21-,22+,23+,24-/m1/s1",QTTRZHGPGKRAFB-OOKHYKNYSA-N,370.53,370.53,4.5,54.37,1.0,3.0,0.0,1,CHEMBL1200617,RIMEXOLONE,1,0.9536949157714844,True,True,True,1,False,C;O,,,False,False,27,2,False,0,0,370.5330000000001,54.370000000000005,4.496500000000005,1,3,4,False,,True,ligands_pdbqt/CHEMBL1200617.pdbqt,3.859,completed,vina_screening_full/poses/CHEMBL1200617_out.pdbqt,vina_screening_full/logs/CHEMBL1200617.log,1329
CHEMBL1200774,FLUPREDNISOLONE,Small molecule,4.0,1982.0,0,C[C@]12C=CC(=O)C=C1[C@@H](F)C[C@@H]1[C@@H]2[C@@H](O)C[C@@]2(C)[C@H]1CC[C@]2(O)C(=O)CO,"InChI=1S/C21H27FO5/c1-19-5-3-11(24)7-14(19)15(22)8-12-13-4-6-21(27,17(26)10-23)20(13,2)9-16(25)18(12)19/h3,5,7,12-13,15-16,18,23,25,27H,4,6,8-10H2,1-2H3/t12-,13-,15-,16-,18+,19-,20-,21-/m0/s1",MYYIMZRZXIQBGI-HVIRSNARSA-N,378.44,378.44,1.51,94.83,3.0,5.0,0.0,1,CHEMBL1200774,FLUPREDNISOLONE,1,0.9613865494728088,True,True,True,1,False,C;F;O,,,False,False,27,2,False,0,0,378.44000000000017,94.83,1.5056,3,5,4,False,,True,ligands_pdbqt/CHEMBL1200774.pdbqt,3.923,completed,vina_screening_full/poses/CHEMBL1200774_out.pdbqt,vina_screening_full/logs/CHEMBL1200774.log,1330
CHEMBL1152,PREDNISOLONE ACETATE,Small molecule,4.0,1955.0,0,CC(=O)OCC(=O)[C@@]1(O)CC[C@H]2[C@@H]3CCC4=CC(=O)C=C[C@]4(C)[C@H]3[C@@H](O)C[C@@]21C,"InChI=1S/C23H30O6/c1-13(24)29-12-19(27)23(28)9-7-17-16-5-4-14-10-15(25)6-8-21(14,2)20(16)18(26)11-22(17,23)3/h6,8,10,16-18,20,26,28H,4-5,7,9,11-12H2,1-3H3/t16-,17-,18-,20+,21-,22-,23-/m0/s1",LRJOMUJRLNCICJ-JZYPGELDSA-N,402.49,402.49,2.13,100.9,2.0,6.0,0.0,1,CHEMBL1152,PREDNISOLONE ACETATE,1,0.92026047706604,True,True,True,1,False,C;O,,,False,False,29,3,False,0,0,402.48700000000014,100.90000000000002,2.1284,2,6,4,False,,True,ligands_pdbqt/CHEMBL1152.pdbqt,3.969,completed,vina_screening_full/poses/CHEMBL1152_out.pdbqt,vina_screening_full/logs/CHEMBL1152.log,1331
CHEMBL1201231,PREDNISOLONE PHOSPHORIC ACID,Small molecule,4.0,1973.0,0,C[C@]12C=CC(=O)C=C1CC[C@@H]1[C@@H]2[C@@H](O)C[C@@]2(C)[C@H]1CC[C@]2(O)C(=O)COP(=O)(O)O,"InChI=1S/C21H29O8P/c1-19-7-5-13(22)9-12(19)3-4-14-15-6-8-21(25,17(24)11-29-30(26,27)28)20(15,2)10-16(23)18(14)19/h5,7,9,14-16,18,23,25H,3-4,6,8,10-11H2,1-2H3,(H2,26,27,28)/t14-,15-,16-,18+,19-,20-,21-/m0/s1",JDOZJEUDSLGTLU-VWUMJDOOSA-N,440.43,440.43,1.67,141.36,4.0,6.0,0.0,2,CHEMBL1201014;CHEMBL1201231,PREDNISOLONE PHOSPHORIC ACID;PREDNISOLONE SODIUM PHOSPHATE,1,0.5968337118625641,True,False,True,1,False,C;O;P,,,False,False,30,4,False,0,0,440.42900000000026,141.36,1.6746,4,6,4,False,,True,ligands_pdbqt/CHEMBL1201231.pdbqt,3.981,completed,vina_screening_full/poses/CHEMBL1201231_out.pdbqt,vina_screening_full/logs/CHEMBL1201231.log,1332
CHEMBL1201303,PYRVINIUM,Small molecule,4.0,1982.0,0,Cc1cc(/C=C/c2ccc3cc(N(C)C)ccc3[n+]2C)c(C)n1-c1ccccc1,"InChI=1S/C26H28N3/c1-19-17-21(20(2)29(19)24-9-7-6-8-10-24)11-13-23-14-12-22-18-25(27(3)4)15-16-26(22)28(23)5/h6-18H,1-5H3/q+1",QMHSXPLYMTVAMK-UHFFFAOYSA-N,382.53,382.53,5.31,12.05,0.0,2.0,1.0,2,CHEMBL1201303;CHEMBL1908377,PYRVINIUM;PYRVINIUM PAMOATE,1,0.8349483609199524,True,True,True,1,False,C;N,,,False,False,29,4,False,1,1,382.5310000000001,12.05,5.308240000000004,0,1,4,False,,True,ligands_pdbqt/CHEMBL1201303.pdbqt,4.015,completed,vina_screening_full/poses/CHEMBL1201303_out.pdbqt,vina_screening_full/logs/CHEMBL1201303.log,1333
CHEMBL1457,HYDROCODONE,Small molecule,4.0,1943.0,0,COc1ccc2c3c1O[C@H]1C(=O)CC[C@H]4[C@@H](C2)N(C)CC[C@]314,"InChI=1S/C18H21NO3/c1-19-8-7-18-11-4-5-13(20)17(18)22-16-14(21-2)6-3-10(15(16)18)9-12(11)19/h3,6,11-12,17H,4-5,7-9H2,1-2H3/t11-,12+,17-,18-/m0/s1",LLPOLZWFYMWNKH-CMKMFDCUSA-N,299.37,299.37,1.93,38.77,0.0,4.0,0.0,3,CHEMBL1201470;CHEMBL1457;CHEMBL3989677,HYDROCODONE;HYDROCODONE BITARTRATE;HYDROCODONE POLISTIREX,1,0.9958235502243042,True,True,True,1,False,C;N;O,,,False,False,22,1,False,0,0,299.37000000000006,38.77,1.9333,0,4,5,False,,True,ligands_pdbqt/CHEMBL1457.pdbqt,4.064,completed,vina_screening_full/poses/CHEMBL1457_out.pdbqt,vina_screening_full/logs/CHEMBL1457.log,1334
CHEMBL715,OLANZAPINE,Small molecule,4.0,1996.0,0,Cc1cc2c(s1)Nc1ccccc1N=C2N1CCN(C)CC1,"InChI=1S/C17H20N4S/c1-12-11-13-16(21-9-7-20(2)8-10-21)18-14-5-3-4-6-15(14)19-17(13)22-12/h3-6,11,19H,7-10H2,1-2H3",KVWDHTXUZHCGIO-UHFFFAOYSA-N,312.44,312.44,3.44,30.87,1.0,5.0,0.0,2,CHEMBL3989694;CHEMBL715,OLANZAPINE;OLANZAPINE PAMOATE,1,0.9939910531044006,True,True,True,1,False,C;N;S,,,False,False,22,0,False,0,0,312.4420000000001,30.870000000000005,3.439220000000004,1,5,4,False,,True,ligands_pdbqt/CHEMBL715.pdbqt,4.139,completed,vina_screening_full/poses/CHEMBL715_out.pdbqt,vina_screening_full/logs/CHEMBL715.log,1335
CHEMBL3707377,SEGESTERONE ACETATE,Small molecule,4.0,2018.0,0,C=C1C[C@H]2[C@@H]3CCC4=CC(=O)CC[C@@H]4[C@H]3CC[C@]2(C)[C@@]1(OC(C)=O)C(C)=O,"InChI=1S/C23H30O4/c1-13-11-21-20-7-5-16-12-17(26)6-8-18(16)19(20)9-10-22(21,4)23(13,14(2)24)27-15(3)25/h12,18-21H,1,5-11H2,2-4H3/t18-,19+,20+,21-,22-,23-/m0/s1",CKFBRGLGTWAVLG-GOMYTPFNSA-N,370.49,370.49,4.19,60.44,0.0,4.0,0.0,1,CHEMBL3707377,SEGESTERONE ACETATE,1,0.9364870429039002,True,True,True,1,False,C;O,,,False,False,27,2,False,0,0,370.4890000000001,60.440000000000005,4.185200000000004,0,4,4,False,,True,ligands_pdbqt/CHEMBL3707377.pdbqt,4.14,completed,vina_screening_full/poses/CHEMBL3707377_out.pdbqt,vina_screening_full/logs/CHEMBL3707377.log,1336
CHEMBL50588,EMETINE,Small molecule,4.0,,1,CC[C@H]1CN2CCc3cc(OC)c(OC)cc3[C@@H]2C[C@@H]1C[C@H]1NCCc2cc(OC)c(OC)cc21,"InChI=1S/C29H40N2O4/c1-6-18-17-31-10-8-20-14-27(33-3)29(35-5)16-23(20)25(31)12-21(18)11-24-22-15-28(34-4)26(32-2)13-19(22)7-9-30-24/h13-16,18,21,24-25,30H,6-12,17H2,1-5H3/t18-,21-,24+,25-/m0/s1",AUVVAXYIELKVAI-CKBKHPSWSA-N,480.65,480.65,4.94,52.19,1.0,6.0,0.0,1,CHEMBL50588,EMETINE,1,0.7538482069969177,True,False,True,1,False,C;N;O,,,False,False,35,7,False,0,0,480.64900000000034,52.19000000000001,4.943400000000005,1,6,5,False,,True,ligands_pdbqt/CHEMBL50588.pdbqt,4.158,completed,vina_screening_full/poses/CHEMBL50588_out.pdbqt,vina_screening_full/logs/CHEMBL50588.log,1337
CHEMBL2105737,SONIDEGIB,Small molecule,4.0,2015.0,0,Cc1c(C(=O)Nc2ccc(N3C[C@@H](C)O[C@@H](C)C3)nc2)cccc1-c1ccc(OC(F)(F)F)cc1,"InChI=1S/C26H26F3N3O3/c1-16-14-32(15-17(2)34-16)24-12-9-20(13-30-24)31-25(33)23-6-4-5-22(18(23)3)19-7-10-21(11-8-19)35-26(27,28)29/h4-13,16-17H,14-15H2,1-3H3,(H,31,33)/t16-,17+",VZZJRYRQSPEMTK-CALCHBBNSA-N,485.51,485.51,5.82,63.69,1.0,5.0,1.0,2,CHEMBL2105737;CHEMBL3137317,SONIDEGIB;SONIDEGIB PHOSPHATE,1,0.5193340003490448,True,False,True,1,False,C;F;N;O,,,False,False,35,5,False,0,0,485.5060000000001,63.69000000000001,5.821520000000005,1,5,4,False,,True,ligands_pdbqt/CHEMBL2105737.pdbqt,4.237,completed,vina_screening_full/poses/CHEMBL2105737_out.pdbqt,vina_screening_full/logs/CHEMBL2105737.log,1338
CHEMBL4559134,SELPERCATINIB,Small molecule,4.0,2020.0,0,COc1ccc(CN2C3CC2CN(c2ccc(-c4cc(OCC(C)(C)O)cn5ncc(C#N)c45)cn2)C3)cn1,"InChI=1S/C29H31N7O3/c1-29(2,37)18-39-24-9-25(28-21(10-30)13-33-36(28)17-24)20-5-6-26(31-12-20)34-15-22-8-23(16-34)35(22)14-19-4-7-27(38-3)32-11-19/h4-7,9,11-13,17,22-23,37H,8,14-16,18H2,1-3H3",XIIOFHFUYBLOLW-UHFFFAOYSA-N,525.61,525.61,3.28,112.04,1.0,10.0,1.0,1,CHEMBL4559134,SELPERCATINIB,1,0.5602011859416962,True,False,True,1,False,C;N;O,,,False,False,39,8,False,0,0,525.6130000000003,112.04,3.2843800000000023,1,9,7,False,,True,ligands_pdbqt/CHEMBL4559134.pdbqt,4.334,completed,vina_screening_full/poses/CHEMBL4559134_out.pdbqt,vina_screening_full/logs/CHEMBL4559134.log,1339
CHEMBL38827,LUMEFANTRINE,Small molecule,4.0,2009.0,0,CCCCN(CCCC)CC(O)c1cc(Cl)cc2c1-c1ccc(Cl)cc1/C2=C/c1ccc(Cl)cc1,"InChI=1S/C30H32Cl3NO/c1-3-5-13-34(14-6-4-2)19-29(35)28-18-23(33)17-27-25(15-20-7-9-21(31)10-8-20)26-16-22(32)11-12-24(26)30(27)28/h7-12,15-18,29,35H,3-6,13-14,19H2,1-2H3/b25-15-",DYLGFOYVTXJFJP-MYYYXRDXSA-N,528.95,528.95,9.15,23.47,1.0,2.0,2.0,1,CHEMBL38827,LUMEFANTRINE,1,0.8390520334243774,True,True,True,1,False,C;Cl;N;O,,,False,False,35,10,False,0,0,528.9510000000001,23.47,9.151699999999998,1,2,4,False,,True,ligands_pdbqt/CHEMBL38827.pdbqt,4.389,completed,vina_screening_full/poses/CHEMBL38827_out.pdbqt,vina_screening_full/logs/CHEMBL38827.log,1340
CHEMBL998,LORATADINE,Small molecule,4.0,1993.0,0,CCOC(=O)N1CCC(=C2c3ccc(Cl)cc3CCc3cccnc32)CC1,"InChI=1S/C22H23ClN2O2/c1-2-27-22(26)25-12-9-15(10-13-25)20-19-8-7-18(23)14-17(19)6-5-16-4-3-11-24-21(16)20/h3-4,7-8,11,14H,2,5-6,9-10,12-13H2,1H3",JCCNYMKQOSZNPW-UHFFFAOYSA-N,382.89,382.89,4.89,42.43,0.0,3.0,0.0,1,CHEMBL998,LORATADINE,1,0.9927142143249512,True,True,True,1,False,C;Cl;N;O,,,False,False,27,1,False,0,0,382.89100000000025,42.43,4.887800000000005,0,3,4,False,,True,ligands_pdbqt/CHEMBL998.pdbqt,4.432,completed,vina_screening_full/poses/CHEMBL998_out.pdbqt,vina_screening_full/logs/CHEMBL998.log,1341
CHEMBL2106439,PIPOTIAZINE PALMITATE,Small molecule,4.0,,0,CCCCCCCCCCCCCCCC(=O)OCCC1CCN(CCCN2c3ccccc3Sc3ccc(S(=O)(=O)N(C)C)cc32)CC1,"InChI=1S/C40H63N3O4S2/c1-4-5-6-7-8-9-10-11-12-13-14-15-16-22-40(44)47-32-27-34-25-30-42(31-26-34)28-19-29-43-36-20-17-18-21-38(36)48-39-24-23-35(33-37(39)43)49(45,46)41(2)3/h17-18,20-21,23-24,33-34H,4-16,19,22,25-32H2,1-3H3",KTOYYUONFQWSMW-UHFFFAOYSA-N,714.09,714.09,10.06,70.16,0.0,7.0,2.0,1,CHEMBL2106439,PIPOTIAZINE PALMITATE,1,0.9738904118537904,True,True,True,1,False,C;N;O;S,,,False,False,49,23,False,0,0,714.095,70.16,10.056299999999998,0,7,4,False,,True,ligands_pdbqt/CHEMBL2106439.pdbqt,4.437,completed,vina_screening_full/poses/CHEMBL2106439_out.pdbqt,vina_screening_full/logs/CHEMBL2106439.log,1342
CHEMBL384467,DEXAMETHASONE,Small molecule,4.0,1958.0,0,C[C@@H]1C[C@H]2[C@@H]3CCC4=CC(=O)C=C[C@]4(C)[C@@]3(F)[C@@H](O)C[C@]2(C)[C@@]1(O)C(=O)CO,"InChI=1S/C22H29FO5/c1-12-8-16-15-5-4-13-9-14(25)6-7-19(13,2)21(15,23)17(26)10-20(16,3)22(12,28)18(27)11-24/h6-7,9,12,15-17,24,26,28H,4-5,8,10-11H2,1-3H3/t12-,15+,16+,17+,19+,20+,21+,22+/m1/s1",UREBDLICKHMUKA-CXSFZGCWSA-N,392.47,392.47,1.9,94.83,3.0,5.0,0.0,1,CHEMBL384467,DEXAMETHASONE,1,0.9809369206428528,True,True,True,1,False,C;F;O,,,False,False,28,2,False,0,0,392.4670000000002,94.83,1.8957,3,5,4,False,,True,ligands_pdbqt/CHEMBL384467.pdbqt,4.446,completed,vina_screening_full/poses/CHEMBL384467_out.pdbqt,vina_screening_full/logs/CHEMBL384467.log,1343
CHEMBL2105735,ASUNAPREVIR,Small molecule,4.0,2014.0,0,C=C[C@@H]1C[C@]1(NC(=O)[C@@H]1C[C@@H](Oc2ncc(OC)c3ccc(Cl)cc23)CN1C(=O)[C@@H](NC(=O)OC(C)(C)C)C(C)(C)C)C(=O)NS(=O)(=O)C1CC1,"InChI=1S/C35H46ClN5O9S/c1-9-19-16-35(19,31(44)40-51(46,47)22-11-12-22)39-28(42)25-15-21(49-29-24-14-20(36)10-13-23(24)26(48-8)17-37-29)18-41(25)30(43)27(33(2,3)4)38-32(45)50-34(5,6)7/h9-10,13-14,17,19,21-22,25,27H,1,11-12,15-16,18H2,2-8H3,(H,38,45)(H,39,42)(H,40,44)/t19-,21-,25+,27-,35-/m1/s1",XRWSZZJLZRKHHD-WVWIJVSJSA-N,748.3,748.3,3.85,182.33,3.0,10.0,1.0,1,CHEMBL2105735,ASUNAPREVIR,1,0.504655373096466,True,False,True,1,False,C;Cl;N;O;S,,,False,False,51,11,False,0,0,748.299,182.33,3.8538000000000014,3,10,5,False,,True,ligands_pdbqt/CHEMBL2105735.pdbqt,4.452,completed,vina_screening_full/poses/CHEMBL2105735_out.pdbqt,vina_screening_full/logs/CHEMBL2105735.log,1344
CHEMBL4297528,RISDIPLAM,Small molecule,4.0,2020.0,0,Cc1cn2nc(-c3cc(=O)n4cc(N5CCNC6(CC6)C5)ccc4n3)cc(C)c2n1,"InChI=1S/C22H23N7O/c1-14-9-18(26-29-11-15(2)24-21(14)29)17-10-20(30)28-12-16(3-4-19(28)25-17)27-8-7-23-22(13-27)5-6-22/h3-4,9-12,23H,5-8,13H2,1-2H3",ASKZRYGFUPSJPN-UHFFFAOYSA-N,401.47,401.47,1.96,79.83,1.0,8.0,0.0,1,CHEMBL4297528,RISDIPLAM,1,0.6447129726409913,True,False,True,1,False,C;N;O,,,False,False,30,2,False,0,0,401.47400000000016,79.83,1.96324,1,6,6,False,,True,ligands_pdbqt/CHEMBL4297528.pdbqt,4.464,completed,vina_screening_full/poses/CHEMBL4297528_out.pdbqt,vina_screening_full/logs/CHEMBL4297528.log,1345
CHEMBL2104489,ANAGESTONE ACETATE,Small molecule,4.0,,1,CC(=O)O[C@]1(C(C)=O)CCC2[C@@H]3C[C@H](C)C4=CCCC[C@]4(C)[C@H]3CC[C@@]21C,"InChI=1S/C24H36O3/c1-15-14-18-20(22(4)11-7-6-8-19(15)22)9-12-23(5)21(18)10-13-24(23,16(2)25)27-17(3)26/h8,15,18,20-21H,6-7,9-14H2,1-5H3/t15-,18+,20-,21?,22-,23-,24-/m0/s1",KDLNOQQQEBKBQM-HDFGVWRLSA-N,372.55,372.55,5.48,43.37,0.0,3.0,1.0,1,CHEMBL2104489,ANAGESTONE ACETATE,1,0.9431572079658508,True,True,True,1,False,C;O,,,False,False,27,2,False,0,0,372.5490000000002,43.370000000000005,5.476200000000006,0,3,4,False,,True,ligands_pdbqt/CHEMBL2104489.pdbqt,4.513,completed,vina_screening_full/poses/CHEMBL2104489_out.pdbqt,vina_screening_full/logs/CHEMBL2104489.log,1346
CHEMBL1370,BUDESONIDE,Small molecule,4.0,1994.0,0,CCCC1O[C@@H]2C[C@H]3[C@@H]4CCC5=CC(=O)C=C[C@]5(C)[C@H]4[C@@H](O)C[C@]3(C)[C@]2(C(=O)CO)O1,"InChI=1S/C25H34O6/c1-4-5-21-30-20-11-17-16-7-6-14-10-15(27)8-9-23(14,2)22(16)18(28)12-24(17,3)25(20,31-21)19(29)13-26/h8-10,16-18,20-22,26,28H,4-7,11-13H2,1-3H3/t16-,17-,18-,20+,21?,22+,23-,24-,25+/m0/s1",VOVIALXJUBGFJZ-KWVAZRHASA-N,430.54,430.54,2.72,93.06,2.0,6.0,0.0,1,CHEMBL1370,BUDESONIDE,1,0.9026181101799012,True,True,True,1,False,C;O,,,False,False,31,4,False,0,0,430.5410000000002,93.06,2.716800000000001,2,6,5,False,,True,ligands_pdbqt/CHEMBL1370.pdbqt,4.517,completed,vina_screening_full/poses/CHEMBL1370_out.pdbqt,vina_screening_full/logs/CHEMBL1370.log,1347
CHEMBL2110636,BUNAMIODYL,Small molecule,4.0,,1,CCCC(=O)Nc1c(I)cc(I)c(/C=C(\CC)C(=O)O)c1I,"InChI=1S/C15H16I3NO3/c1-3-5-12(20)19-14-11(17)7-10(16)9(13(14)18)6-8(4-2)15(21)22/h6-7H,3-5H2,1-2H3,(H,19,20)(H,21,22)/b8-6+",CWRBDUIQDIHWJZ-SOFGYWHQSA-N,639.01,639.01,5.12,66.4,2.0,2.0,2.0,1,CHEMBL2110636,BUNAMIODYL,1,0.7672172546386719,True,False,True,1,False,C;I;N;O,,,False,False,22,6,False,0,0,639.0090000000001,66.4,5.117000000000003,2,2,1,False,,True,ligands_pdbqt/CHEMBL2110636.pdbqt,4.553,completed,vina_screening_full/poses/CHEMBL2110636_out.pdbqt,vina_screening_full/logs/CHEMBL2110636.log,1348
CHEMBL1200592,DESOXYCORTICOSTERONE PIVALATE,Small molecule,4.0,1982.0,0,CC(C)(C)C(=O)OCC(=O)[C@H]1CC[C@H]2[C@@H]3CCC4=CC(=O)CC[C@]4(C)[C@H]3CC[C@]12C,"InChI=1S/C26H38O4/c1-24(2,3)23(29)30-15-22(28)21-9-8-19-18-7-6-16-14-17(27)10-12-25(16,4)20(18)11-13-26(19,21)5/h14,18-21H,6-13,15H2,1-5H3/t18-,19-,20-,21+,25-,26-/m0/s1",VVOIQBFMTVCINR-WWMZEODYSA-N,414.59,414.59,5.29,60.44,0.0,4.0,1.0,1,CHEMBL1200592,DESOXYCORTICOSTERONE PIVALATE,1,0.812904703617096,True,True,True,1,False,C;O,,,False,False,30,3,False,0,0,414.5860000000002,60.440000000000005,5.292900000000006,0,4,4,False,,True,ligands_pdbqt/CHEMBL1200592.pdbqt,4.559,completed,vina_screening_full/poses/CHEMBL1200592_out.pdbqt,vina_screening_full/logs/CHEMBL1200592.log,1349
CHEMBL2107430,FLUTRIMAZOLE,Small molecule,4.0,,0,Fc1ccc(C(c2ccccc2)(c2ccccc2F)n2ccnc2)cc1,"InChI=1S/C22H16F2N2/c23-19-12-10-18(11-13-19)22(26-15-14-25-16-26,17-6-2-1-3-7-17)20-8-4-5-9-21(20)24/h1-16H",QHMWCHQXCUNUAK-UHFFFAOYSA-N,346.38,346.38,5.0,17.82,0.0,2.0,1.0,1,CHEMBL2107430,FLUTRIMAZOLE,1,0.7073630452156067,True,False,True,1,False,C;F;N,,,False,False,26,4,False,0,0,346.38000000000005,17.82,5.001500000000004,0,1,4,False,,True,ligands_pdbqt/CHEMBL2107430.pdbqt,4.628,completed,vina_screening_full/poses/CHEMBL2107430_out.pdbqt,vina_screening_full/logs/CHEMBL2107430.log,1350
CHEMBL3989850,ECAMSULE,Small molecule,4.0,2006.0,0,CC1(C)C2CCC1(CS(=O)(=O)O)C(=O)C2=Cc1ccc(C=C2C(=O)C3(CS(=O)(=O)O)CCC2C3(C)C)cc1,"InChI=1S/C28H34O8S2/c1-25(2)21-9-11-27(25,15-37(31,32)33)23(29)19(21)13-17-5-7-18(8-6-17)14-20-22-10-12-28(24(20)30,26(22,3)4)16-38(34,35)36/h5-8,13-14,21-22H,9-12,15-16H2,1-4H3,(H,31,32,33)(H,34,35,36)",HEAHZSUCFKFERC-UHFFFAOYSA-N,562.71,562.71,4.24,142.88,2.0,6.0,1.0,1,CHEMBL3989850,ECAMSULE,1,0.8727654814720154,True,True,True,1,False,C;O;S,,,False,False,38,6,False,0,0,562.7060000000004,142.87999999999997,4.239600000000003,2,6,5,False,,True,ligands_pdbqt/CHEMBL3989850.pdbqt,4.708,completed,vina_screening_full/poses/CHEMBL3989850_out.pdbqt,vina_screening_full/logs/CHEMBL3989850.log,1351
CHEMBL426559,LAROPIPRANT,Small molecule,4.0,,1,CS(=O)(=O)c1cc(F)cc2c3c(n(Cc4ccc(Cl)cc4)c12)[C@@H](CC(=O)O)CC3,"InChI=1S/C21H19ClFNO4S/c1-29(27,28)18-10-15(23)9-17-16-7-4-13(8-19(25)26)20(16)24(21(17)18)11-12-2-5-14(22)6-3-12/h2-3,5-6,9-10,13H,4,7-8,11H2,1H3,(H,25,26)/t13-/m1/s1",NXFFJDQHYLNEJK-CYBMUJFWSA-N,435.9,435.9,4.39,76.37,1.0,4.0,0.0,1,CHEMBL426559,LAROPIPRANT,1,0.8757791519165039,True,True,True,1,False,C;Cl;F;N;O;S,,,False,False,29,5,False,0,0,435.90400000000017,76.37,4.390100000000004,1,3,4,False,,True,ligands_pdbqt/CHEMBL426559.pdbqt,4.845,completed,vina_screening_full/poses/CHEMBL426559_out.pdbqt,vina_screening_full/logs/CHEMBL426559.log,1352
CHEMBL1909288,TRIACETYLDIPHENOLISATIN,Small molecule,4.0,,1,CC(=O)Oc1ccc(C2(c3ccc(OC(C)=O)cc3)C(=O)N(C(C)=O)c3ccccc32)cc1,"InChI=1S/C26H21NO6/c1-16(28)27-24-7-5-4-6-23(24)26(25(27)31,19-8-12-21(13-9-19)32-17(2)29)20-10-14-22(15-11-20)33-18(3)30/h4-15H,1-3H3",JPGUEMQIAGJQSJ-UHFFFAOYSA-N,443.46,443.46,3.76,89.98,0.0,6.0,0.0,1,CHEMBL1909288,TRIACETYLDIPHENOLISATIN,1,0.8232577562332153,True,True,True,1,False,C;N;O,,,False,False,33,4,False,0,0,443.45500000000015,89.97999999999999,3.764700000000003,0,6,4,False,,True,ligands_pdbqt/CHEMBL1909288.pdbqt,4.902,completed,vina_screening_full/poses/CHEMBL1909288_out.pdbqt,vina_screening_full/logs/CHEMBL1909288.log,1353
CHEMBL841,LOPERAMIDE,Small molecule,4.0,1976.0,0,CN(C)C(=O)C(CCN1CCC(O)(c2ccc(Cl)cc2)CC1)(c1ccccc1)c1ccccc1,"InChI=1S/C29H33ClN2O2/c1-31(2)27(33)29(24-9-5-3-6-10-24,25-11-7-4-8-12-25)19-22-32-20-17-28(34,18-21-32)23-13-15-26(30)16-14-23/h3-16,34H,17-22H2,1-2H3",RDOIQAHITMMDAJ-UHFFFAOYSA-N,477.05,477.05,5.09,43.78,1.0,3.0,1.0,2,CHEMBL1707;CHEMBL841,LOPERAMIDE;LOPERAMIDE HYDROCHLORIDE,1,0.7812829613685608,True,False,True,1,False,C;Cl;N;O,,,False,False,34,7,False,0,0,477.0480000000002,43.78,5.088000000000005,1,3,4,False,,True,ligands_pdbqt/CHEMBL841.pdbqt,4.957,completed,vina_screening_full/poses/CHEMBL841_out.pdbqt,vina_screening_full/logs/CHEMBL841.log,1354
CHEMBL2364639,VALBENAZINE,Small molecule,4.0,2017.0,0,COc1cc2c(cc1OC)[C@H]1C[C@@H](OC(=O)[C@@H](N)C(C)C)[C@H](CC(C)C)CN1CC2,"InChI=1S/C24H38N2O4/c1-14(2)9-17-13-26-8-7-16-10-21(28-5)22(29-6)11-18(16)19(26)12-20(17)30-24(27)23(25)15(3)4/h10-11,14-15,17,19-20,23H,7-9,12-13,25H2,1-6H3/t17-,19-,20-,23+/m1/s1",GEJDGVNQKABXKG-CFKGEZKQSA-N,418.58,418.58,3.56,74.02,1.0,6.0,0.0,2,CHEMBL2364639;CHEMBL3707248,VALBENAZINE;VALBENAZINE TOSYLATE,1,0.9251920700073242,True,True,True,1,False,C;N;O,,,False,False,30,7,False,0,0,418.57800000000026,74.02,3.5641000000000025,1,6,3,False,,True,ligands_pdbqt/CHEMBL2364639.pdbqt,4.991,completed,vina_screening_full/poses/CHEMBL2364639_out.pdbqt,vina_screening_full/logs/CHEMBL2364639.log,1355
CHEMBL237500,LINAGLIPTIN,Small molecule,4.0,2011.0,0,CC#CCn1c(N2CCC[C@@H](N)C2)nc2c1c(=O)n(Cc1nc(C)c3ccccc3n1)c(=O)n2C,"InChI=1S/C25H28N8O2/c1-4-5-13-32-21-22(29-24(32)31-12-8-9-17(26)14-31)30(3)25(35)33(23(21)34)15-20-27-16(2)18-10-6-7-11-19(18)28-20/h6-7,10-11,17H,8-9,12-15,26H2,1-3H3/t17-/m1/s1",LTXREWYXXSTFRX-QGZVFWFLSA-N,472.55,472.55,1.15,116.86,1.0,10.0,0.0,1,CHEMBL237500,LINAGLIPTIN,1,0.8909593224525452,True,True,True,1,False,C;N;O,,,False,False,35,4,False,0,0,472.5530000000002,116.86,1.1474199999999997,1,7,5,False,,True,ligands_pdbqt/CHEMBL237500.pdbqt,5.055,completed,vina_screening_full/poses/CHEMBL237500_out.pdbqt,vina_screening_full/logs/CHEMBL237500.log,1356
CHEMBL1208155,ELAGOLIX,Small molecule,4.0,2018.0,0,COc1cccc(-c2c(C)n(Cc3c(F)cccc3C(F)(F)F)c(=O)n(C[C@H](NCCCC(=O)O)c3ccccc3)c2=O)c1F,"InChI=1S/C32H30F5N3O5/c1-19-28(21-11-6-14-26(45-2)29(21)34)30(43)40(18-25(20-9-4-3-5-10-20)38-16-8-15-27(41)42)31(44)39(19)17-22-23(32(35,36)37)12-7-13-24(22)33/h3-7,9-14,25,38H,8,15-18H2,1-2H3,(H,41,42)/t25-/m0/s1",HEAUOKZIVMZVQL-VWLOTQADSA-N,631.6,631.6,5.54,102.56,2.0,7.0,2.0,2,CHEMBL1208155;CHEMBL502182,ELAGOLIX;ELAGOLIX SODIUM,1,0.7352551460266114,True,False,True,1,False,C;F;N;O,,,False,False,45,12,False,0,0,631.5980000000003,102.56,5.535020000000003,2,5,4,False,,True,ligands_pdbqt/CHEMBL1208155.pdbqt,5.204,completed,vina_screening_full/poses/CHEMBL1208155_out.pdbqt,vina_screening_full/logs/CHEMBL1208155.log,1357
CHEMBL42,CLOZAPINE,Small molecule,4.0,1989.0,0,CN1CCN(C2=Nc3cc(Cl)ccc3Nc3ccccc32)CC1,"InChI=1S/C18H19ClN4/c1-22-8-10-23(11-9-22)18-14-4-2-3-5-15(14)20-16-7-6-13(19)12-17(16)21-18/h2-7,12,20H,8-11H2,1H3",QZUDBNBUXVUHMW-UHFFFAOYSA-N,326.83,326.83,3.72,30.87,1.0,4.0,0.0,1,CHEMBL42,CLOZAPINE,1,0.9950148224830628,True,True,True,1,False,C;Cl;N,,,False,False,23,0,False,0,0,326.83100000000013,30.87,3.7227000000000015,1,4,4,False,,True,ligands_pdbqt/CHEMBL42.pdbqt,5.306,completed,vina_screening_full/poses/CHEMBL42_out.pdbqt,vina_screening_full/logs/CHEMBL42.log,1358
CHEMBL539423,SPARSENTAN,Small molecule,4.0,2023.0,0,CCCCC1=NC2(CCCC2)C(=O)N1Cc1ccc(-c2ccccc2S(=O)(=O)Nc2noc(C)c2C)c(COCC)c1,"InChI=1S/C32H40N4O5S/c1-5-7-14-29-33-32(17-10-11-18-32)31(37)36(29)20-24-15-16-26(25(19-24)21-40-6-2)27-12-8-9-13-28(27)42(38,39)35-30-22(3)23(4)41-34-30/h8-9,12-13,15-16,19H,5-7,10-11,14,17-18,20-21H2,1-4H3,(H,34,35)",WRFHGDPIDHPWIQ-UHFFFAOYSA-N,592.76,592.76,6.54,114.1,1.0,7.0,2.0,1,CHEMBL539423,SPARSENTAN,1,0.8542673349380493,True,True,True,1,False,C;N;O;S,,,False,False,42,12,False,0,0,592.7620000000001,114.1,6.539440000000007,1,7,5,False,,True,ligands_pdbqt/CHEMBL539423.pdbqt,5.346,completed,vina_screening_full/poses/CHEMBL539423_out.pdbqt,vina_screening_full/logs/CHEMBL539423.log,1359
CHEMBL376488,BEDAQUILINE,Small molecule,4.0,2012.0,0,COc1nc2ccc(Br)cc2cc1[C@@H](c1ccccc1)[C@@](O)(CCN(C)C)c1cccc2ccccc12,"InChI=1S/C32H31BrN2O2/c1-35(2)19-18-32(36,28-15-9-13-22-10-7-8-14-26(22)28)30(23-11-5-4-6-12-23)27-21-24-20-25(33)16-17-29(24)34-31(27)37-3/h4-17,20-21,30,36H,18-19H2,1-3H3/t30-,32-/m1/s1",QUIJNHUBAXPXFS-XLJNKUFUSA-N,555.52,555.52,7.13,45.59,1.0,4.0,2.0,2,CHEMBL2105700;CHEMBL376488,BEDAQUILINE;BEDAQUILINE FUMARATE,1,0.6540202021598815,True,False,True,1,False,Br;C;N;O,,,False,False,37,8,False,0,0,555.5160000000003,45.59,7.1305000000000085,1,4,5,False,,True,ligands_pdbqt/CHEMBL376488.pdbqt,5.393,completed,vina_screening_full/poses/CHEMBL376488_out.pdbqt,vina_screening_full/logs/CHEMBL376488.log,1360
CHEMBL1463345,CANRENONE,Small molecule,4.0,,1,C[C@]12CCC(=O)C=C1C=C[C@@H]1[C@@H]2CC[C@@]2(C)[C@H]1CC[C@@]21CCC(=O)O1,"InChI=1S/C22H28O3/c1-20-9-5-15(23)13-14(20)3-4-16-17(20)6-10-21(2)18(16)7-11-22(21)12-8-19(24)25-22/h3-4,13,16-18H,5-12H2,1-2H3/t16-,17+,18+,20+,21+,22-/m1/s1",UJVLDDZCTMKXJK-WNHSNXHDSA-N,340.46,340.46,4.37,43.37,0.0,3.0,0.0,1,CHEMBL1463345,CANRENONE,1,0.5349485456943512,True,False,True,1,False,C;O,,,False,False,25,0,False,0,0,340.46300000000014,43.370000000000005,4.370100000000003,0,3,5,False,,True,ligands_pdbqt/CHEMBL1463345.pdbqt,5.425,completed,vina_screening_full/poses/CHEMBL1463345_out.pdbqt,vina_screening_full/logs/CHEMBL1463345.log,1361
CHEMBL1082407,ENZALUTAMIDE,Small molecule,4.0,2012.0,0,CNC(=O)c1ccc(N2C(=S)N(c3ccc(C#N)c(C(F)(F)F)c3)C(=O)C2(C)C)cc1F,"InChI=1S/C21H16F4N4O2S/c1-20(2)18(31)28(12-5-4-11(10-26)15(8-12)21(23,24)25)19(32)29(20)13-6-7-14(16(22)9-13)17(30)27-3/h4-9H,1-3H3,(H,27,30)",WXCXUHSOUPDCQV-UHFFFAOYSA-N,464.44,464.44,3.99,76.44,1.0,4.0,0.0,1,CHEMBL1082407,ENZALUTAMIDE,1,0.6553036451339722,True,False,True,1,False,C;F;N;O;S,,,False,False,32,3,False,0,0,464.4440000000001,76.44,3.992480000000003,1,4,3,False,,True,ligands_pdbqt/CHEMBL1082407.pdbqt,5.497,completed,vina_screening_full/poses/CHEMBL1082407_out.pdbqt,vina_screening_full/logs/CHEMBL1082407.log,1362
CHEMBL1200969,DUTASTERIDE,Small molecule,4.0,2001.0,0,C[C@]12C=CC(=O)N[C@@H]1CC[C@@H]1[C@@H]2CC[C@]2(C)[C@@H](C(=O)Nc3cc(C(F)(F)F)ccc3C(F)(F)F)CC[C@@H]12,"InChI=1S/C27H30F6N2O2/c1-24-11-9-17-15(4-8-21-25(17,2)12-10-22(36)35-21)16(24)6-7-19(24)23(37)34-20-13-14(26(28,29)30)3-5-18(20)27(31,32)33/h3,5,10,12-13,15-17,19,21H,4,6-9,11H2,1-2H3,(H,34,37)(H,35,36)/t15-,16-,17-,19+,21+,24-,25+/m0/s1",JWJOTENAMICLJG-QWBYCMEYSA-N,528.54,528.54,6.58,58.2,2.0,2.0,2.0,1,CHEMBL1200969,DUTASTERIDE,1,0.8381004571914673,True,True,True,1,False,C;F;N;O,,,False,False,37,2,False,0,0,528.537,58.2,6.576100000000006,2,2,5,False,,True,ligands_pdbqt/CHEMBL1200969.pdbqt,5.542,completed,vina_screening_full/poses/CHEMBL1200969_out.pdbqt,vina_screening_full/logs/CHEMBL1200969.log,1363
CHEMBL1200449,TRIAMCINOLONE DIACETATE,Small molecule,4.0,1959.0,0,CC(=O)OCC(=O)[C@@]1(O)[C@H](OC(C)=O)C[C@H]2[C@@H]3CCC4=CC(=O)C=C[C@]4(C)[C@@]3(F)[C@@H](O)C[C@@]21C,"InChI=1S/C25H31FO8/c1-13(27)33-12-20(31)25(32)21(34-14(2)28)10-18-17-6-5-15-9-16(29)7-8-22(15,3)24(17,26)19(30)11-23(18,25)4/h7-9,17-19,21,30,32H,5-6,10-12H2,1-4H3/t17-,18-,19-,21+,22-,23-,24-,25+/m0/s1",XGMPVBXKDAHORN-RBWIMXSLSA-N,478.51,478.51,1.76,127.2,2.0,8.0,0.0,1,CHEMBL1200449,TRIAMCINOLONE DIACETATE,1,0.9870877385139464,True,True,True,1,False,C;F;O,,,False,False,34,4,False,0,0,478.5130000000003,127.2,1.7620999999999991,2,8,4,False,,True,ligands_pdbqt/CHEMBL1200449.pdbqt,5.546,completed,vina_screening_full/poses/CHEMBL1200449_out.pdbqt,vina_screening_full/logs/CHEMBL1200449.log,1364
CHEMBL1754,DOXAPRAM,Small molecule,4.0,1965.0,0,CCN1CC(CCN2CCOCC2)C(c2ccccc2)(c2ccccc2)C1=O,"InChI=1S/C24H30N2O2/c1-2-26-19-22(13-14-25-15-17-28-18-16-25)24(23(26)27,20-9-5-3-6-10-20)21-11-7-4-8-12-21/h3-12,22H,2,13-19H2,1H3",XFDJYSQDBULQSI-UHFFFAOYSA-N,378.52,378.52,3.17,32.78,0.0,3.0,0.0,2,CHEMBL1754;CHEMBL3989519,DOXAPRAM;DOXAPRAM HYDROCHLORIDE,1,0.9394620418548584,True,True,True,1,False,C;N;O,,,False,False,28,6,False,0,0,378.5160000000001,32.78,3.173300000000001,0,3,4,False,,True,ligands_pdbqt/CHEMBL1754.pdbqt,5.559,completed,vina_screening_full/poses/CHEMBL1754_out.pdbqt,vina_screening_full/logs/CHEMBL1754.log,1365
CHEMBL1451,TRIAMCINOLONE,Small molecule,4.0,1957.0,0,C[C@]12C=CC(=O)C=C1CC[C@H]1[C@@H]3C[C@@H](O)[C@](O)(C(=O)CO)[C@@]3(C)C[C@H](O)[C@@]12F,"InChI=1S/C21H27FO6/c1-18-6-5-12(24)7-11(18)3-4-13-14-8-15(25)21(28,17(27)10-23)19(14,2)9-16(26)20(13,18)22/h5-7,13-16,23,25-26,28H,3-4,8-10H2,1-2H3/t13-,14-,15+,16-,18-,19-,20-,21-/m0/s1",GFNANZIMVAIWHM-OBYCQNJPSA-N,394.44,394.44,0.62,115.06,4.0,6.0,0.0,1,CHEMBL1451,TRIAMCINOLONE,1,0.9487951517105102,True,True,True,1,False,C;F;O,,,False,False,28,2,False,0,0,394.4390000000002,115.06,0.6204999999999998,4,6,4,False,,True,ligands_pdbqt/CHEMBL1451.pdbqt,5.585,completed,vina_screening_full/poses/CHEMBL1451_out.pdbqt,vina_screening_full/logs/CHEMBL1451.log,1366
CHEMBL2348780,VAMOROLONE,Small molecule,4.0,2023.0,0,C[C@@H]1C[C@H]2[C@@H]3CCC4=CC(=O)C=C[C@]4(C)C3=CC[C@]2(C)[C@@]1(O)C(=O)CO,"InChI=1S/C22H28O4/c1-13-10-18-16-5-4-14-11-15(24)6-8-20(14,2)17(16)7-9-21(18,3)22(13,26)19(25)12-23/h6-8,11,13,16,18,23,26H,4-5,9-10,12H2,1-3H3/t13-,16-,18+,20+,21+,22+/m1/s1",ZYTXTXAMMDTYDQ-DGEXFFLYSA-N,356.46,356.46,2.75,74.6,2.0,4.0,0.0,1,CHEMBL2348780,VAMOROLONE,1,0.8812467455863953,True,True,True,1,False,C;O,,,False,False,26,2,False,0,0,356.4620000000001,74.6,2.752900000000001,2,4,4,False,,True,ligands_pdbqt/CHEMBL2348780.pdbqt,5.642,completed,vina_screening_full/poses/CHEMBL2348780_out.pdbqt,vina_screening_full/logs/CHEMBL2348780.log,1367
CHEMBL493982,VORAPAXAR,Small molecule,4.0,2014.0,0,CCOC(=O)N[C@@H]1CC[C@@H]2[C@@H](C1)C[C@H]1C(=O)O[C@H](C)[C@H]1[C@H]2/C=C/c1ccc(-c2cccc(F)c2)cn1,"InChI=1S/C29H33FN2O4/c1-3-35-29(34)32-23-10-11-24-20(14-23)15-26-27(17(2)36-28(26)33)25(24)12-9-22-8-7-19(16-31-22)18-5-4-6-21(30)13-18/h4-9,12-13,16-17,20,23-27H,3,10-11,14-15H2,1-2H3,(H,32,34)/b12-9+/t17-,20+,23-,24-,25+,26-,27+/m1/s1",ZBGXUVOIWDMMJE-QHNZEKIYSA-N,492.59,492.59,5.63,77.52,1.0,5.0,1.0,2,CHEMBL2107386;CHEMBL493982,VORAPAXAR;VORAPAXAR SULFATE,1,0.8155888617038727,True,True,True,1,False,C;F;N;O,,,False,False,36,5,False,0,0,492.5910000000001,77.52,5.6295000000000055,1,5,5,False,,True,ligands_pdbqt/CHEMBL493982.pdbqt,5.709,completed,vina_screening_full/poses/CHEMBL493982_out.pdbqt,vina_screening_full/logs/CHEMBL493982.log,1368
CHEMBL1364144,METHYLPREDNISOLONE ACETATE,Small molecule,4.0,1959.0,0,CC(=O)OCC(=O)[C@@]1(O)CC[C@H]2[C@@H]3C[C@H](C)C4=CC(=O)C=C[C@]4(C)[C@H]3[C@@H](O)C[C@@]21C,"InChI=1S/C24H32O6/c1-13-9-16-17-6-8-24(29,20(28)12-30-14(2)25)23(17,4)11-19(27)21(16)22(3)7-5-15(26)10-18(13)22/h5,7,10,13,16-17,19,21,27,29H,6,8-9,11-12H2,1-4H3/t13-,16-,17-,19-,21+,22-,23-,24-/m0/s1",PLBHSZGDDKCEHR-LFYFAGGJSA-N,416.51,416.51,2.37,100.9,2.0,6.0,0.0,1,CHEMBL1364144,METHYLPREDNISOLONE ACETATE,1,0.9454277157783508,True,True,True,1,False,C;O,,,False,False,30,3,False,0,0,416.5140000000002,100.90000000000002,2.3744000000000005,2,6,4,False,,True,ligands_pdbqt/CHEMBL1364144.pdbqt,5.758,completed,vina_screening_full/poses/CHEMBL1364144_out.pdbqt,vina_screening_full/logs/CHEMBL1364144.log,1369
CHEMBL3989958,IVOSIDENIB,Small molecule,4.0,2018.0,0,N#Cc1ccnc(N2C(=O)CC[C@H]2C(=O)N(c2cncc(F)c2)[C@H](C(=O)NC2CC(F)(F)C2)c2ccccc2Cl)c1,"InChI=1S/C28H22ClF3N6O3/c29-21-4-2-1-3-20(21)25(26(40)36-18-11-28(31,32)12-18)37(19-10-17(30)14-34-15-19)27(41)22-5-6-24(39)38(22)23-9-16(13-33)7-8-35-23/h1-4,7-10,14-15,18,22,25H,5-6,11-12H2,(H,36,40)/t22-,25-/m0/s1",WIJZXSAJMHAVGX-DHLKQENFSA-N,582.97,582.97,4.32,119.29,1.0,6.0,1.0,1,CHEMBL3989958,IVOSIDENIB,1,0.7245028257369995,True,False,True,1,False,C;Cl;F;N;O,,,False,False,41,7,False,0,0,582.9700000000001,119.29,4.324580000000004,1,6,5,False,,True,ligands_pdbqt/CHEMBL3989958.pdbqt,5.765,completed,vina_screening_full/poses/CHEMBL3989958_out.pdbqt,vina_screening_full/logs/CHEMBL3989958.log,1370
CHEMBL1476022,NOMEGESTROL ACETATE,Small molecule,4.0,,0,CC(=O)O[C@]1(C(C)=O)CC[C@H]2[C@@H]3C=C(C)C4=CC(=O)CC[C@@H]4[C@H]3CC[C@@]21C,"InChI=1S/C23H30O4/c1-13-11-20-18(17-6-5-16(26)12-19(13)17)7-9-22(4)21(20)8-10-23(22,14(2)24)27-15(3)25/h11-12,17-18,20-21H,5-10H2,1-4H3/t17-,18-,20-,21+,22+,23+/m1/s1",IIVBFTNIGYRNQY-YQLZSBIMSA-N,370.49,370.49,4.19,60.44,0.0,4.0,0.0,2,CHEMBL1476022;CHEMBL2105722,NOMEGESTROL;NOMEGESTROL ACETATE,1,0.9416589617729187,True,True,True,1,False,C;O,,,False,False,27,2,False,0,0,370.4890000000002,60.440000000000005,4.185200000000004,0,4,4,False,,True,ligands_pdbqt/CHEMBL1476022.pdbqt,5.807,completed,vina_screening_full/poses/CHEMBL1476022_out.pdbqt,vina_screening_full/logs/CHEMBL1476022.log,1371
CHEMBL1201891,DEFLAZACORT,Small molecule,4.0,2017.0,0,CC(=O)OCC(=O)[C@@]12N=C(C)O[C@@H]1C[C@H]1[C@@H]3CCC4=CC(=O)C=C[C@]4(C)[C@H]3[C@@H](O)C[C@@]12C,"InChI=1S/C25H31NO6/c1-13-26-25(20(30)12-31-14(2)27)21(32-13)10-18-17-6-5-15-9-16(28)7-8-23(15,3)22(17)19(29)11-24(18,25)4/h7-9,17-19,21-22,29H,5-6,10-12H2,1-4H3/t17-,18-,19-,21+,22+,23-,24-,25+/m0/s1",FBHSPRKOSMHSIF-GRMWVWQJSA-N,441.52,441.52,2.56,102.26,1.0,7.0,0.0,1,CHEMBL1201891,DEFLAZACORT,1,0.9419184446334838,True,True,True,1,False,C;N;O,,,False,False,32,3,False,0,0,441.5240000000002,102.26,2.5632,1,7,5,False,,True,ligands_pdbqt/CHEMBL1201891.pdbqt,5.863,completed,vina_screening_full/poses/CHEMBL1201891_out.pdbqt,vina_screening_full/logs/CHEMBL1201891.log,1372
CHEMBL1201010,FLUDROCORTISONE ACETATE,Small molecule,4.0,1955.0,0,CC(=O)OCC(=O)[C@@]1(O)CC[C@H]2[C@@H]3CCC4=CC(=O)CC[C@]4(C)[C@@]3(F)[C@@H](O)C[C@@]21C,"InChI=1S/C23H31FO6/c1-13(25)30-12-19(28)22(29)9-7-16-17-5-4-14-10-15(26)6-8-20(14,2)23(17,24)18(27)11-21(16,22)3/h10,16-18,27,29H,4-9,11-12H2,1-3H3/t16-,17-,18-,20-,21-,22-,23-/m0/s1",SYWHXTATXSMDSB-GSLJADNHSA-N,422.49,422.49,2.44,100.9,2.0,6.0,0.0,1,CHEMBL1201010,FLUDROCORTISONE ACETATE,1,0.9860065937042236,True,True,True,1,False,C;F;O,,,False,False,30,3,False,0,0,422.4930000000002,100.90000000000002,2.444500000000001,2,6,4,False,,True,ligands_pdbqt/CHEMBL1201010.pdbqt,5.869,completed,vina_screening_full/poses/CHEMBL1201010_out.pdbqt,vina_screening_full/logs/CHEMBL1201010.log,1373
CHEMBL650,METHYLPREDNISOLONE,Small molecule,4.0,1957.0,0,C[C@H]1C[C@@H]2[C@H]([C@@H](O)C[C@@]3(C)[C@H]2CC[C@]3(O)C(=O)CO)[C@@]2(C)C=CC(=O)C=C12,"InChI=1S/C22H30O5/c1-12-8-14-15-5-7-22(27,18(26)11-23)21(15,3)10-17(25)19(14)20(2)6-4-13(24)9-16(12)20/h4,6,9,12,14-15,17,19,23,25,27H,5,7-8,10-11H2,1-3H3/t12-,14-,15-,17-,19+,20-,21-,22-/m0/s1",VHRSUDSXCMQTMA-PJHHCJLFSA-N,374.48,374.48,1.8,94.83,3.0,5.0,0.0,1,CHEMBL650,METHYLPREDNISOLONE,1,0.8138093709945678,True,True,True,1,False,C;O,,,False,False,27,2,False,0,0,374.4770000000001,94.83,1.8036,3,5,4,False,,True,ligands_pdbqt/CHEMBL650.pdbqt,5.92,completed,vina_screening_full/poses/CHEMBL650_out.pdbqt,vina_screening_full/logs/CHEMBL650.log,1374
CHEMBL271227,ABIRATERONE ACETATE,Small molecule,4.0,2011.0,0,CC(=O)O[C@H]1CC[C@@]2(C)C(=CC[C@@H]3[C@@H]2CC[C@]2(C)C(c4cccnc4)=CC[C@@H]32)C1,"InChI=1S/C26H33NO2/c1-17(28)29-20-10-12-25(2)19(15-20)6-7-21-23-9-8-22(18-5-4-14-27-16-18)26(23,3)13-11-24(21)25/h4-6,8,14,16,20-21,23-24H,7,9-13,15H2,1-3H3/t20-,21-,23-,24-,25-,26+/m0/s1",UVIQSJCZCSLXRZ-UBUQANBQSA-N,391.56,391.56,5.97,39.19,0.0,3.0,1.0,1,CHEMBL271227,ABIRATERONE ACETATE,1,0.5675444662570953,True,False,True,1,False,C;N;O,,,False,False,29,2,False,0,0,391.5550000000001,39.19,5.969400000000007,0,3,5,False,,True,ligands_pdbqt/CHEMBL271227.pdbqt,5.958,completed,vina_screening_full/poses/CHEMBL271227_out.pdbqt,vina_screening_full/logs/CHEMBL271227.log,1375
CHEMBL1186579,METHYLNALTREXONE,Small molecule,4.0,2008.0,0,C[N+]1(CC2CC2)CC[C@]23c4c5ccc(O)c4O[C@H]2C(=O)CC[C@@]3(O)[C@H]1C5,"InChI=1S/C21H25NO4/c1-22(11-12-2-3-12)9-8-20-17-13-4-5-14(23)18(17)26-19(20)15(24)6-7-21(20,25)16(22)10-13/h4-5,12,16,19,25H,2-3,6-11H2,1H3/p+1/t16-,19+,20+,21-,22?/m1/s1",JVLBPIPGETUEET-GAAHOAFPSA-O,356.44,356.44,1.67,66.76,2.0,4.0,0.0,2,CHEMBL1186579;CHEMBL1201770,METHYLNALTREXONE;METHYLNALTREXONE BROMIDE,1,0.5052511930465698,True,False,True,1,False,C;N;O,,,False,False,26,2,False,1,1,356.44200000000023,66.76,1.6699999999999997,2,4,6,False,,True,ligands_pdbqt/CHEMBL1186579.pdbqt,6.015,completed,vina_screening_full/poses/CHEMBL1186579_out.pdbqt,vina_screening_full/logs/CHEMBL1186579.log,1376
CHEMBL4594350,ADAGRASIB,Small molecule,4.0,2022.0,0,C=C(F)C(=O)N1CCN(c2nc(OC[C@@H]3CCCN3C)nc3c2CCN(c2cccc4cccc(Cl)c24)C3)C[C@@H]1CC#N,"InChI=1S/C32H35ClFN7O2/c1-21(34)31(42)41-17-16-40(18-23(41)11-13-35)30-25-12-15-39(28-10-4-7-22-6-3-9-26(33)29(22)28)19-27(25)36-32(37-30)43-20-24-8-5-14-38(24)2/h3-4,6-7,9-10,23-24H,1,5,8,11-12,14-20H2,2H3/t23-,24-/m0/s1",PEMUGDMSUDYLHU-ZEQRLZLVSA-N,604.13,604.13,4.73,88.83,0.0,8.0,1.0,1,CHEMBL4594350,ADAGRASIB,1,0.8153680443763733,True,True,True,1,False,C;Cl;F;N;O,,,False,False,43,7,False,0,0,604.1299999999999,88.83000000000001,4.732980000000004,0,8,6,False,,True,ligands_pdbqt/CHEMBL4594350.pdbqt,6.051,completed,vina_screening_full/poses/CHEMBL4594350_out.pdbqt,vina_screening_full/logs/CHEMBL4594350.log,1377
CHEMBL3183409,APALUTAMIDE,Small molecule,4.0,2018.0,0,CNC(=O)c1ccc(N2C(=S)N(c3cnc(C#N)c(C(F)(F)F)c3)C(=O)C23CCC3)cc1F,"InChI=1S/C21H15F4N5O2S/c1-27-17(31)13-4-3-11(8-15(13)22)30-19(33)29(18(32)20(30)5-2-6-20)12-7-14(21(23,24)25)16(9-26)28-10-12/h3-4,7-8,10H,2,5-6H2,1H3,(H,27,31)",HJBWBFZLDZWPHF-UHFFFAOYSA-N,477.44,477.44,3.53,89.33,1.0,5.0,0.0,1,CHEMBL3183409,APALUTAMIDE,1,0.8015586853027343,True,True,True,1,False,C;F;N;O;S,,,False,False,33,3,False,0,0,477.4430000000002,89.33000000000001,3.5315800000000026,1,5,4,False,,True,ligands_pdbqt/CHEMBL3183409.pdbqt,6.109,completed,vina_screening_full/poses/CHEMBL3183409_out.pdbqt,vina_screening_full/logs/CHEMBL3183409.log,1378
CHEMBL4594287,ENSIFENTRINE,Small molecule,4.0,2024.0,0,COc1cc2c(cc1OC)-c1c/c(=N\c3c(C)cc(C)cc3C)n(CCNC(N)=O)c(=O)n1CC2,"InChI=1S/C26H31N5O4/c1-15-10-16(2)24(17(3)11-15)29-23-14-20-19-13-22(35-5)21(34-4)12-18(19)6-8-30(20)26(33)31(23)9-7-28-25(27)32/h10-14H,6-9H2,1-5H3,(H3,27,28,32)/b29-23+",CSOBIBXVIYAXFM-BYNJWEBRSA-N,477.57,477.57,2.72,112.87,2.0,7.0,0.0,1,CHEMBL4594287,ENSIFENTRINE,1,0.8352291822433472,True,True,True,1,False,C;N;O,,,False,False,35,6,False,0,0,477.56500000000034,112.87,2.71606,2,5,4,False,,True,ligands_pdbqt/CHEMBL4594287.pdbqt,6.129,completed,vina_screening_full/poses/CHEMBL4594287_out.pdbqt,vina_screening_full/logs/CHEMBL4594287.log,1379
CHEMBL3894860,TRILACICLIB,Small molecule,4.0,2021.0,0,CN1CCN(c2ccc(Nc3ncc4cc5n(c4n3)C3(CCCCC3)CNC5=O)nc2)CC1,"InChI=1S/C24H30N8O/c1-30-9-11-31(12-10-30)18-5-6-20(25-15-18)28-23-26-14-17-13-19-22(33)27-16-24(7-3-2-4-8-24)32(19)21(17)29-23/h5-6,13-15H,2-4,7-12,16H2,1H3,(H,27,33)(H,25,26,28,29)",PDGKHKMBHVFCMG-UHFFFAOYSA-N,446.56,446.56,2.72,91.21,2.0,8.0,0.0,2,CHEMBL3894860;CHEMBL4650272,TRILACICLIB;TRILACICLIB DIHYDROCHLORIDE,1,0.5942510426044464,True,False,True,1,False,C;N;O,,,False,False,33,3,False,0,0,446.5590000000004,91.21,2.724500000000001,2,7,6,False,,True,ligands_pdbqt/CHEMBL3894860.pdbqt,6.253,completed,vina_screening_full/poses/CHEMBL3894860_out.pdbqt,vina_screening_full/logs/CHEMBL3894860.log,1380
CHEMBL1201173,MEDRYSONE,Small molecule,4.0,1969.0,0,CC(=O)[C@H]1CC[C@H]2[C@@H]3C[C@H](C)C4=CC(=O)CC[C@]4(C)[C@H]3[C@@H](O)C[C@]12C,"InChI=1S/C22H32O3/c1-12-9-15-17-6-5-16(13(2)23)22(17,4)11-19(25)20(15)21(3)8-7-14(24)10-18(12)21/h10,12,15-17,19-20,25H,5-9,11H2,1-4H3/t12-,15-,16+,17-,19-,20+,21-,22+/m0/s1",GZENKSODFLBBHQ-ILSZZQPISA-N,344.5,344.5,3.94,54.37,1.0,3.0,0.0,1,CHEMBL1201173,MEDRYSONE,1,0.940451955795288,True,True,True,1,False,C;O,,,False,False,25,1,False,0,0,344.49500000000006,54.370000000000005,3.9403000000000032,1,3,4,False,,True,ligands_pdbqt/CHEMBL1201173.pdbqt,6.461,completed,vina_screening_full/poses/CHEMBL1201173_out.pdbqt,vina_screening_full/logs/CHEMBL1201173.log,1381
CHEMBL1530428,DEXAMETHASONE ACETATE,Small molecule,4.0,1973.0,0,CC(=O)OCC(=O)[C@@]1(O)[C@H](C)C[C@H]2[C@@H]3CCC4=CC(=O)C=C[C@]4(C)[C@@]3(F)[C@@H](O)C[C@@]21C,"InChI=1S/C24H31FO6/c1-13-9-18-17-6-5-15-10-16(27)7-8-21(15,3)23(17,25)19(28)11-22(18,4)24(13,30)20(29)12-31-14(2)26/h7-8,10,13,17-19,28,30H,5-6,9,11-12H2,1-4H3/t13-,17+,18+,19+,21+,22+,23+,24+/m1/s1",AKUJBENLRBOFTD-RPRRAYFGSA-N,434.5,434.5,2.47,100.9,2.0,6.0,0.0,1,CHEMBL1530428,DEXAMETHASONE ACETATE,1,0.9918614864349364,True,True,True,1,False,C;F;O,,,False,False,31,3,False,0,0,434.5040000000002,100.90000000000002,2.466500000000001,2,6,4,False,,True,ligands_pdbqt/CHEMBL1530428.pdbqt,6.578,completed,vina_screening_full/poses/CHEMBL1530428_out.pdbqt,vina_screening_full/logs/CHEMBL1530428.log,1382
CHEMBL2103875,TRAMETINIB,Small molecule,4.0,2013.0,0,CC(=O)Nc1cccc(-n2c(=O)n(C3CC3)c(=O)c3c(Nc4ccc(I)cc4F)n(C)c(=O)c(C)c32)c1,"InChI=1S/C26H23FIN5O4/c1-13-22-21(23(31(3)24(13)35)30-20-10-7-15(28)11-19(20)27)25(36)33(17-8-9-17)26(37)32(22)18-6-4-5-16(12-18)29-14(2)34/h4-7,10-12,17,30H,8-9H2,1-3H3,(H,29,34)",LIRYPHYGHXZJBZ-UHFFFAOYSA-N,615.4,615.4,3.94,107.13,2.0,8.0,1.0,2,CHEMBL2103875;CHEMBL2105741,TRAMETINIB;TRAMETINIB DIMETHYL SULFOXIDE,1,0.6555709958076477,True,False,True,1,False,C;F;I;N;O,,,False,False,37,5,False,0,0,615.4029999999999,107.13,3.940120000000002,2,5,5,False,,True,ligands_pdbqt/CHEMBL2103875.pdbqt,6.695,completed,vina_screening_full/poses/CHEMBL2103875_out.pdbqt,vina_screening_full/logs/CHEMBL2103875.log,1383
CHEMBL1445,FLUOXYMESTERONE,Small molecule,4.0,1956.0,0,C[C@]1(O)CC[C@H]2[C@@H]3CCC4=CC(=O)CC[C@]4(C)[C@@]3(F)[C@@H](O)C[C@@]21C,"InChI=1S/C20H29FO3/c1-17-8-6-13(22)10-12(17)4-5-15-14-7-9-19(3,24)18(14,2)11-16(23)20(15,17)21/h10,14-16,23-24H,4-9,11H2,1-3H3/t14-,15-,16-,17-,18-,19-,20-/m0/s1",YLRFCQOZQXIBAB-RBZZARIASA-N,336.45,336.45,3.33,57.53,2.0,3.0,0.0,1,CHEMBL1445,FLUOXYMESTERONE,1,0.837725293636322,True,True,True,1,False,C;F;O,,,False,False,24,0,False,0,0,336.44700000000006,57.53,3.332200000000002,2,3,4,False,,True,ligands_pdbqt/CHEMBL1445.pdbqt,6.705,completed,vina_screening_full/poses/CHEMBL1445_out.pdbqt,vina_screening_full/logs/CHEMBL1445.log,1384
CHEMBL3137320,TALAZOPARIB,Small molecule,4.0,2018.0,0,Cn1ncnc1[C@H]1c2n[nH]c(=O)c3cc(F)cc(c23)N[C@@H]1c1ccc(F)cc1,"InChI=1S/C19H14F2N6O/c1-27-18(22-8-23-27)15-16(9-2-4-10(20)5-3-9)24-13-7-11(21)6-12-14(13)17(15)25-26-19(12)28/h2-8,15-16,24H,1H3,(H,26,28)/t15-,16-/m1/s1",HWGQMRYQVZSGDQ-HZPDHXFCSA-N,380.36,380.36,2.63,88.49,2.0,6.0,0.0,2,CHEMBL3137318;CHEMBL3137320,TALAZOPARIB;TALAZOPARIB TOSYLATE,1,0.508934473991394,True,False,True,1,False,C;F;N;O,,,False,False,28,2,False,0,0,380.35800000000006,88.49000000000001,2.6285000000000007,2,5,5,False,,True,ligands_pdbqt/CHEMBL3137320.pdbqt,6.856,completed,vina_screening_full/poses/CHEMBL3137320_out.pdbqt,vina_screening_full/logs/CHEMBL3137320.log,1385
CHEMBL1755,CONIVAPTAN,Small molecule,4.0,2005.0,0,Cc1nc2c([nH]1)-c1ccccc1N(C(=O)c1ccc(NC(=O)c3ccccc3-c3ccccc3)cc1)CC2,"InChI=1S/C32H26N4O2/c1-21-33-28-19-20-36(29-14-8-7-13-27(29)30(28)34-21)32(38)23-15-17-24(18-16-23)35-31(37)26-12-6-5-11-25(26)22-9-3-2-4-10-22/h2-18H,19-20H2,1H3,(H,33,34)(H,35,37)",IKENVDNFQMCRTR-UHFFFAOYSA-N,498.59,498.59,6.51,78.09,2.0,3.0,1.0,2,CHEMBL1201108;CHEMBL1755,CONIVAPTAN;CONIVAPTAN HYDROCHLORIDE,1,0.5825737476348877,True,False,True,1,False,C;N;O,,,False,False,38,4,False,0,0,498.5860000000002,78.09,6.507320000000005,2,3,6,False,,True,ligands_pdbqt/CHEMBL1755.pdbqt,7.099,completed,vina_screening_full/poses/CHEMBL1755_out.pdbqt,vina_screening_full/logs/CHEMBL1755.log,1386
CHEMBL1201109,DESONIDE,Small molecule,4.0,1972.0,0,CC1(C)O[C@@H]2C[C@H]3[C@@H]4CCC5=CC(=O)C=C[C@]5(C)[C@H]4[C@@H](O)C[C@]3(C)[C@]2(C(=O)CO)O1,"InChI=1S/C24H32O6/c1-21(2)29-19-10-16-15-6-5-13-9-14(26)7-8-22(13,3)20(15)17(27)11-23(16,4)24(19,30-21)18(28)12-25/h7-9,15-17,19-20,25,27H,5-6,10-12H2,1-4H3/t15-,16-,17-,19+,20+,22-,23-,24+/m0/s1",WBGKWQHBNHJJPZ-LECWWXJVSA-N,416.51,416.51,2.33,93.06,2.0,6.0,0.0,1,CHEMBL1201109,DESONIDE,1,0.9245515704154968,True,True,True,1,False,C;O,,,False,False,30,2,False,0,0,416.5140000000002,93.06,2.326700000000001,2,6,5,False,,True,ligands_pdbqt/CHEMBL1201109.pdbqt,7.154,completed,vina_screening_full/poses/CHEMBL1201109_out.pdbqt,vina_screening_full/logs/CHEMBL1201109.log,1387
CHEMBL1201265,METHYLPREDNISOLONE HEMISUCCINATE,Small molecule,4.0,1959.0,0,C[C@H]1C[C@@H]2[C@H]([C@@H](O)C[C@@]3(C)[C@H]2CC[C@]3(O)C(=O)COC(=O)CCC(=O)O)[C@@]2(C)C=CC(=O)C=C12,"InChI=1S/C26H34O8/c1-14-10-16-17-7-9-26(33,20(29)13-34-22(32)5-4-21(30)31)25(17,3)12-19(28)23(16)24(2)8-6-15(27)11-18(14)24/h6,8,11,14,16-17,19,23,28,33H,4-5,7,9-10,12-13H2,1-3H3,(H,30,31)/t14-,16-,17-,19-,23+,24-,25-,26-/m0/s1",IMBXEJJVJRTNOW-XYMSELFBSA-N,474.55,474.55,2.22,138.2,3.0,7.0,0.0,2,CHEMBL1201081;CHEMBL1201265,METHYLPREDNISOLONE HEMISUCCINATE;METHYLPREDNISOLONE SODIUM SUCCINATE,1,0.7989176988601685,True,False,True,1,False,C;O,,,False,False,34,6,False,0,0,474.5500000000003,138.20000000000002,2.2193000000000005,3,7,4,False,,True,ligands_pdbqt/CHEMBL1201265.pdbqt,7.203,completed,vina_screening_full/poses/CHEMBL1201265_out.pdbqt,vina_screening_full/logs/CHEMBL1201265.log,1388
CHEMBL1200384,BETAMETHASONE DIPROPIONATE,Small molecule,4.0,1975.0,0,CCC(=O)OCC(=O)[C@@]1(OC(=O)CC)[C@@H](C)C[C@H]2[C@@H]3CCC4=CC(=O)C=C[C@]4(C)[C@@]3(F)[C@@H](O)C[C@@]21C,"InChI=1S/C28H37FO7/c1-6-23(33)35-15-22(32)28(36-24(34)7-2)16(3)12-20-19-9-8-17-13-18(30)10-11-25(17,4)27(19,29)21(31)14-26(20,28)5/h10-11,13,16,19-21,31H,6-9,12,14-15H2,1-5H3/t16-,19-,20-,21-,25-,26-,27-,28-/m0/s1",CIWBQSYVNNPZIQ-XYWKZLDCSA-N,504.6,504.6,3.82,106.97,1.0,7.0,1.0,1,CHEMBL1200384,BETAMETHASONE DIPROPIONATE,1,0.9941984295845032,True,True,True,1,False,C;F;O,,,False,False,36,6,False,0,0,504.5950000000003,106.97,3.8175000000000026,1,7,4,False,,True,ligands_pdbqt/CHEMBL1200384.pdbqt,7.28,completed,vina_screening_full/poses/CHEMBL1200384_out.pdbqt,vina_screening_full/logs/CHEMBL1200384.log,1389
CHEMBL1615438,LEVOCABASTINE,Small molecule,4.0,1993.0,0,C[C@@H]1CN([C@H]2CC[C@](C#N)(c3ccc(F)cc3)CC2)CC[C@]1(C(=O)O)c1ccccc1,"InChI=1S/C26H29FN2O2/c1-19-17-29(16-15-26(19,24(30)31)21-5-3-2-4-6-21)23-11-13-25(18-28,14-12-23)20-7-9-22(27)10-8-20/h2-10,19,23H,11-17H2,1H3,(H,30,31)/t19-,23-,25-,26-/m1/s1",ZCGOMHNNNFPNMX-KYTRFIICSA-N,420.53,420.53,4.89,64.33,1.0,3.0,0.0,2,CHEMBL1237102;CHEMBL1615438,LEVOCABASTINE;LEVOCABASTINE HYDROCHLORIDE,1,0.8053404927253723,True,True,True,1,False,C;F;N;O,,,False,False,31,4,False,0,0,420.5280000000002,64.33,4.894080000000004,1,3,4,False,,True,ligands_pdbqt/CHEMBL1615438.pdbqt,7.305,completed,vina_screening_full/poses/CHEMBL1615438_out.pdbqt,vina_screening_full/logs/CHEMBL1615438.log,1390
CHEMBL1201749,DIFLUPREDNATE,Small molecule,4.0,2008.0,0,CCCC(=O)O[C@]1(C(=O)COC(C)=O)CC[C@H]2[C@@H]3C[C@H](F)C4=CC(=O)C=C[C@]4(C)[C@@]3(F)[C@@H](O)C[C@@]21C,"InChI=1S/C27H34F2O7/c1-5-6-23(34)36-26(22(33)14-35-15(2)30)10-8-17-18-12-20(28)19-11-16(31)7-9-24(19,3)27(18,29)21(32)13-25(17,26)4/h7,9,11,17-18,20-21,32H,5-6,8,10,12-14H2,1-4H3/t17-,18-,20-,21-,24-,25-,26-,27-/m0/s1",WYQPLTPSGFELIB-JTQPXKBDSA-N,508.56,508.56,3.52,106.97,1.0,7.0,1.0,1,CHEMBL1201749,DIFLUPREDNATE,1,0.994215989112854,True,True,True,1,False,C;F;O,,,False,False,36,6,False,0,0,508.5580000000002,106.97,3.5195000000000025,1,7,4,False,,True,ligands_pdbqt/CHEMBL1201749.pdbqt,7.373,completed,vina_screening_full/poses/CHEMBL1201749_out.pdbqt,vina_screening_full/logs/CHEMBL1201749.log,1391
CHEMBL1473,FLUTICASONE PROPIONATE,Small molecule,4.0,1990.0,0,CCC(=O)O[C@]1(C(=O)SCF)[C@H](C)C[C@H]2[C@@H]3C[C@H](F)C4=CC(=O)C=C[C@]4(C)[C@@]3(F)[C@@H](O)C[C@@]21C,"InChI=1S/C25H31F3O5S/c1-5-20(31)33-25(21(32)34-12-26)13(2)8-15-16-10-18(27)17-9-14(29)6-7-22(17,3)24(16,28)19(30)11-23(15,25)4/h6-7,9,13,15-16,18-19,30H,5,8,10-12H2,1-4H3/t13-,15+,16+,18+,19+,22+,23+,24+,25+/m1/s1",WMWTYOKRWGGJOA-CENSZEJFSA-N,500.58,500.58,4.43,80.67,1.0,6.0,1.0,1,CHEMBL1473,FLUTICASONE PROPIONATE,1,0.9909440755844116,True,True,True,1,False,C;F;O;S,,,False,False,34,4,False,0,0,500.5790000000002,80.67,4.430000000000004,1,6,4,False,,True,ligands_pdbqt/CHEMBL1473.pdbqt,7.441,completed,vina_screening_full/poses/CHEMBL1473_out.pdbqt,vina_screening_full/logs/CHEMBL1473.log,1392
CHEMBL1201207,BETAMETHASONE PHOSPHORIC ACID,Small molecule,4.0,1965.0,0,C[C@H]1C[C@H]2[C@@H]3CCC4=CC(=O)C=C[C@]4(C)[C@@]3(F)[C@@H](O)C[C@]2(C)[C@@]1(O)C(=O)COP(=O)(O)O,"InChI=1S/C22H30FO8P/c1-12-8-16-15-5-4-13-9-14(24)6-7-19(13,2)21(15,23)17(25)10-20(16,3)22(12,27)18(26)11-31-32(28,29)30/h6-7,9,12,15-17,25,27H,4-5,8,10-11H2,1-3H3,(H2,28,29,30)/t12-,15-,16-,17-,19-,20-,21-,22-/m0/s1",VQODGRNSFPNSQE-DVTGEIKXSA-N,472.45,472.45,2.01,141.36,4.0,6.0,0.0,2,CHEMBL1200762;CHEMBL1201207,BETAMETHASONE PHOSPHORIC ACID;BETAMETHASONE SODIUM PHOSPHATE,1,0.9607002854347227,True,True,True,1,False,C;F;O;P,,,False,False,32,4,False,0,0,472.44600000000025,141.36,2.0127000000000006,4,6,4,False,,True,ligands_pdbqt/CHEMBL1201207.pdbqt,7.525,completed,vina_screening_full/poses/CHEMBL1201207_out.pdbqt,vina_screening_full/logs/CHEMBL1201207.log,1393
CHEMBL1201012,FLURANDRENOLIDE,Small molecule,4.0,1965.0,0,CC1(C)O[C@@H]2C[C@H]3[C@@H]4C[C@H](F)C5=CC(=O)CC[C@]5(C)[C@H]4[C@@H](O)C[C@]3(C)[C@]2(C(=O)CO)O1,"InChI=1S/C24H33FO6/c1-21(2)30-19-9-14-13-8-16(25)15-7-12(27)5-6-22(15,3)20(13)17(28)10-23(14,4)24(19,31-21)18(29)11-26/h7,13-14,16-17,19-20,26,28H,5-6,8-11H2,1-4H3/t13-,14-,16-,17-,19+,20+,22-,23-,24+/m0/s1",POPFMWWJOGLOIF-XWCQMRHXSA-N,436.52,436.52,2.5,93.06,2.0,6.0,0.0,1,CHEMBL1201012,FLURANDRENOLIDE,1,0.989173424243927,True,True,True,1,False,C;F;O,,,False,False,31,2,False,0,0,436.5200000000002,93.06,2.498700000000001,2,6,5,False,,True,ligands_pdbqt/CHEMBL1201012.pdbqt,7.526,completed,vina_screening_full/poses/CHEMBL1201012_out.pdbqt,vina_screening_full/logs/CHEMBL1201012.log,1394
CHEMBL1201250,BENZQUINAMIDE,Small molecule,4.0,1974.0,0,CCN(CC)C(=O)C1CN2CCc3cc(OC)c(OC)cc3C2CC1OC(C)=O,"InChI=1S/C22H32N2O5/c1-6-23(7-2)22(26)17-13-24-9-8-15-10-20(27-4)21(28-5)11-16(15)18(24)12-19(17)29-14(3)25/h10-11,17-19H,6-9,12-13H2,1-5H3",JSZILQVIPPROJI-UHFFFAOYSA-N,404.51,404.51,2.42,68.31,0.0,6.0,0.0,2,CHEMBL1200707;CHEMBL1201250,BENZQUINAMIDE;BENZQUINAMIDE HYDROCHLORIDE,1,0.953332221508026,True,True,True,1,False,C;N;O,,,False,False,29,6,False,0,0,404.5070000000002,68.31,2.423,0,6,3,False,,True,ligands_pdbqt/CHEMBL1201250.pdbqt,7.57,completed,vina_screening_full/poses/CHEMBL1201250_out.pdbqt,vina_screening_full/logs/CHEMBL1201250.log,1395
CHEMBL1200538,BETAMETHASONE ACETATE,Small molecule,4.0,1965.0,0,CC(=O)OCC(=O)[C@@]1(O)[C@@H](C)C[C@H]2[C@@H]3CCC4=CC(=O)C=C[C@]4(C)[C@@]3(F)[C@@H](O)C[C@@]21C,"InChI=1S/C24H31FO6/c1-13-9-18-17-6-5-15-10-16(27)7-8-21(15,3)23(17,25)19(28)11-22(18,4)24(13,30)20(29)12-31-14(2)26/h7-8,10,13,17-19,28,30H,5-6,9,11-12H2,1-4H3/t13-,17-,18-,19-,21-,22-,23-,24-/m0/s1",AKUJBENLRBOFTD-QZIXMDIESA-N,434.5,434.5,2.47,100.9,2.0,6.0,0.0,1,CHEMBL1200538,BETAMETHASONE ACETATE,1,0.9925464272499084,True,True,True,1,False,C;F;O,,,False,False,31,3,False,0,0,434.5040000000002,100.90000000000002,2.466500000000001,2,6,4,False,,True,ligands_pdbqt/CHEMBL1200538.pdbqt,7.573,completed,vina_screening_full/poses/CHEMBL1200538_out.pdbqt,vina_screening_full/logs/CHEMBL1200538.log,1396
CHEMBL717,MEDROXYPROGESTERONE ACETATE,Small molecule,4.0,1959.0,0,CC(=O)O[C@]1(C(C)=O)CC[C@H]2[C@@H]3C[C@H](C)C4=CC(=O)CC[C@]4(C)[C@H]3CC[C@@]21C,"InChI=1S/C24H34O4/c1-14-12-18-19(22(4)9-6-17(27)13-21(14)22)7-10-23(5)20(18)8-11-24(23,15(2)25)28-16(3)26/h13-14,18-20H,6-12H2,1-5H3/t14-,18+,19-,20-,22+,23-,24-/m0/s1",PSGAAPLEWMOORI-PEINSRQWSA-N,386.53,386.53,4.66,60.44,0.0,4.0,0.0,1,CHEMBL717,MEDROXYPROGESTERONE ACETATE,1,0.926652479171753,True,True,True,1,False,C;O,,,False,False,28,2,False,0,0,386.53200000000027,60.440000000000005,4.655200000000004,0,4,4,False,,True,ligands_pdbqt/CHEMBL717.pdbqt,7.764,completed,vina_screening_full/poses/CHEMBL717_out.pdbqt,vina_screening_full/logs/CHEMBL717.log,1397
CHEMBL1201302,DEXAMETHASONE PHOSPHORIC ACID,Small molecule,4.0,1959.0,0,C[C@@H]1C[C@H]2[C@@H]3CCC4=CC(=O)C=C[C@]4(C)[C@@]3(F)[C@@H](O)C[C@]2(C)[C@@]1(O)C(=O)COP(=O)(O)O,"InChI=1S/C22H30FO8P/c1-12-8-16-15-5-4-13-9-14(24)6-7-19(13,2)21(15,23)17(25)10-20(16,3)22(12,27)18(26)11-31-32(28,29)30/h6-7,9,12,15-17,25,27H,4-5,8,10-11H2,1-3H3,(H2,28,29,30)/t12-,15+,16+,17+,19+,20+,21+,22+/m1/s1",VQODGRNSFPNSQE-CXSFZGCWSA-N,472.45,472.45,2.01,141.36,4.0,6.0,0.0,2,CHEMBL1201302;CHEMBL2021430,DEXAMETHASONE PHOSPHORIC ACID;DEXAMETHASONE SODIUM PHOSPHATE,1,0.9581043004989624,True,True,True,1,False,C;F;O;P,,,False,False,32,4,False,0,0,472.44600000000025,141.36,2.0127000000000006,4,6,4,False,,True,ligands_pdbqt/CHEMBL1201302.pdbqt,8.093,completed,vina_screening_full/poses/CHEMBL1201302_out.pdbqt,vina_screening_full/logs/CHEMBL1201302.log,1398
CHEMBL632,BETAMETHASONE,Small molecule,4.0,1961.0,0,C[C@H]1C[C@H]2[C@@H]3CCC4=CC(=O)C=C[C@]4(C)[C@@]3(F)[C@@H](O)C[C@]2(C)[C@@]1(O)C(=O)CO,"InChI=1S/C22H29FO5/c1-12-8-16-15-5-4-13-9-14(25)6-7-19(13,2)21(15,23)17(26)10-20(16,3)22(12,28)18(27)11-24/h6-7,9,12,15-17,24,26,28H,4-5,8,10-11H2,1-3H3/t12-,15-,16-,17-,19-,20-,21-,22-/m0/s1",UREBDLICKHMUKA-DVTGEIKXSA-N,392.47,392.47,1.9,94.83,3.0,5.0,0.0,1,CHEMBL632,BETAMETHASONE,1,0.9824888706207277,True,True,True,1,False,C;F;O,,,False,False,28,2,False,0,0,392.4670000000002,94.83,1.8957,3,5,4,False,,True,ligands_pdbqt/CHEMBL632.pdbqt,8.098,completed,vina_screening_full/poses/CHEMBL632_out.pdbqt,vina_screening_full/logs/CHEMBL632.log,1399
CHEMBL1201139,MEGESTROL ACETATE,Small molecule,4.0,1971.0,0,CC(=O)O[C@]1(C(C)=O)CC[C@H]2[C@@H]3C=C(C)C4=CC(=O)CC[C@]4(C)[C@H]3CC[C@@]21C,"InChI=1S/C24H32O4/c1-14-12-18-19(22(4)9-6-17(27)13-21(14)22)7-10-23(5)20(18)8-11-24(23,15(2)25)28-16(3)26/h12-13,18-20H,6-11H2,1-5H3/t18-,19+,20+,22-,23+,24+/m1/s1",RQZAXGRLVPAYTJ-GQFGMJRRSA-N,384.52,384.52,4.58,60.44,0.0,4.0,0.0,1,CHEMBL1201139,MEGESTROL ACETATE,1,0.9480807185173036,True,True,True,1,False,C;O,,,False,False,28,2,False,0,0,384.51600000000025,60.440000000000005,4.575300000000005,0,4,4,False,,True,ligands_pdbqt/CHEMBL1201139.pdbqt,8.101,completed,vina_screening_full/poses/CHEMBL1201139_out.pdbqt,vina_screening_full/logs/CHEMBL1201139.log,1400
CHEMBL1159650,CLOBETASOL PROPIONATE,Small molecule,4.0,1985.0,0,CCC(=O)O[C@]1(C(=O)CCl)[C@@H](C)C[C@H]2[C@@H]3CCC4=CC(=O)C=C[C@]4(C)[C@@]3(F)[C@@H](O)C[C@@]21C,"InChI=1S/C25H32ClFO5/c1-5-21(31)32-25(20(30)13-26)14(2)10-18-17-7-6-15-11-16(28)8-9-22(15,3)24(17,27)19(29)12-23(18,25)4/h8-9,11,14,17-19,29H,5-7,10,12-13H2,1-4H3/t14-,17-,18-,19-,22-,23-,24-,25-/m0/s1",CBGUOGMQLZIXBE-XGQKBEPLSA-N,466.98,466.98,4.1,80.67,1.0,5.0,0.0,1,CHEMBL1159650,CLOBETASOL PROPIONATE,1,0.990490972995758,True,True,True,1,False,C;Cl;F;O,,,False,False,32,4,False,0,0,466.97700000000026,80.67,4.103100000000003,1,5,4,False,,True,ligands_pdbqt/CHEMBL1159650.pdbqt,8.11,completed,vina_screening_full/poses/CHEMBL1159650_out.pdbqt,vina_screening_full/logs/CHEMBL1159650.log,1401
CHEMBL110691,CHLORMADINONE ACETATE,Small molecule,4.0,,1,CC(=O)O[C@]1(C(C)=O)CC[C@H]2[C@@H]3C=C(Cl)C4=CC(=O)CC[C@]4(C)[C@H]3CC[C@@]21C,"InChI=1S/C23H29ClO4/c1-13(25)23(28-14(2)26)10-7-18-16-12-20(24)19-11-15(27)5-8-21(19,3)17(16)6-9-22(18,23)4/h11-12,16-18H,5-10H2,1-4H3/t16-,17+,18+,21-,22+,23+/m1/s1",QMBJSIBWORFWQT-DFXBJWIESA-N,404.93,404.93,4.75,60.44,0.0,4.0,0.0,1,CHEMBL110691,CHLORMADINONE ACETATE,1,0.955386745929718,True,True,True,1,False,C;Cl;O,,,False,False,28,2,False,0,0,404.9340000000003,60.440000000000005,4.751700000000005,0,4,4,False,,True,ligands_pdbqt/CHEMBL110691.pdbqt,8.189,completed,vina_screening_full/poses/CHEMBL110691_out.pdbqt,vina_screening_full/logs/CHEMBL110691.log,1402
CHEMBL3989871,AVACOPAN,Small molecule,4.0,2021.0,0,Cc1ccc(NC(=O)[C@H]2CCCN(C(=O)c3c(C)cccc3F)[C@H]2c2ccc(NC3CCCC3)cc2)cc1C(F)(F)F,"InChI=1S/C33H35F4N3O2/c1-20-12-15-25(19-27(20)33(35,36)37)39-31(41)26-10-6-18-40(32(42)29-21(2)7-5-11-28(29)34)30(26)22-13-16-24(17-14-22)38-23-8-3-4-9-23/h5,7,11-17,19,23,26,30,38H,3-4,6,8-10,18H2,1-2H3,(H,39,41)/t26-,30-/m0/s1",PUKBOVABABRILL-YZNIXAGQSA-N,581.65,581.65,8.05,61.44,2.0,3.0,2.0,1,CHEMBL3989871,AVACOPAN,1,0.8622767210006714,True,True,True,1,False,C;F;N;O,,,False,False,42,6,False,0,0,581.6540000000003,61.440000000000005,8.048040000000006,2,3,5,False,,True,ligands_pdbqt/CHEMBL3989871.pdbqt,8.302,completed,vina_screening_full/poses/CHEMBL3989871_out.pdbqt,vina_screening_full/logs/CHEMBL3989871.log,1403
CHEMBL71752,VINPOCETINE,Small molecule,4.0,,0,CCOC(=O)C1=C[C@]2(CC)CCCN3CCc4c(n1c1ccccc41)[C@@H]32,"InChI=1S/C22H26N2O2/c1-3-22-11-7-12-23-13-10-16-15-8-5-6-9-17(15)24(19(16)20(22)23)18(14-22)21(25)26-4-2/h5-6,8-9,14,20H,3-4,7,10-13H2,1-2H3/t20-,22+/m1/s1",DDNCQMVWWZOMLN-IRLDBZIGSA-N,350.46,350.46,4.15,34.47,0.0,4.0,0.0,1,CHEMBL71752,VINPOCETINE,1,0.9565468549728392,True,True,True,1,False,C;N;O,,,False,False,26,3,False,0,0,350.462,34.47,4.148300000000003,0,3,5,False,,True,ligands_pdbqt/CHEMBL71752.pdbqt,8.377,completed,vina_screening_full/poses/CHEMBL71752_out.pdbqt,vina_screening_full/logs/CHEMBL71752.log,1404
CHEMBL1200878,TRIAMCINOLONE HEXACETONIDE,Small molecule,4.0,1969.0,0,CC(C)(C)CC(=O)OCC(=O)[C@@]12OC(C)(C)O[C@@H]1C[C@H]1[C@@H]3CCC4=CC(=O)C=C[C@]4(C)[C@@]3(F)[C@@H](O)C[C@@]12C,"InChI=1S/C30H41FO7/c1-25(2,3)15-24(35)36-16-22(34)30-23(37-26(4,5)38-30)13-20-19-9-8-17-12-18(32)10-11-27(17,6)29(19,31)21(33)14-28(20,30)7/h10-12,19-21,23,33H,8-9,13-16H2,1-7H3/t19-,20-,21-,23+,27-,28-,29-,30+/m0/s1",TZIZWYVVGLXXFV-FLRHRWPCSA-N,532.65,532.65,4.41,99.13,1.0,7.0,1.0,1,CHEMBL1200878,TRIAMCINOLONE HEXACETONIDE,1,0.9948999404907226,True,True,True,1,False,C;F;O,,,False,False,38,4,False,0,0,532.6490000000002,99.13,4.405900000000004,1,7,5,False,,True,ligands_pdbqt/CHEMBL1200878.pdbqt,8.433,completed,vina_screening_full/poses/CHEMBL1200878_out.pdbqt,vina_screening_full/logs/CHEMBL1200878.log,1405
CHEMBL1512,FLUNISOLIDE,Small molecule,4.0,1981.0,0,CC1(C)O[C@@H]2C[C@H]3[C@@H]4C[C@H](F)C5=CC(=O)C=C[C@]5(C)[C@H]4[C@@H](O)C[C@]3(C)[C@]2(C(=O)CO)O1,"InChI=1S/C24H31FO6/c1-21(2)30-19-9-14-13-8-16(25)15-7-12(27)5-6-22(15,3)20(13)17(28)10-23(14,4)24(19,31-21)18(29)11-26/h5-7,13-14,16-17,19-20,26,28H,8-11H2,1-4H3/t13-,14-,16-,17-,19+,20+,22-,23-,24+/m0/s1",XSFJVAJPIHIPKU-XWCQMRHXSA-N,434.5,434.5,2.27,93.06,2.0,6.0,0.0,1,CHEMBL1512,FLUNISOLIDE,1,0.989035713672638,True,True,True,1,False,C;F;O,,,False,False,31,2,False,0,0,434.50400000000025,93.06,2.2747000000000006,2,6,5,False,,True,ligands_pdbqt/CHEMBL1512.pdbqt,8.442,completed,vina_screening_full/poses/CHEMBL1512_out.pdbqt,vina_screening_full/logs/CHEMBL1512.log,1406
CHEMBL2104445,TRITOQUALINE,Small molecule,4.0,,0,CCOc1c(N)c2c(c(OCC)c1OCC)C(C1c3c(cc4c(c3OC)OCO4)CCN1C)OC2=O,"InChI=1S/C26H32N2O8/c1-6-31-23-17-16(18(27)24(32-7-2)25(23)33-8-3)26(29)36-21(17)19-15-13(9-10-28(19)4)11-14-20(22(15)30-5)35-12-34-14/h11,19,21H,6-10,12,27H2,1-5H3",IRGJVQIJENCTQF-UHFFFAOYSA-N,500.55,500.55,3.64,110.94,1.0,10.0,1.0,1,CHEMBL2104445,TRITOQUALINE,1,0.7466087818145752,True,False,True,1,False,C;N;O,,,False,False,36,8,False,0,0,500.5480000000004,110.94000000000004,3.642900000000002,1,10,5,False,,True,ligands_pdbqt/CHEMBL2104445.pdbqt,8.475,completed,vina_screening_full/poses/CHEMBL2104445_out.pdbqt,vina_screening_full/logs/CHEMBL2104445.log,1407
CHEMBL1200877,FLUMETHASONE PIVALATE,Small molecule,4.0,1982.0,0,C[C@@H]1C[C@H]2[C@@H]3C[C@H](F)C4=CC(=O)C=C[C@]4(C)[C@@]3(F)[C@@H](O)C[C@]2(C)[C@@]1(O)C(=O)COC(=O)C(C)(C)C,"InChI=1S/C27H36F2O6/c1-14-9-16-17-11-19(28)18-10-15(30)7-8-24(18,5)26(17,29)20(31)12-25(16,6)27(14,34)21(32)13-35-22(33)23(2,3)4/h7-8,10,14,16-17,19-20,31,34H,9,11-13H2,1-6H3/t14-,16+,17+,19+,20+,24+,25+,26+,27+/m1/s1",JWRMHDSINXPDHB-OJAGFMMFSA-N,494.58,494.58,3.44,100.9,2.0,6.0,0.0,1,CHEMBL1200877,FLUMETHASONE PIVALATE,1,0.9867057919502258,True,True,True,1,False,C;F;O,,,False,False,35,3,False,0,0,494.5750000000004,100.9,3.4407000000000023,2,6,4,False,,True,ligands_pdbqt/CHEMBL1200877.pdbqt,8.589,completed,vina_screening_full/poses/CHEMBL1200877_out.pdbqt,vina_screening_full/logs/CHEMBL1200877.log,1408
CHEMBL4298138,REPOTRECTINIB,Small molecule,4.0,2023.0,0,C[C@H]1CNC(=O)c2cnn3ccc(nc23)N[C@H](C)c2cc(F)ccc2O1,"InChI=1S/C18H18FN5O2/c1-10-8-20-18(25)14-9-21-24-6-5-16(23-17(14)24)22-11(2)13-7-12(19)3-4-15(13)26-10/h3-7,9-11H,8H2,1-2H3,(H,20,25)(H,22,23)/t10-,11+/m0/s1",FIKPXCOQUIZNHB-WDEREUQCSA-N,355.37,355.37,2.55,80.55,2.0,6.0,0.0,1,CHEMBL4298138,REPOTRECTINIB,1,0.7168881177902222,True,False,True,1,False,C;F;N;O,,,False,False,26,0,False,0,0,355.3730000000001,80.55000000000001,2.5522,2,5,4,False,,True,ligands_pdbqt/CHEMBL4298138.pdbqt,8.645,completed,vina_screening_full/poses/CHEMBL4298138_out.pdbqt,vina_screening_full/logs/CHEMBL4298138.log,1409
CHEMBL1200975,CLOCORTOLONE PIVALATE,Small molecule,4.0,1977.0,0,C[C@@H]1C[C@H]2[C@@H]3C[C@H](F)C4=CC(=O)C=C[C@]4(C)[C@@]3(Cl)[C@@H](O)C[C@]2(C)[C@H]1C(=O)COC(=O)C(C)(C)C,"InChI=1S/C27H36ClFO5/c1-14-9-16-17-11-19(29)18-10-15(30)7-8-26(18,6)27(17,28)21(32)12-25(16,5)22(14)20(31)13-34-23(33)24(2,3)4/h7-8,10,14,16-17,19,21-22,32H,9,11-13H2,1-6H3/t14-,16+,17+,19+,21+,22-,25+,26+,27+/m1/s1",SXYZQZLHAIHKKY-GSTUPEFVSA-N,495.03,495.03,4.6,80.67,1.0,5.0,0.0,1,CHEMBL1200975,CLOCORTOLONE PIVALATE,1,0.9861784815788268,True,True,True,1,False,C;Cl;F;O,,,False,False,34,3,False,0,0,495.0310000000004,80.66999999999999,4.595100000000004,1,5,4,False,,True,ligands_pdbqt/CHEMBL1200975.pdbqt,8.691,completed,vina_screening_full/poses/CHEMBL1200975_out.pdbqt,vina_screening_full/logs/CHEMBL1200975.log,1410
CHEMBL2181927,FINERENONE,Small molecule,4.0,2021.0,0,CCOc1ncc(C)c2c1[C@H](c1ccc(C#N)cc1OC)C(C(N)=O)=C(C)N2,"InChI=1S/C21H22N4O3/c1-5-28-21-18-17(14-7-6-13(9-22)8-15(14)27-4)16(20(23)26)12(3)25-19(18)11(2)10-24-21/h6-8,10,17,25H,5H2,1-4H3,(H2,23,26)/t17-/m1/s1",BTBHLEZXCOBLCY-QGZVFWFLSA-N,378.43,378.43,2.99,110.26,2.0,6.0,0.0,1,CHEMBL2181927,FINERENONE,1,0.6607551515102387,True,False,True,1,False,C;N;O,,,False,False,28,5,False,0,0,378.4320000000002,110.26,2.9857,2,6,3,False,,True,ligands_pdbqt/CHEMBL2181927.pdbqt,8.728,completed,vina_screening_full/poses/CHEMBL2181927_out.pdbqt,vina_screening_full/logs/CHEMBL2181927.log,1411
CHEMBL1201148,MEPREDNISONE,Small molecule,4.0,1982.0,0,C[C@H]1C[C@H]2[C@@H]3CCC4=CC(=O)C=C[C@]4(C)[C@H]3C(=O)C[C@]2(C)[C@@]1(O)C(=O)CO,"InChI=1S/C22H28O5/c1-12-8-16-15-5-4-13-9-14(24)6-7-20(13,2)19(15)17(25)10-21(16,3)22(12,27)18(26)11-23/h6-7,9,12,15-16,19,23,27H,4-5,8,10-11H2,1-3H3/t12-,15-,16-,19+,20-,21-,22-/m0/s1",PIDANAQULIKBQS-RNUIGHNZSA-N,372.46,372.46,2.01,91.67,2.0,5.0,0.0,1,CHEMBL1201148,MEPREDNISONE,1,0.9023942470550536,True,True,True,1,False,C;O,,,False,False,27,2,False,0,0,372.4610000000002,91.67,2.0118000000000005,2,5,4,False,,True,ligands_pdbqt/CHEMBL1201148.pdbqt,8.832,completed,vina_screening_full/poses/CHEMBL1201148_out.pdbqt,vina_screening_full/logs/CHEMBL1201148.log,1412
CHEMBL1497,BETAMETHASONE VALERATE,Small molecule,4.0,1967.0,0,CCCCC(=O)O[C@]1(C(=O)CO)[C@@H](C)C[C@H]2[C@@H]3CCC4=CC(=O)C=C[C@]4(C)[C@@]3(F)[C@@H](O)C[C@@]21C,"InChI=1S/C27H37FO6/c1-5-6-7-23(33)34-27(22(32)15-29)16(2)12-20-19-9-8-17-13-18(30)10-11-24(17,3)26(19,28)21(31)14-25(20,27)4/h10-11,13,16,19-21,29,31H,5-9,12,14-15H2,1-4H3/t16-,19-,20-,21-,24-,25-,26-,27-/m0/s1",SNHRLVCMMWUAJD-SUYDQAKGSA-N,476.59,476.59,3.64,100.9,2.0,6.0,0.0,1,CHEMBL1497,BETAMETHASONE VALERATE,1,0.9919708728790284,True,True,True,1,False,C;F;O,,,False,False,34,6,False,0,0,476.58500000000026,100.90000000000002,3.636800000000002,2,6,4,False,,True,ligands_pdbqt/CHEMBL1497.pdbqt,8.922,completed,vina_screening_full/poses/CHEMBL1497_out.pdbqt,vina_screening_full/logs/CHEMBL1497.log,1413
CHEMBL4297526,REMIMAZOLAM,Small molecule,4.0,2020.0,0,COC(=O)CC[C@@H]1N=C(c2ccccn2)c2cc(Br)ccc2-n2c(C)cnc21,"InChI=1S/C21H19BrN4O2/c1-13-12-24-21-17(7-9-19(27)28-2)25-20(16-5-3-4-10-23-16)15-11-14(22)6-8-18(15)26(13)21/h3-6,8,10-12,17H,7,9H2,1-2H3/t17-/m0/s1",CYHWMBVXXDIZNZ-KRWDZBQOSA-N,439.31,439.31,4.18,69.37,0.0,6.0,0.0,2,CHEMBL4297526;CHEMBL4594301,REMIMAZOLAM;REMIMAZOLAM BESYLATE,1,0.8606406927108765,True,True,True,1,False,Br;C;N;O,,,False,False,28,4,False,0,0,439.31300000000016,69.37,4.183520000000003,0,5,4,False,,True,ligands_pdbqt/CHEMBL4297526.pdbqt,9.004,completed,vina_screening_full/poses/CHEMBL4297526_out.pdbqt,vina_screening_full/logs/CHEMBL4297526.log,1414
CHEMBL298734,LONAFARNIB,Small molecule,4.0,2020.0,0,NC(=O)N1CCC(CC(=O)N2CCC([C@H]3c4ncc(Br)cc4CCc4cc(Cl)cc(Br)c43)CC2)CC1,"InChI=1S/C27H31Br2ClN4O2/c28-20-12-19-2-1-18-13-21(30)14-22(29)24(18)25(26(19)32-15-20)17-5-9-33(10-6-17)23(35)11-16-3-7-34(8-4-16)27(31)36/h12-17,25H,1-11H2,(H2,31,36)/t25-/m1/s1",DHMTURDWPRKSOA-RUZDIDTESA-N,638.83,638.83,5.91,79.53,1.0,3.0,2.0,1,CHEMBL298734,LONAFARNIB,1,0.9812872171401976,True,True,True,1,False,Br;C;Cl;N;O,,,False,False,36,3,False,0,0,638.8319999999999,79.53,5.909900000000006,1,3,5,False,,True,ligands_pdbqt/CHEMBL298734.pdbqt,9.038,completed,vina_screening_full/poses/CHEMBL298734_out.pdbqt,vina_screening_full/logs/CHEMBL298734.log,1415
CHEMBL2106825,MEDROGESTONE,Small molecule,4.0,,0,CC(=O)[C@@]1(C)CC[C@H]2[C@@H]3C=C(C)C4=CC(=O)CC[C@]4(C)[C@H]3CC[C@@]21C,"InChI=1S/C23H32O2/c1-14-12-17-18(21(3)9-6-16(25)13-20(14)21)7-11-23(5)19(17)8-10-22(23,4)15(2)24/h12-13,17-19H,6-11H2,1-5H3/t17-,18+,19+,21-,22-,23+/m1/s1",HCFSGRMEEXUOSS-JXEXPEPMSA-N,340.51,340.51,5.28,34.14,0.0,2.0,1.0,1,CHEMBL2106825,MEDROGESTONE,1,0.9553505063056946,True,True,True,1,False,C;O,,,False,False,25,1,False,0,0,340.5070000000001,34.14,5.279700000000005,0,2,4,False,,True,ligands_pdbqt/CHEMBL2106825.pdbqt,9.048,completed,vina_screening_full/poses/CHEMBL2106825_out.pdbqt,vina_screening_full/logs/CHEMBL2106825.log,1416
CHEMBL1200600,FLUOROMETHOLONE,Small molecule,4.0,1972.0,0,CC(=O)[C@@]1(O)CC[C@H]2[C@@H]3C[C@H](C)C4=CC(=O)C=C[C@]4(C)[C@@]3(F)[C@@H](O)C[C@@]21C,"InChI=1S/C22H29FO4/c1-12-9-17-15-6-8-21(27,13(2)24)20(15,4)11-18(26)22(17,23)19(3)7-5-14(25)10-16(12)19/h5,7,10,12,15,17-18,26-27H,6,8-9,11H2,1-4H3/t12-,15-,17-,18-,19-,20-,21-,22-/m0/s1",FAOZLTXFLGPHNG-KNAQIMQKSA-N,376.47,376.47,2.92,74.6,2.0,4.0,0.0,1,CHEMBL1200600,FLUOROMETHOLONE,1,0.9885656476020812,True,True,True,1,False,C;F;O,,,False,False,27,1,False,0,0,376.4680000000001,74.6,2.923300000000001,2,4,4,False,,True,ligands_pdbqt/CHEMBL1200600.pdbqt,9.103,completed,vina_screening_full/poses/CHEMBL1200600_out.pdbqt,vina_screening_full/logs/CHEMBL1200600.log,1417
CHEMBL1658,RETAPAMULIN,Small molecule,4.0,2007.0,0,C=C[C@]1(C)C[C@@H](OC(=O)CS[C@@H]2C[C@H]3CC[C@@H](C2)N3C)[C@]2(C)[C@H](C)CC[C@]3(CCC(=O)[C@H]32)[C@@H](C)[C@@H]1O,"InChI=1S/C30H47NO4S/c1-7-28(4)16-24(35-25(33)17-36-22-14-20-8-9-21(15-22)31(20)6)29(5)18(2)10-12-30(19(3)27(28)34)13-11-23(32)26(29)30/h7,18-22,24,26-27,34H,1,8-17H2,2-6H3/t18-,19+,20-,21+,22-,24-,26+,27+,28-,29+,30+/m1/s1",STZYTFJPGGDRJD-NHUWBDDWSA-N,517.78,517.78,5.25,66.84,1.0,6.0,2.0,1,CHEMBL1658,RETAPAMULIN,1,0.8253140449523926,True,True,True,1,False,C;N;O;S,,,False,False,36,5,False,0,0,517.7760000000004,66.84,5.251300000000007,1,6,5,False,,True,ligands_pdbqt/CHEMBL1658.pdbqt,9.143,completed,vina_screening_full/poses/CHEMBL1658_out.pdbqt,vina_screening_full/logs/CHEMBL1658.log,1418
CHEMBL354541,LOMITAPIDE,Small molecule,4.0,2012.0,0,O=C(NC1CCN(CCCCC2(C(=O)NCC(F)(F)F)c3ccccc3-c3ccccc32)CC1)c1ccccc1-c1ccc(C(F)(F)F)cc1,"InChI=1S/C39H37F6N3O2/c40-38(41,42)25-46-36(50)37(33-13-5-3-10-30(33)31-11-4-6-14-34(31)37)21-7-8-22-48-23-19-28(20-24-48)47-35(49)32-12-2-1-9-29(32)26-15-17-27(18-16-26)39(43,44)45/h1-6,9-18,28H,7-8,19-25H2,(H,46,50)(H,47,49)",MBBCVAKAJPKAKM-UHFFFAOYSA-N,693.73,693.73,8.38,61.44,2.0,3.0,2.0,2,CHEMBL2105662;CHEMBL354541,LOMITAPIDE;LOMITAPIDE MESYLATE,1,0.903859555721283,True,True,True,1,False,C;F;N;O,,,False,False,50,10,False,0,0,693.7320000000003,61.440000000000005,8.382100000000005,2,3,6,False,,True,ligands_pdbqt/CHEMBL354541.pdbqt,9.48,completed,vina_screening_full/poses/CHEMBL354541_out.pdbqt,vina_screening_full/logs/CHEMBL354541.log,1419
CHEMBL1501,FLUOCINONIDE,Small molecule,4.0,1971.0,0,CC(=O)OCC(=O)[C@@]12OC(C)(C)O[C@@H]1C[C@H]1[C@@H]3C[C@H](F)C4=CC(=O)C=C[C@]4(C)[C@@]3(F)[C@@H](O)C[C@@]12C,"InChI=1S/C26H32F2O7/c1-13(29)33-12-20(32)26-21(34-22(2,3)35-26)10-15-16-9-18(27)17-8-14(30)6-7-23(17,4)25(16,28)19(31)11-24(15,26)5/h6-8,15-16,18-19,21,31H,9-12H2,1-5H3/t15-,16-,18-,19-,21+,23-,24-,25-,26+/m0/s1",WJOHZNCJWYWUJD-IUGZLZTKSA-N,494.53,494.53,2.94,99.13,1.0,7.0,0.0,1,CHEMBL1501,FLUOCINONIDE,1,0.9942733407020568,True,True,True,1,False,C;F;O,,,False,False,35,3,False,0,0,494.5310000000002,99.13,2.937600000000001,1,7,5,False,,True,ligands_pdbqt/CHEMBL1501.pdbqt,9.547,completed,vina_screening_full/poses/CHEMBL1501_out.pdbqt,vina_screening_full/logs/CHEMBL1501.log,1420
CHEMBL1292,CLOFAZIMINE,Small molecule,4.0,1986.0,0,CC(C)/N=c1\cc2n(-c3ccc(Cl)cc3)c3ccccc3nc-2cc1Nc1ccc(Cl)cc1,"InChI=1S/C27H22Cl2N4/c1-17(2)30-24-16-27-25(15-23(24)31-20-11-7-18(28)8-12-20)32-22-5-3-4-6-26(22)33(27)21-13-9-19(29)10-14-21/h3-17,31H,1-2H3/b30-24+",WDQPAMHFFCXSNU-BGABXYSRSA-N,473.41,473.41,7.49,42.21,1.0,4.0,1.0,1,CHEMBL1292,CLOFAZIMINE,1,0.7045520067214965,True,False,True,1,False,C;Cl;N,,,False,False,33,4,False,0,0,473.40700000000015,42.21,7.489800000000005,1,3,5,False,,True,ligands_pdbqt/CHEMBL1292.pdbqt,9.59,completed,vina_screening_full/poses/CHEMBL1292_out.pdbqt,vina_screening_full/logs/CHEMBL1292.log,1421
CHEMBL1095097,EPLERENONE,Small molecule,4.0,2002.0,0,COC(=O)[C@@H]1CC2=CC(=O)CC[C@]2(C)[C@@]23O[C@@H]2C[C@@]2(C)[C@@H](CC[C@@]24CCC(=O)O4)[C@H]13,"InChI=1S/C24H30O6/c1-21-7-4-14(25)10-13(21)11-15(20(27)28-3)19-16-5-8-23(9-6-18(26)30-23)22(16,2)12-17-24(19,21)29-17/h10,15-17,19H,4-9,11-12H2,1-3H3/t15-,16+,17-,19+,21+,22+,23-,24-/m1/s1",JUKPWJGBANNWMW-VWBFHTRKSA-N,414.5,414.5,3.12,82.2,0.0,6.0,0.0,1,CHEMBL1095097,EPLERENONE,1,0.8807815909385681,True,True,True,1,False,C;O,,,False,False,30,1,False,0,0,414.4980000000003,82.2,3.124500000000002,0,6,6,False,,True,ligands_pdbqt/CHEMBL1095097.pdbqt,9.862,completed,vina_screening_full/poses/CHEMBL1095097_out.pdbqt,vina_screening_full/logs/CHEMBL1095097.log,1422
CHEMBL1165342,VINCAMINE,Small molecule,4.0,,1,CC[C@]12CCCN3CCc4c(n(c5ccccc45)[C@@](O)(C(=O)OC)C1)[C@@H]32,"InChI=1S/C21H26N2O3/c1-3-20-10-6-11-22-12-9-15-14-7-4-5-8-16(14)23(17(15)18(20)22)21(25,13-20)19(24)26-2/h4-5,7-8,18,25H,3,6,9-13H2,1-2H3/t18-,20+,21+/m1/s1",RXPRRQLKFXBCSJ-GIVPXCGWSA-N,354.45,354.45,2.95,54.7,1.0,5.0,0.0,1,CHEMBL1165342,VINCAMINE,1,0.9375064492225648,True,True,True,1,False,C;N;O,,,False,False,26,2,False,0,0,354.45000000000016,54.7,2.952500000000001,1,4,5,False,,True,ligands_pdbqt/CHEMBL1165342.pdbqt,9.888,completed,vina_screening_full/poses/CHEMBL1165342_out.pdbqt,vina_screening_full/logs/CHEMBL1165342.log,1423
CHEMBL1200732,AMCINONIDE,Small molecule,4.0,1979.0,0,CC(=O)OCC(=O)[C@@]12OC3(CCCC3)O[C@@H]1C[C@H]1[C@@H]3CCC4=CC(=O)C=C[C@]4(C)[C@@]3(F)[C@@H](O)C[C@@]12C,"InChI=1S/C28H35FO7/c1-16(30)34-15-22(33)28-23(35-26(36-28)9-4-5-10-26)13-20-19-7-6-17-12-18(31)8-11-24(17,2)27(19,29)21(32)14-25(20,28)3/h8,11-12,19-21,23,32H,4-7,9-10,13-15H2,1-3H3/t19-,20-,21-,23+,24-,25-,27-,28+/m0/s1",ILKJAFIWWBXGDU-MOGDOJJUSA-N,502.58,502.58,3.52,99.13,1.0,7.0,1.0,1,CHEMBL1200732,AMCINONIDE,1,0.994832181930542,True,True,True,1,False,C;F;O,,,False,False,36,3,False,0,0,502.5790000000003,99.13,3.5238000000000023,1,7,6,False,,True,ligands_pdbqt/CHEMBL1200732.pdbqt,9.925,completed,vina_screening_full/poses/CHEMBL1200732_out.pdbqt,vina_screening_full/logs/CHEMBL1200732.log,1424
CHEMBL1863513,INGENOL MEBUTATE,Small molecule,4.0,2010.0,1,C/C=C(/C)C(=O)O[C@H]1C(C)=C[C@]23C(=O)[C@@H](C=C(CO)[C@@H](O)[C@]12O)[C@H]1[C@@H](C[C@H]3C)C1(C)C,"InChI=1S/C25H34O6/c1-7-12(2)22(29)31-21-13(3)10-24-14(4)8-17-18(23(17,5)6)16(20(24)28)9-15(11-26)19(27)25(21,24)30/h7,9-10,14,16-19,21,26-27,30H,8,11H2,1-6H3/b12-7-/t14-,16+,17-,18+,19-,21+,24+,25+/m1/s1",VDJHFHXMUKFKET-WDUFCVPESA-N,430.54,430.54,2.33,104.06,3.0,6.0,0.0,1,CHEMBL1863513,INGENOL MEBUTATE,1,0.90673006772995,True,True,True,1,False,C;O,,,False,False,31,3,False,0,0,430.54100000000017,104.06000000000002,2.3323,3,6,4,False,,True,ligands_pdbqt/CHEMBL1863513.pdbqt,10.015,completed,vina_screening_full/poses/CHEMBL1863513_out.pdbqt,vina_screening_full/logs/CHEMBL1863513.log,1425
CHEMBL932,DIPYRIDAMOLE,Small molecule,4.0,1961.0,0,OCCN(CCO)c1nc(N2CCCCC2)c2nc(N(CCO)CCO)nc(N3CCCCC3)c2n1,"InChI=1S/C24H40N8O4/c33-15-11-31(12-16-34)23-26-20-19(21(27-23)29-7-3-1-4-8-29)25-24(32(13-17-35)14-18-36)28-22(20)30-9-5-2-6-10-30/h33-36H,1-18H2",IZEKFCXSFNUWAM-UHFFFAOYSA-N,504.64,504.64,-0.02,145.44,4.0,12.0,2.0,1,CHEMBL932,DIPYRIDAMOLE,1,0.6339528501033783,True,False,True,1,False,C;N;O,,,False,False,36,12,False,0,0,504.6360000000004,145.44,-0.0175999999999973,4,12,4,False,,True,ligands_pdbqt/CHEMBL932.pdbqt,10.163,completed,vina_screening_full/poses/CHEMBL932_out.pdbqt,vina_screening_full/logs/CHEMBL932.log,1426
CHEMBL1200376,BETAMETHASONE BENZOATE,Small molecule,4.0,1982.0,0,C[C@H]1C[C@H]2[C@@H]3CCC4=CC(=O)C=C[C@]4(C)[C@@]3(F)[C@@H](O)C[C@]2(C)[C@@]1(OC(=O)c1ccccc1)C(=O)CO,"InChI=1S/C29H33FO6/c1-17-13-22-21-10-9-19-14-20(32)11-12-26(19,2)28(21,30)23(33)15-27(22,3)29(17,24(34)16-31)36-25(35)18-7-5-4-6-8-18/h4-8,11-12,14,17,21-23,31,33H,9-10,13,15-16H2,1-3H3/t17-,21-,22-,23-,26-,27-,28-,29-/m0/s1",SOQJPQZCPBDOMF-YCUXZELOSA-N,496.58,496.58,3.76,100.9,2.0,6.0,0.0,1,CHEMBL1200376,BETAMETHASONE BENZOATE,1,0.9838794946670532,True,True,True,1,False,C;F;O,,,False,False,36,4,False,0,0,496.57500000000033,100.9,3.760400000000003,2,6,5,False,,True,ligands_pdbqt/CHEMBL1200376.pdbqt,10.184,completed,vina_screening_full/poses/CHEMBL1200376_out.pdbqt,vina_screening_full/logs/CHEMBL1200376.log,1427
CHEMBL1504,TRIAMCINOLONE ACETONIDE,Small molecule,4.0,1960.0,0,CC1(C)O[C@@H]2C[C@H]3[C@@H]4CCC5=CC(=O)C=C[C@]5(C)[C@@]4(F)[C@@H](O)C[C@]3(C)[C@]2(C(=O)CO)O1,"InChI=1S/C24H31FO6/c1-20(2)30-19-10-16-15-6-5-13-9-14(27)7-8-21(13,3)23(15,25)17(28)11-22(16,4)24(19,31-20)18(29)12-26/h7-9,15-17,19,26,28H,5-6,10-12H2,1-4H3/t15-,16-,17-,19+,21-,22-,23-,24+/m0/s1",YNDXUCZADRHECN-JNQJZLCISA-N,434.5,434.5,2.42,93.06,2.0,6.0,0.0,1,CHEMBL1504,TRIAMCINOLONE ACETONIDE,1,0.9895267128944396,True,True,True,1,False,C;F;O,,,False,False,31,2,False,0,0,434.50400000000025,93.06,2.4188000000000005,2,6,5,False,,True,ligands_pdbqt/CHEMBL1504.pdbqt,10.367,completed,vina_screening_full/poses/CHEMBL1504_out.pdbqt,vina_screening_full/logs/CHEMBL1504.log,1428
CHEMBL1200845,HALCINONIDE,Small molecule,4.0,1974.0,0,CC1(C)O[C@@H]2C[C@H]3[C@@H]4CCC5=CC(=O)CC[C@]5(C)[C@@]4(F)[C@@H](O)C[C@]3(C)[C@]2(C(=O)CCl)O1,"InChI=1S/C24H32ClFO5/c1-20(2)30-19-10-16-15-6-5-13-9-14(27)7-8-21(13,3)23(15,26)17(28)11-22(16,4)24(19,31-20)18(29)12-25/h9,15-17,19,28H,5-8,10-12H2,1-4H3/t15-,16-,17-,19+,21-,22-,23-,24+/m0/s1",MUQNGPZZQDCDFT-JNQJZLCISA-N,454.97,454.97,3.89,72.83,1.0,5.0,0.0,1,CHEMBL1200845,HALCINONIDE,1,0.9891263008117676,True,True,True,1,False,C;Cl;F;O,,,False,False,31,2,False,0,0,454.9660000000002,72.83,3.889300000000003,1,5,5,False,,True,ligands_pdbqt/CHEMBL1200845.pdbqt,10.368,completed,vina_screening_full/poses/CHEMBL1200845_out.pdbqt,vina_screening_full/logs/CHEMBL1200845.log,1429
CHEMBL1200908,HALOBETASOL PROPIONATE,Small molecule,4.0,1990.0,0,CCC(=O)O[C@]1(C(=O)CCl)[C@@H](C)C[C@H]2[C@@H]3C[C@H](F)C4=CC(=O)C=C[C@]4(C)[C@@]3(F)[C@@H](O)C[C@@]21C,"InChI=1S/C25H31ClF2O5/c1-5-21(32)33-25(20(31)12-26)13(2)8-15-16-10-18(27)17-9-14(29)6-7-22(17,3)24(16,28)19(30)11-23(15,25)4/h6-7,9,13,15-16,18-19,30H,5,8,10-12H2,1-4H3/t13-,15-,16-,18-,19-,22-,23-,24-,25-/m0/s1",BDSYKGHYMJNPAB-LICBFIPMSA-N,484.97,484.97,4.05,80.67,1.0,5.0,0.0,1,CHEMBL1200908,HALOBETASOL PROPIONATE,1,0.9913400888442994,True,True,True,1,False,C;Cl;F;O,,,False,False,33,4,False,0,0,484.9670000000002,80.67,4.051100000000004,1,5,4,False,,True,ligands_pdbqt/CHEMBL1200908.pdbqt,10.617,completed,vina_screening_full/poses/CHEMBL1200908_out.pdbqt,vina_screening_full/logs/CHEMBL1200908.log,1430
CHEMBL1200545,DIFLORASONE DIACETATE,Small molecule,4.0,1977.0,0,CC(=O)OCC(=O)[C@@]1(OC(C)=O)[C@@H](C)C[C@H]2[C@@H]3C[C@H](F)C4=CC(=O)C=C[C@]4(C)[C@@]3(F)[C@@H](O)C[C@@]21C,"InChI=1S/C26H32F2O7/c1-13-8-17-18-10-20(27)19-9-16(31)6-7-23(19,4)25(18,28)21(32)11-24(17,5)26(13,35-15(3)30)22(33)12-34-14(2)29/h6-7,9,13,17-18,20-21,32H,8,10-12H2,1-5H3/t13-,17-,18-,20-,21-,23-,24-,25-,26-/m0/s1",BOBLHFUVNSFZPJ-JOYXJVLSSA-N,494.53,494.53,2.99,106.97,1.0,7.0,0.0,1,CHEMBL1200545,DIFLORASONE DIACETATE,1,0.99473237991333,True,True,True,1,False,C;F;O,,,False,False,35,4,False,0,0,494.5310000000002,106.97,2.9853000000000014,1,7,4,False,,True,ligands_pdbqt/CHEMBL1200545.pdbqt,10.701,completed,vina_screening_full/poses/CHEMBL1200545_out.pdbqt,vina_screening_full/logs/CHEMBL1200545.log,1431
CHEMBL1201064,FLUOROMETHOLONE ACETATE,Small molecule,4.0,1986.0,0,CC(=O)O[C@]1(C(C)=O)CC[C@H]2[C@@H]3C[C@H](C)C4=CC(=O)C=C[C@]4(C)[C@@]3(F)[C@@H](O)C[C@@]21C,"InChI=1S/C24H31FO5/c1-13-10-19-17-7-9-23(14(2)26,30-15(3)27)22(17,5)12-20(29)24(19,25)21(4)8-6-16(28)11-18(13)21/h6,8,11,13,17,19-20,29H,7,9-10,12H2,1-5H3/t13-,17-,19-,20-,21-,22-,23-,24-/m0/s1",YRFXGQHBPBMFHW-SBTZIJSASA-N,418.51,418.51,3.49,80.67,1.0,5.0,0.0,1,CHEMBL1201064,FLUOROMETHOLONE ACETATE,1,0.993458104133606,True,True,True,1,False,C;F;O,,,False,False,30,2,False,0,0,418.50500000000017,80.67,3.494100000000002,1,5,4,False,,True,ligands_pdbqt/CHEMBL1201064.pdbqt,10.75,completed,vina_screening_full/poses/CHEMBL1201064_out.pdbqt,vina_screening_full/logs/CHEMBL1201064.log,1432
CHEMBL1200500,BECLOMETHASONE DIPROPIONATE,Small molecule,4.0,1976.0,0,CCC(=O)OCC(=O)[C@@]1(OC(=O)CC)[C@@H](C)C[C@H]2[C@@H]3CCC4=CC(=O)C=C[C@]4(C)[C@@]3(Cl)[C@@H](O)C[C@@]21C,"InChI=1S/C28H37ClO7/c1-6-23(33)35-15-22(32)28(36-24(34)7-2)16(3)12-20-19-9-8-17-13-18(30)10-11-25(17,4)27(19,29)21(31)14-26(20,28)5/h10-11,13,16,19-21,31H,6-9,12,14-15H2,1-5H3/t16-,19-,20-,21-,25-,26-,27-,28-/m0/s1",KUVIULQEHSCUHY-XYWKZLDCSA-N,521.05,521.05,4.09,106.97,1.0,7.0,1.0,1,CHEMBL1200500,BECLOMETHASONE DIPROPIONATE,1,0.9648302078247072,True,True,True,1,False,C;Cl;O,,,False,False,36,6,False,0,0,521.0500000000003,106.97,4.086800000000004,1,7,4,False,,True,ligands_pdbqt/CHEMBL1200500.pdbqt,10.918,completed,vina_screening_full/poses/CHEMBL1200500_out.pdbqt,vina_screening_full/logs/CHEMBL1200500.log,1433
CHEMBL1668,RESCINNAMINE,Small molecule,4.0,1956.0,0,COC(=O)[C@H]1[C@H]2C[C@@H]3c4[nH]c5cc(OC)ccc5c4CCN3C[C@H]2C[C@@H](OC(=O)/C=C/c2cc(OC)c(OC)c(OC)c2)[C@@H]1OC,"InChI=1S/C35H42N2O9/c1-40-21-8-9-22-23-11-12-37-18-20-15-29(46-30(38)10-7-19-13-27(41-2)33(43-4)28(14-19)42-3)34(44-5)31(35(39)45-6)24(20)17-26(37)32(23)36-25(22)16-21/h7-10,13-14,16,20,24,26,29,31,34,36H,11-12,15,17-18H2,1-6H3/b10-7+/t20-,24+,26-,29-,31+,34+/m1/s1",SZLZWPPUNLXJEA-QEGASFHISA-N,634.73,634.73,4.57,117.78,1.0,10.0,1.0,1,CHEMBL1668,RESCINNAMINE,1,0.734333848953247,True,False,True,1,False,C;N;O,,,False,False,46,9,False,0,0,634.7260000000003,117.78000000000004,4.570700000000004,1,10,6,False,,True,ligands_pdbqt/CHEMBL1668.pdbqt,11.026,completed,vina_screening_full/poses/CHEMBL1668_out.pdbqt,vina_screening_full/logs/CHEMBL1668.log,1434
CHEMBL1393,SPIRONOLACTONE,Small molecule,4.0,1960.0,0,CC(=O)S[C@@H]1CC2=CC(=O)CC[C@]2(C)[C@H]2CC[C@@]3(C)[C@@H](CC[C@@]34CCC(=O)O4)[C@H]12,"InChI=1S/C24H32O4S/c1-14(25)29-19-13-15-12-16(26)4-8-22(15,2)17-5-9-23(3)18(21(17)19)6-10-24(23)11-7-20(27)28-24/h12,17-19,21H,4-11,13H2,1-3H3/t17-,18-,19+,21+,22-,23-,24+/m0/s1",LXMSZDCAJNLERA-ZHYRCANASA-N,416.58,416.58,4.85,60.44,0.0,5.0,0.0,1,CHEMBL1393,SPIRONOLACTONE,1,0.6953107595443726,True,False,True,1,False,C;O;S,,,False,False,29,1,False,0,0,416.58300000000025,60.44,4.852300000000005,0,5,5,False,,True,ligands_pdbqt/CHEMBL1393.pdbqt,11.053,completed,vina_screening_full/poses/CHEMBL1393_out.pdbqt,vina_screening_full/logs/CHEMBL1393.log,1435
CHEMBL3545311,BRIGATINIB,Small molecule,4.0,2017.0,0,COc1cc(N2CCC(N3CCN(C)CC3)CC2)ccc1Nc1ncc(Cl)c(Nc2ccccc2P(C)(C)=O)n1,"InChI=1S/C29H39ClN7O2P/c1-35-15-17-37(18-16-35)21-11-13-36(14-12-21)22-9-10-24(26(19-22)39-2)33-29-31-20-23(30)28(34-29)32-25-7-5-6-8-27(25)40(3,4)38/h5-10,19-21H,11-18H2,1-4H3,(H2,31,32,33,34)",AILRADAXUVEEIR-UHFFFAOYSA-N,584.11,584.11,5.09,85.86,2.0,9.0,2.0,1,CHEMBL3545311,BRIGATINIB,1,0.7782098650932312,True,False,True,1,False,C;Cl;N;O;P,,,False,False,40,8,False,0,0,584.105,85.86,5.090000000000003,2,9,5,False,,True,ligands_pdbqt/CHEMBL3545311.pdbqt,11.068,completed,vina_screening_full/poses/CHEMBL3545311_out.pdbqt,vina_screening_full/logs/CHEMBL3545311.log,1436
CHEMBL2104356,KETAZOLAM,Small molecule,4.0,,0,CC1=CC(=O)N2CC(=O)N(C)c3ccc(Cl)cc3C2(c2ccccc2)O1,"InChI=1S/C20H17ClN2O3/c1-13-10-18(24)23-12-19(25)22(2)17-9-8-15(21)11-16(17)20(23,26-13)14-6-4-3-5-7-14/h3-11H,12H2,1-2H3",PWAJCNITSBZRBL-UHFFFAOYSA-N,368.82,368.82,3.28,49.85,0.0,3.0,0.0,1,CHEMBL2104356,KETAZOLAM,1,0.9639004230499268,True,True,True,1,False,C;Cl;N;O,,,False,False,26,1,False,0,0,368.8200000000001,49.85000000000001,3.280100000000002,0,3,4,False,,True,ligands_pdbqt/CHEMBL2104356.pdbqt,11.103,completed,vina_screening_full/poses/CHEMBL2104356_out.pdbqt,vina_screening_full/logs/CHEMBL2104356.log,1437
CHEMBL1200989,ALCLOMETASONE DIPROPIONATE,Small molecule,4.0,1982.0,0,CCC(=O)OCC(=O)[C@@]1(OC(=O)CC)[C@H](C)C[C@H]2[C@H]3[C@H]([C@@H](O)C[C@@]21C)[C@@]1(C)C=CC(=O)C=C1C[C@H]3Cl,"InChI=1S/C28H37ClO7/c1-6-22(33)35-14-21(32)28(36-23(34)7-2)15(3)10-18-24-19(29)12-16-11-17(30)8-9-26(16,4)25(24)20(31)13-27(18,28)5/h8-9,11,15,18-20,24-25,31H,6-7,10,12-14H2,1-5H3/t15-,18+,19-,20+,24-,25+,26+,27+,28+/m1/s1",DJHCCTTVDRAMEH-DUUJBDRPSA-N,521.05,521.05,3.94,106.97,1.0,7.0,1.0,1,CHEMBL1200989,ALCLOMETASONE DIPROPIONATE,1,0.970724093914032,True,True,True,1,False,C;Cl;O,,,False,False,36,6,False,0,0,521.0500000000003,106.97000000000004,3.942700000000003,1,7,4,False,,True,ligands_pdbqt/CHEMBL1200989.pdbqt,11.12,completed,vina_screening_full/poses/CHEMBL1200989_out.pdbqt,vina_screening_full/logs/CHEMBL1200989.log,1438
CHEMBL989,FLUOCINOLONE ACETONIDE,Small molecule,4.0,1963.0,0,CC1(C)O[C@@H]2C[C@H]3[C@@H]4C[C@H](F)C5=CC(=O)C=C[C@]5(C)[C@@]4(F)[C@@H](O)C[C@]3(C)[C@]2(C(=O)CO)O1,"InChI=1S/C24H30F2O6/c1-20(2)31-19-9-13-14-8-16(25)15-7-12(28)5-6-21(15,3)23(14,26)17(29)10-22(13,4)24(19,32-20)18(30)11-27/h5-7,13-14,16-17,19,27,29H,8-11H2,1-4H3/t13-,14-,16-,17-,19+,21-,22-,23-,24+/m0/s1",FEBLZLNTKCEFIT-VSXGLTOVSA-N,452.49,452.49,2.37,93.06,2.0,6.0,0.0,1,CHEMBL989,FLUOCINOLONE ACETONIDE,1,0.9883177399635314,True,True,True,1,False,C;F;O,,,False,False,32,2,False,0,0,452.49400000000026,93.06,2.366800000000001,2,6,5,False,,True,ligands_pdbqt/CHEMBL989.pdbqt,11.328,completed,vina_screening_full/poses/CHEMBL989_out.pdbqt,vina_screening_full/logs/CHEMBL989.log,1439
CHEMBL2103846,ULIPRISTAL,Small molecule,4.0,,0,CC(=O)[C@@]1(O)CC[C@H]2[C@@H]3CCC4=CC(=O)CCC4=C3[C@@H](c3ccc(N(C)C)cc3)C[C@@]21C,"InChI=1S/C28H35NO3/c1-17(30)28(32)14-13-25-23-11-7-19-15-21(31)10-12-22(19)26(23)24(16-27(25,28)2)18-5-8-20(9-6-18)29(3)4/h5-6,8-9,15,23-25,32H,7,10-14,16H2,1-4H3/t23-,24+,25-,27-,28-/m0/s1",HKDLNTKNLJPAIY-WKWWZUSTSA-N,433.59,433.59,4.97,57.61,1.0,4.0,0.0,1,CHEMBL2103846,ULIPRISTAL,1,0.952595007419586,True,True,True,1,False,C;N;O,,,False,False,32,3,False,0,0,433.59200000000016,57.61,4.972200000000005,1,4,5,False,,True,ligands_pdbqt/CHEMBL2103846.pdbqt,11.878,completed,vina_screening_full/poses/CHEMBL2103846_out.pdbqt,vina_screening_full/logs/CHEMBL2103846.log,1440
CHEMBL1200515,DESERPIDINE,Small molecule,4.0,1957.0,0,COC(=O)[C@H]1[C@H]2C[C@@H]3c4[nH]c5ccccc5c4CCN3C[C@H]2C[C@@H](OC(=O)c2cc(OC)c(OC)c(OC)c2)[C@@H]1OC,"InChI=1S/C32H38N2O8/c1-37-24-12-17(13-25(38-2)29(24)39-3)31(35)42-26-14-18-16-34-11-10-20-19-8-6-7-9-22(19)33-28(20)23(34)15-21(18)27(30(26)40-4)32(36)41-5/h6-9,12-13,18,21,23,26-27,30,33H,10-11,14-16H2,1-5H3/t18-,21+,23-,26-,27+,30+/m1/s1",CVBMAZKKCSYWQR-WCGOZPBSSA-N,578.66,578.66,4.16,108.55,1.0,9.0,1.0,1,CHEMBL1200515,DESERPIDINE,1,0.8702689290046692,True,True,True,1,False,C;N;O,,,False,False,42,7,False,0,0,578.6620000000004,108.55,4.162500000000003,1,9,6,False,,True,ligands_pdbqt/CHEMBL1200515.pdbqt,12.015,completed,vina_screening_full/poses/CHEMBL1200515_out.pdbqt,vina_screening_full/logs/CHEMBL1200515.log,1441
CHEMBL1676,FLUTICASONE FUROATE,Small molecule,4.0,2007.0,0,C[C@@H]1C[C@H]2[C@@H]3C[C@H](F)C4=CC(=O)C=C[C@]4(C)[C@@]3(F)[C@@H](O)C[C@]2(C)[C@@]1(OC(=O)c1ccco1)C(=O)SCF,"InChI=1S/C27H29F3O6S/c1-14-9-16-17-11-19(29)18-10-15(31)6-7-24(18,2)26(17,30)21(32)12-25(16,3)27(14,23(34)37-13-28)36-22(33)20-5-4-8-35-20/h4-8,10,14,16-17,19,21,32H,9,11-13H2,1-3H3/t14-,16+,17+,19+,21+,24+,25+,26+,27+/m1/s1",XTULMSXFIHGYFS-VLSRWLAYSA-N,538.58,538.58,4.93,93.81,1.0,7.0,1.0,1,CHEMBL1676,FLUTICASONE FUROATE,1,0.9850777745246888,True,True,True,1,False,C;F;O;S,,,False,False,37,4,False,0,0,538.5840000000003,93.81,4.9268000000000045,1,7,5,False,,True,ligands_pdbqt/CHEMBL1676.pdbqt,12.26,completed,vina_screening_full/poses/CHEMBL1676_out.pdbqt,vina_screening_full/logs/CHEMBL1676.log,1442
CHEMBL1201275,ISOSULFAN BLUE INNER SALT,Small molecule,4.0,1981.0,0,CCN(CC)c1ccc(C(=C2C=CC(=[N+](CC)CC)C=C2)c2cc(S(=O)(=O)[O-])ccc2S(=O)(=O)O)cc1,"InChI=1S/C27H32N2O6S2/c1-5-28(6-2)22-13-9-20(10-14-22)27(21-11-15-23(16-12-21)29(7-3)8-4)25-19-24(36(30,31)32)17-18-26(25)37(33,34)35/h9-19H,5-8H2,1-4H3,(H-,30,31,32,33,34,35)",YFKDCGWIINMRQY-UHFFFAOYSA-N,544.7,544.7,4.1,117.82,1.0,6.0,1.0,2,CHEMBL1200859;CHEMBL1201275,ISOSULFAN BLUE;ISOSULFAN BLUE INNER SALT,1,0.540239280462265,True,False,True,1,False,C;N;O;S,,,False,False,37,9,False,0,0,544.6950000000002,117.82,4.104800000000004,1,6,3,False,,True,ligands_pdbqt/CHEMBL1201275.pdbqt,12.288,completed,vina_screening_full/poses/CHEMBL1201275_out.pdbqt,vina_screening_full/logs/CHEMBL1201275.log,1443
CHEMBL260538,ULIPRISTAL ACETATE,Small molecule,4.0,2009.0,1,CC(=O)O[C@]1(C(C)=O)CC[C@H]2[C@@H]3CCC4=CC(=O)CCC4=C3[C@@H](c3ccc(N(C)C)cc3)C[C@@]21C,"InChI=1S/C30H37NO4/c1-18(32)30(35-19(2)33)15-14-27-25-12-8-21-16-23(34)11-13-24(21)28(25)26(17-29(27,30)3)20-6-9-22(10-7-20)31(4)5/h6-7,9-10,16,25-27H,8,11-15,17H2,1-5H3/t25-,26+,27-,29-,30-/m0/s1",OOLLAFOLCSJHRE-ZHAKMVSLSA-N,475.63,475.63,5.54,63.68,0.0,5.0,1.0,1,CHEMBL260538,ULIPRISTAL ACETATE,1,0.9698029398918152,True,True,True,1,False,C;N;O,,,False,False,35,4,False,0,0,475.6290000000003,63.68000000000001,5.543000000000006,0,5,5,False,,True,ligands_pdbqt/CHEMBL260538.pdbqt,12.368,completed,vina_screening_full/poses/CHEMBL260538_out.pdbqt,vina_screening_full/logs/CHEMBL260538.log,1444
CHEMBL2040682,CICLESONIDE,Small molecule,4.0,2006.0,0,CC(C)C(=O)OCC(=O)[C@@]12O[C@H](C3CCCCC3)O[C@@H]1C[C@H]1[C@@H]3CCC4=CC(=O)C=C[C@]4(C)[C@H]3[C@@H](O)C[C@@]12C,"InChI=1S/C32H44O7/c1-18(2)28(36)37-17-25(35)32-26(38-29(39-32)19-8-6-5-7-9-19)15-23-22-11-10-20-14-21(33)12-13-30(20,3)27(22)24(34)16-31(23,32)4/h12-14,18-19,22-24,26-27,29,34H,5-11,15-17H2,1-4H3/t22-,23-,24-,26+,27+,29+,30-,31-,32+/m0/s1",LUKZNWIVRBCLON-GXOBDPJESA-N,540.7,540.7,4.7,99.13,1.0,7.0,1.0,1,CHEMBL2040682,CICLESONIDE,1,0.911887776851654,True,True,True,1,False,C;O,,,False,False,39,5,False,0,0,540.6970000000002,99.13,4.703900000000005,1,7,6,False,,True,ligands_pdbqt/CHEMBL2040682.pdbqt,13.112,completed,vina_screening_full/poses/CHEMBL2040682_out.pdbqt,vina_screening_full/logs/CHEMBL2040682.log,1445
CHEMBL374975,FUSIDIC ACID,Small molecule,4.0,,0,CC(=O)O[C@H]1C[C@@]2(C)[C@@H](C[C@@H](O)[C@H]3[C@@]4(C)CC[C@@H](O)[C@@H](C)[C@@H]4CC[C@@]32C)/C1=C(\CCC=C(C)C)C(=O)O,"InChI=1S/C31H48O6/c1-17(2)9-8-10-20(28(35)36)26-22-15-24(34)27-29(5)13-12-23(33)18(3)21(29)11-14-30(27,6)31(22,7)16-25(26)37-19(4)32/h9,18,21-25,27,33-34H,8,10-16H2,1-7H3,(H,35,36)/b26-20-/t18-,21-,22-,23+,24+,25-,27-,29-,30-,31-/m0/s1",IECPWNUMDGFDKC-MZJAQBGESA-N,516.72,516.72,5.67,104.06,3.0,5.0,2.0,2,CHEMBL1256987;CHEMBL374975,FUSIDATE SODIUM;FUSIDIC ACID,1,0.5619308650493622,True,False,True,1,False,C;O,,,False,False,37,5,False,0,0,516.7190000000004,104.06000000000002,5.6661000000000055,3,5,4,False,,True,ligands_pdbqt/CHEMBL374975.pdbqt,13.187,completed,vina_screening_full/poses/CHEMBL374975_out.pdbqt,vina_screening_full/logs/CHEMBL374975.log,1446
CHEMBL1276308,MIFEPRISTONE,Small molecule,4.0,2000.0,0,CC#C[C@]1(O)CC[C@H]2[C@@H]3CCC4=CC(=O)CCC4=C3[C@@H](c3ccc(N(C)C)cc3)C[C@@]21C,"InChI=1S/C29H35NO2/c1-5-15-29(32)16-14-26-24-12-8-20-17-22(31)11-13-23(20)27(24)25(18-28(26,29)2)19-6-9-21(10-7-19)30(3)4/h6-7,9-10,17,24-26,32H,8,11-14,16,18H2,1-4H3/t24-,25+,26-,28-,29-/m0/s1",VKHAHZOOUSRJNA-GCNJZUOMSA-N,429.6,429.6,5.41,40.54,1.0,3.0,1.0,1,CHEMBL1276308,MIFEPRISTONE,1,0.7092836678028107,True,False,True,1,False,C;N;O,,,False,False,32,2,False,0,0,429.6040000000001,40.54,5.406500000000006,1,3,5,False,,True,ligands_pdbqt/CHEMBL1276308.pdbqt,13.932,completed,vina_screening_full/poses/CHEMBL1276308_out.pdbqt,vina_screening_full/logs/CHEMBL1276308.log,1447
CHEMBL2308885,CLOBETASONE BUTYRATE,Small molecule,4.0,,0,CCCC(=O)O[C@]1(C(=O)CCl)[C@H](C)C[C@@H]2[C@@H]3CCC4=CC(=O)C=C[C@]4(C)[C@]3(F)C(=O)C[C@@]21C,"InChI=1S/C26H32ClFO5/c1-5-6-22(32)33-26(21(31)14-27)15(2)11-19-18-8-7-16-12-17(29)9-10-23(16,3)25(18,28)20(30)13-24(19,26)4/h9-10,12,15,18-19H,5-8,11,13-14H2,1-4H3/t15-,18+,19-,23+,24+,25-,26+/m1/s1",FBRAWBYQGRLCEK-RJFLZJKCSA-N,478.99,478.99,4.7,77.51,0.0,5.0,0.0,1,CHEMBL2308885,CLOBETASONE BUTYRATE,1,0.9909565329551696,True,True,True,1,False,C;Cl;F;O,,,False,False,33,5,False,0,0,478.98800000000034,77.51,4.701400000000005,0,5,4,False,,True,ligands_pdbqt/CHEMBL2308885.pdbqt,14.036,completed,vina_screening_full/poses/CHEMBL2308885_out.pdbqt,vina_screening_full/logs/CHEMBL2308885.log,1448
CHEMBL5314934,VANZACAFTOR,Small molecule,4.0,2024.0,0,CC1(C)C[C@@H]2CCCNc3cccc(n3)S(=O)(=O)NC(=O)c3ccc(-n4ccc(OCCC5C6(CC6)C56CC6)n4)nc3N1C2,"InChI=1S/C32H39N7O4S/c1-30(2)19-21-5-4-16-33-24-6-3-7-27(34-24)44(41,42)37-29(40)22-8-9-25(35-28(22)38(30)20-21)39-17-10-26(36-39)43-18-11-23-31(12-13-31)32(23)14-15-32/h3,6-10,17,21,23H,4-5,11-16,18-20H2,1-2H3,(H,33,34)(H,37,40)/t21-/m0/s1",VCSUIBJKYCVWNF-NRFANRHFSA-N,617.78,617.78,4.55,131.34,2.0,10.0,1.0,1,CHEMBL5314934,VANZACAFTOR,1,0.5807640790939331,True,False,True,1,False,C;N;O;S,,,False,False,44,5,False,0,0,617.776,131.34000000000003,4.550700000000004,2,9,8,False,,True,ligands_pdbqt/CHEMBL5314934.pdbqt,14.565,completed,vina_screening_full/poses/CHEMBL5314934_out.pdbqt,vina_screening_full/logs/CHEMBL5314934.log,1449
CHEMBL1689772,OMADACYCLINE,Small molecule,4.0,2018.0,0,CN(C)c1cc(CNCC(C)(C)C)c(O)c2c1C[C@H]1C[C@H]3[C@H](N(C)C)C(O)=C(C(N)=O)C(=O)[C@@]3(O)C(O)=C1C2=O,"InChI=1S/C29H40N4O7/c1-28(2,3)12-31-11-14-10-17(32(4)5)15-8-13-9-16-21(33(6)7)24(36)20(27(30)39)26(38)29(16,40)25(37)18(13)23(35)19(15)22(14)34/h10,13,16,21,31,34,36-37,40H,8-9,11-12H2,1-7H3,(H2,30,39)/t13-,16-,21-,29-/m0/s1",JEECQCWWSTZDCK-IQZGDKDPSA-N,556.66,556.66,1.32,176.66,6.0,10.0,2.0,2,CHEMBL1689772;CHEMBL2103854,OMADACYCLINE;OMADACYCLINE TOSYLATE,1,0.5116476058959961,True,False,True,1,False,C;N;O,,,False,False,40,6,False,0,0,556.6600000000003,176.65999999999997,1.3223000000000011,6,10,4,False,,True,ligands_pdbqt/CHEMBL1689772.pdbqt,16.142,completed,vina_screening_full/poses/CHEMBL1689772_out.pdbqt,vina_screening_full/logs/CHEMBL1689772.log,1450
CHEMBL2397415,ZAVEGEPANT,Small molecule,4.0,2023.0,0,Cc1cc(C[C@@H](NC(=O)N2CCC(c3cc4ccccc4[nH]c3=O)CC2)C(=O)N2CCN(C3CCN(C)CC3)CC2)cc2cn[nH]c12,"InChI=1S/C36H46N8O3/c1-24-19-25(20-28-23-37-40-33(24)28)21-32(35(46)43-17-15-42(16-18-43)29-9-11-41(2)12-10-29)39-36(47)44-13-7-26(8-14-44)30-22-27-5-3-4-6-31(27)38-34(30)45/h3-6,19-20,22-23,26,29,32H,7-18,21H2,1-2H3,(H,37,40)(H,38,45)(H,39,47)/t32-/m1/s1",JJVAPHYEOZSKJZ-JGCGQSQUSA-N,638.82,638.82,3.45,120.67,3.0,6.0,1.0,2,CHEMBL2397415;CHEMBL4650220,ZAVEGEPANT;ZAVEGEPANT HYDROCHLORIDE,1,0.5511507570743561,True,False,True,1,False,C;N;O,,,False,False,47,6,False,0,0,638.817,120.67,3.451520000000002,3,6,7,False,,True,ligands_pdbqt/CHEMBL2397415.pdbqt,17.477,completed,vina_screening_full/poses/CHEMBL2397415_out.pdbqt,vina_screening_full/logs/CHEMBL2397415.log,1451
CHEMBL481,IRINOTECAN,Small molecule,4.0,1996.0,0,CCc1c2c(nc3ccc(OC(=O)N4CCC(N5CCCCC5)CC4)cc13)-c1cc3c(c(=O)n1C2)COC(=O)[C@]3(O)CC,"InChI=1S/C33H38N4O6/c1-3-22-23-16-21(43-32(40)36-14-10-20(11-15-36)35-12-6-5-7-13-35)8-9-27(23)34-29-24(22)18-37-28(29)17-26-25(30(37)38)19-42-31(39)33(26,41)4-2/h8-9,16-17,20,41H,3-7,10-15,18-19H2,1-2H3/t33-/m0/s1",UWKQSNNFCGGAFS-XIFFEERXSA-N,586.69,586.69,4.09,114.2,1.0,9.0,1.0,2,CHEMBL3989514;CHEMBL481,IRINOTECAN;IRINOTECAN HYDROCHLORIDE,1,0.5379365026950836,True,False,True,1,False,C;N;O,,,False,False,43,4,False,0,0,586.6890000000004,114.2,4.091100000000004,1,8,7,False,,True,ligands_pdbqt/CHEMBL481.pdbqt,17.508,completed,vina_screening_full/poses/CHEMBL481_out.pdbqt,vina_screening_full/logs/CHEMBL481.log,1452
CHEMBL772,RESERPINE,Small molecule,4.0,1960.0,1,COC(=O)[C@H]1[C@H]2C[C@@H]3c4[nH]c5cc(OC)ccc5c4CCN3C[C@H]2C[C@@H](OC(=O)c2cc(OC)c(OC)c(OC)c2)[C@@H]1OC,"InChI=1S/C33H40N2O9/c1-38-19-7-8-20-21-9-10-35-16-18-13-27(44-32(36)17-11-25(39-2)30(41-4)26(12-17)40-3)31(42-5)28(33(37)43-6)22(18)15-24(35)29(21)34-23(20)14-19/h7-8,11-12,14,18,22,24,27-28,31,34H,9-10,13,15-16H2,1-6H3/t18-,22+,24-,27-,28+,31+/m1/s1",QEVHRUUCFGRFIF-MDEJGZGSSA-N,608.69,608.69,4.17,117.78,1.0,10.0,1.0,1,CHEMBL772,RESERPINE,1,0.76398184299469,True,False,True,1,False,C;N;O,,,False,False,44,8,False,0,0,608.6880000000004,117.78000000000004,4.171100000000004,1,10,6,False,,True,ligands_pdbqt/CHEMBL772.pdbqt,17.515,completed,vina_screening_full/poses/CHEMBL772_out.pdbqt,vina_screening_full/logs/CHEMBL772.log,1453
CHEMBL3545363,GLECAPREVIR,Small molecule,4.0,2017.0,0,CC(C)(C)[C@@H]1NC(=O)O[C@@H]2CCC[C@H]2OC/C=C/C(F)(F)c2nc3ccccc3nc2O[C@@H]2C[C@@H](C(=O)N[C@]3(C(=O)NS(=O)(=O)C4(C)CC4)C[C@H]3C(F)F)N(C2)C1=O,"InChI=1S/C38H46F4N6O9S/c1-35(2,3)28-32(50)48-19-20(17-24(48)30(49)46-37(18-21(37)29(39)40)33(51)47-58(53,54)36(4)14-15-36)56-31-27(43-22-9-5-6-10-23(22)44-31)38(41,42)13-8-16-55-25-11-7-12-26(25)57-34(52)45-28/h5-6,8-10,13,20-21,24-26,28-29H,7,11-12,14-19H2,1-4H3,(H,45,52)(H,46,49)(H,47,51)/b13-8+/t20-,21+,24+,25-,26-,28-,37-/m1/s1",MLSQGNCUYAMAHD-ITNVBOSISA-N,838.88,838.88,3.86,195.22,3.0,11.0,2.0,1,CHEMBL3545363,GLECAPREVIR,1,0.7155649483203887,True,False,True,1,False,C;F;N;O;S,,,False,False,58,6,False,0,0,838.8779999999998,195.22,3.8568000000000016,3,11,7,False,,True,ligands_pdbqt/CHEMBL3545363.pdbqt,18.245,completed,vina_screening_full/poses/CHEMBL3545363_out.pdbqt,vina_screening_full/logs/CHEMBL3545363.log,1454
CHEMBL1161,MOMETASONE FUROATE,Small molecule,4.0,1987.0,0,C[C@@H]1C[C@H]2[C@@H]3CCC4=CC(=O)C=C[C@]4(C)[C@@]3(Cl)[C@@H](O)C[C@]2(C)[C@@]1(OC(=O)c1ccco1)C(=O)CCl,"InChI=1S/C27H30Cl2O6/c1-15-11-19-18-7-6-16-12-17(30)8-9-24(16,2)26(18,29)21(31)13-25(19,3)27(15,22(32)14-28)35-23(33)20-5-4-10-34-20/h4-5,8-10,12,15,18-19,21,31H,6-7,11,13-14H2,1-3H3/t15-,18+,19+,21+,24+,25+,26+,27+/m1/s1",WOFMFGQZHJDGCX-ZULDAHANSA-N,521.44,521.44,4.87,93.81,1.0,6.0,1.0,1,CHEMBL1161,MOMETASONE FUROATE,1,0.952737319469452,True,True,True,1,False,C;Cl;O,,,False,False,35,4,False,0,0,521.4370000000004,93.81,4.869200000000005,1,6,5,False,,True,ligands_pdbqt/CHEMBL1161.pdbqt,19.202,completed,vina_screening_full/poses/CHEMBL1161_out.pdbqt,vina_screening_full/logs/CHEMBL1161.log,1455
CHEMBL4594438,LENACAPAVIR,Small molecule,4.0,2022.0,0,CC(C)(C#Cc1ccc(-c2ccc(Cl)c3c(NS(C)(=O)=O)nn(CC(F)(F)F)c23)c([C@H](Cc2cc(F)cc(F)c2)NC(=O)Cn2nc(C(F)(F)F)c3c2C(F)(F)[C@@H]2C[C@H]32)n1)S(C)(=O)=O,"InChI=1S/C39H32ClF10N7O5S2/c1-36(2,63(3,59)60)10-9-21-5-6-22(23-7-8-26(40)30-32(23)57(17-37(43,44)45)54-35(30)55-64(4,61)62)31(51-21)27(13-18-11-19(41)14-20(42)12-18)52-28(58)16-56-34-29(33(53-56)39(48,49)50)24-15-25(24)38(34,46)47/h5-8,11-12,14,24-25,27H,13,15-17H2,1-4H3,(H,52,58)(H,54,55)/t24-,25+,27-/m0/s1",BRYXUCLEHAUSDY-WEWMWRJBSA-N,968.3,968.3,7.66,157.94,2.0,10.0,2.0,2,CHEMBL4594438;CHEMBL4802249,LENACAPAVIR;LENACAPAVIR SODIUM,1,0.7374785900115967,True,False,True,1,False,C;Cl;F;N;O;S,,,False,False,64,11,False,0,0,968.296,157.94,7.662800000000007,2,8,7,False,,True,ligands_pdbqt/CHEMBL4594438.pdbqt,20.065,completed,vina_screening_full/poses/CHEMBL4594438_out.pdbqt,vina_screening_full/logs/CHEMBL4594438.log,1456
CHEMBL3286830,LORLATINIB,Small molecule,4.0,2018.0,0,C[C@H]1Oc2cc(cnc2N)-c2c(nn(C)c2C#N)CN(C)C(=O)c2ccc(F)cc21,"InChI=1S/C21H19FN6O2/c1-11-15-7-13(22)4-5-14(15)21(29)27(2)10-16-19(17(8-23)28(3)26-16)12-6-18(30-11)20(24)25-9-12/h4-7,9,11H,10H2,1-3H3,(H2,24,25)/t11-/m1/s1",IIXWYSCJSQVBQM-LLVKDONJSA-N,406.42,406.42,2.8,110.06,1.0,7.0,0.0,1,CHEMBL3286830,LORLATINIB,1,0.8721303820610047,True,True,True,1,False,C;F;N;O,,,False,False,30,0,False,0,0,406.4210000000001,110.06,2.8006800000000016,1,6,4,False,,True,ligands_pdbqt/CHEMBL3286830.pdbqt,20.244,completed,vina_screening_full/poses/CHEMBL3286830_out.pdbqt,vina_screening_full/logs/CHEMBL3286830.log,1457
CHEMBL1800159,RELUGOLIX,Small molecule,4.0,,0,CONC(=O)Nc1ccc(-c2sc3c(c2CN(C)C)c(=O)n(-c2ccc(OC)nn2)c(=O)n3Cc2c(F)cccc2F)cc1,"InChI=1S/C29H27F2N7O5S/c1-36(2)14-19-24-26(39)38(22-12-13-23(42-3)34-33-22)29(41)37(15-18-20(30)6-5-7-21(18)31)27(24)44-25(19)16-8-10-17(11-9-16)32-28(40)35-43-4/h5-13H,14-15H2,1-4H3,(H2,32,35,40)",AOMXMOCNKJTRQP-UHFFFAOYSA-N,623.64,623.64,3.75,132.61,2.0,11.0,2.0,1,CHEMBL1800159,RELUGOLIX,1,0.6535850286483764,True,False,True,1,False,C;F;N;O;S,,,False,False,44,9,False,0,0,623.6420000000004,132.61,3.7505000000000015,2,9,5,False,,True,ligands_pdbqt/CHEMBL1800159.pdbqt,22.698,completed,vina_screening_full/poses/CHEMBL1800159_out.pdbqt,vina_screening_full/logs/CHEMBL1800159.log,1458
CHEMBL2105842,CORTIVAZOL,Small molecule,4.0,,0,CC(=O)OCC(=O)[C@@]1(O)[C@H](C)C[C@H]2[C@@H]3C=C(C)C4=Cc5c(cnn5-c5ccccc5)C[C@]4(C)[C@H]3[C@@H](O)C[C@@]21C,"InChI=1S/C32H38N2O5/c1-18-11-23-25-12-19(2)32(38,28(37)17-39-20(3)35)31(25,5)15-27(36)29(23)30(4)14-21-16-33-34(26(21)13-24(18)30)22-9-7-6-8-10-22/h6-11,13,16,19,23,25,27,29,36,38H,12,14-15,17H2,1-5H3/t19-,23+,25+,27+,29-,30+,31+,32+/m1/s1",RKHQGWMMUURILY-UHRZLXHJSA-N,530.67,530.67,4.3,101.65,2.0,7.0,1.0,1,CHEMBL2105842,CORTIVAZOL,1,0.933520209789276,True,True,True,1,False,C;N;O,,,False,False,39,4,False,0,0,530.6650000000002,101.65000000000002,4.300600000000004,2,6,6,False,,True,ligands_pdbqt/CHEMBL2105842.pdbqt,24.423,completed,vina_screening_full/poses/CHEMBL2105842_out.pdbqt,vina_screening_full/logs/CHEMBL2105842.log,1459
CHEMBL4297503,BALOXAVIR MARBOXIL,Small molecule,4.0,2018.0,0,COC(=O)OCOc1c2n(ccc1=O)N([C@@H]1c3ccccc3SCc3c1ccc(F)c3F)[C@@H]1COCCN1C2=O,"InChI=1S/C27H23F2N3O7S/c1-36-27(35)39-14-38-25-19(33)8-9-31-24(25)26(34)30-10-11-37-12-21(30)32(31)23-15-6-7-18(28)22(29)17(15)13-40-20-5-3-2-4-16(20)23/h2-9,21,23H,10-14H2,1H3/t21-,23+/m1/s1",RZVPBGBYGMDSBG-GGAORHGYSA-N,571.56,571.56,3.39,99.54,0.0,10.0,1.0,1,CHEMBL4297503,BALOXAVIR MARBOXIL,1,0.7417089223861695,True,False,True,1,False,C;F;N;O;S,,,False,False,40,4,False,0,0,571.5580000000001,99.54,3.391200000000002,0,9,6,False,,True,ligands_pdbqt/CHEMBL4297503.pdbqt,24.828,completed,vina_screening_full/poses/CHEMBL4297503_out.pdbqt,vina_screening_full/logs/CHEMBL4297503.log,1460
CHEMBL3707372,VOXILAPREVIR,Small molecule,4.0,2017.0,0,CC[C@@H]1[C@@H]2CN(C(=O)[C@H](C(C)(C)C)NC(=O)O[C@@H]3C[C@H]3CCCCC(F)(F)c3nc4ccc(OC)cc4nc3O2)[C@@H]1C(=O)N[C@]1(C(=O)NS(=O)(=O)C2(C)CC2)C[C@H]1C(C)C,"InChI=1S/C42H58F2N6O9S/c1-9-25-30-21-50(31(25)34(51)48-41(20-26(41)22(2)3)37(53)49-60(55,56)40(7)16-17-40)36(52)33(39(4,5)6)47-38(54)59-29-18-23(29)12-10-11-15-42(43,44)32-35(58-30)46-28-19-24(57-8)13-14-27(28)45-32/h13-14,19,22-23,25-26,29-31,33H,9-12,15-18,20-21H2,1-8H3,(H,47,54)(H,48,51)(H,49,53)/t23-,25-,26+,29-,30+,31+,33-,41-/m1/s1",MKDALIOACIEUJM-XCFCBFDASA-N,861.02,861.02,5.35,195.22,3.0,11.0,3.0,1,CHEMBL3707372,VOXILAPREVIR,1,0.6561256051063538,True,False,True,1,False,C;F;N;O;S,,,False,False,60,8,False,0,0,861.0219999999999,195.22,5.347400000000004,3,11,7,False,,True,ligands_pdbqt/CHEMBL3707372.pdbqt,25.148,completed,vina_screening_full/poses/CHEMBL3707372_out.pdbqt,vina_screening_full/logs/CHEMBL3707372.log,1461
CHEMBL1201304,INDOCYANINE GREEN ACID FORM,Small molecule,4.0,1959.0,0,CC1(C)C(/C=C/C=C/C=C/C=C2\N(CCCCS(=O)(=O)O)c3ccc4ccccc4c3C2(C)C)=[N+](CCCCS(=O)(=O)[O-])c2ccc3ccccc3c21,"InChI=1S/C43H48N2O6S2/c1-42(2)38(44(28-14-16-30-52(46,47)48)36-26-24-32-18-10-12-20-34(32)40(36)42)22-8-6-5-7-9-23-39-43(3,4)41-35-21-13-11-19-33(35)25-27-37(41)45(39)29-15-17-31-53(49,50)51/h5-13,18-27H,14-17,28-31H2,1-4H3,(H-,46,47,48,49,50,51)",BDBMLMBYCXNVMC-UHFFFAOYSA-N,753.0,753.0,8.71,117.82,1.0,6.0,2.0,2,CHEMBL1201304;CHEMBL1646,INDOCYANINE GREEN;INDOCYANINE GREEN ACID FORM,1,0.6489091634750366,True,False,True,1,False,C;N;O;S,,,False,False,53,14,False,0,0,752.999,117.82,8.712900000000005,1,6,6,False,,True,ligands_pdbqt/CHEMBL1201304.pdbqt,27.051,completed,vina_screening_full/poses/CHEMBL1201304_out.pdbqt,vina_screening_full/logs/CHEMBL1201304.log,1462
CHEMBL3304485,TENAPANOR,Small molecule,4.0,2019.0,0,CN1Cc2c(Cl)cc(Cl)cc2[C@H](c2cccc(S(=O)(=O)NCCOCCOCCNC(=O)NCCCCNC(=O)NCCOCCOCCNS(=O)(=O)c3cccc([C@@H]4CN(C)Cc5c(Cl)cc(Cl)cc54)c3)c2)C1,"InChI=1S/C50H66Cl4N8O10S2/c1-61-31-43(41-27-37(51)29-47(53)45(41)33-61)35-7-5-9-39(25-35)73(65,66)59-15-19-71-23-21-69-17-13-57-49(63)55-11-3-4-12-56-50(64)58-14-18-70-22-24-72-20-16-60-74(67,68)40-10-6-8-36(26-40)44-32-62(2)34-46-42(44)28-38(52)30-48(46)54/h5-10,25-30,43-44,59-60H,3-4,11-24,31-34H2,1-2H3,(H2,55,57,63)(H2,56,58,64)/t43-,44-/m0/s1",DNHPDWGIXIMXSA-CXNSMIOJSA-N,1145.07,1145.07,,,,,,2,CHEMBL3301627;CHEMBL3304485,TENAPANOR;TENAPANOR HYDROCHLORIDE,1,0.5097899436950684,True,False,True,1,False,C;Cl;N;O;S,,,False,False,74,29,False,0,0,1145.0699999999997,218.0,6.156600000000009,6,12,6,False,,True,ligands_pdbqt/CHEMBL3304485.pdbqt,27.599,completed,vina_screening_full/poses/CHEMBL3304485_out.pdbqt,vina_screening_full/logs/CHEMBL3304485.log,1463
CHEMBL1738797,ALECTINIB,Small molecule,4.0,2015.0,0,CCc1cc2c(cc1N1CCC(N3CCOCC3)CC1)C(C)(C)c1[nH]c3cc(C#N)ccc3c1C2=O,"InChI=1S/C30H34N4O2/c1-4-20-16-23-24(17-26(20)34-9-7-21(8-10-34)33-11-13-36-14-12-33)30(2,3)29-27(28(23)35)22-6-5-19(18-31)15-25(22)32-29/h5-6,15-17,21,32H,4,7-14H2,1-3H3",KDGFLJKFZUIJMX-UHFFFAOYSA-N,482.63,482.63,4.77,72.36,1.0,5.0,0.0,2,CHEMBL1738797;CHEMBL3707320,ALECTINIB;ALECTINIB HYDROCHLORIDE,1,0.8875171661376953,True,True,True,1,False,C;N;O,,,False,False,36,3,False,0,0,482.6280000000002,72.36,4.773280000000004,1,5,6,False,,True,ligands_pdbqt/CHEMBL1738797.pdbqt,27.696,completed,vina_screening_full/poses/CHEMBL1738797_out.pdbqt,vina_screening_full/logs/CHEMBL1738797.log,1464
CHEMBL1201352,RAPACURONIUM,Small molecule,4.0,1999.0,1,C=CC[N+]1([C@H]2C[C@H]3[C@@H]4CC[C@H]5C[C@H](OC(C)=O)[C@@H](N6CCCCC6)C[C@]5(C)[C@H]4CC[C@]3(C)[C@H]2OC(=O)CC)CCCCC1,"InChI=1S/C37H61N2O4/c1-6-20-39(21-12-9-13-22-39)32-24-30-28-15-14-27-23-33(42-26(3)40)31(38-18-10-8-11-19-38)25-37(27,5)29(28)16-17-36(30,4)35(32)43-34(41)7-2/h6,27-33,35H,1,7-25H2,2-5H3/q+1/t27-,28+,29-,30-,31-,32-,33-,35-,36-,37-/m0/s1",HTIKWNNIPGXLGM-YLINKJIISA-N,597.91,597.91,6.91,55.84,0.0,5.0,2.0,2,CHEMBL1200549;CHEMBL1201352,RAPACURONIUM;RAPACURONIUM BROMIDE,1,0.5229022800922394,True,False,True,1,False,C;N;O,,,False,False,43,7,False,1,1,597.9050000000001,55.84,6.912200000000008,0,5,6,False,,True,ligands_pdbqt/CHEMBL1201352.pdbqt,27.926,completed,vina_screening_full/poses/CHEMBL1201352_out.pdbqt,vina_screening_full/logs/CHEMBL1201352.log,1465
CHEMBL499915,CARBENOXOLONE,Small molecule,4.0,,0,CC1(C)[C@@H](OC(=O)CCC(=O)O)CC[C@]2(C)[C@H]3C(=O)C=C4[C@@H]5C[C@@](C)(C(=O)O)CC[C@]5(C)CC[C@@]4(C)[C@]3(C)CC[C@@H]12,"InChI=1S/C34H50O7/c1-29(2)23-10-13-34(7)27(32(23,5)12-11-24(29)41-26(38)9-8-25(36)37)22(35)18-20-21-19-31(4,28(39)40)15-14-30(21,3)16-17-33(20,34)6/h18,21,23-24,27H,8-17,19H2,1-7H3,(H,36,37)(H,39,40)/t21-,23-,24-,27+,30+,31-,32-,33+,34+/m0/s1",OBZHEBDUNPOCJG-WBXJDKIVSA-N,570.77,570.77,6.83,117.97,2.0,5.0,2.0,2,CHEMBL1697717;CHEMBL499915,CARBENOXOLONE;CARBENOXOLONE SODIUM,1,0.7147676050662994,True,False,True,1,False,C;O,,,False,False,41,5,False,0,0,570.7670000000003,117.97,6.828300000000008,2,5,5,False,,True,ligands_pdbqt/CHEMBL499915.pdbqt,28.724,completed,vina_screening_full/poses/CHEMBL499915_out.pdbqt,vina_screening_full/logs/CHEMBL499915.log,1466
CHEMBL92,DOCETAXEL ANHYDROUS,Small molecule,4.0,1995.0,0,CC(=O)O[C@@]12CO[C@@H]1C[C@H](O)[C@@]1(C)C(=O)[C@H](O)C3=C(C)[C@@H](OC(=O)[C@H](O)[C@@H](NC(=O)OC(C)(C)C)c4ccccc4)C[C@@](O)([C@@H](OC(=O)c4ccccc4)[C@H]21)C3(C)C,"InChI=1S/C43H53NO14/c1-22-26(55-37(51)32(48)30(24-15-11-9-12-16-24)44-38(52)58-39(3,4)5)20-43(53)35(56-36(50)25-17-13-10-14-18-25)33-41(8,34(49)31(47)29(22)40(43,6)7)27(46)19-28-42(33,21-54-28)57-23(2)45/h9-18,26-28,30-33,35,46-48,53H,19-21H2,1-8H3,(H,44,52)/t26-,27-,28+,30-,31+,32+,33-,35-,41+,42-,43+/m0/s1",ZDZOTLJHXYCWBA-VCVYQWHSSA-N,807.89,807.89,3.26,224.45,5.0,14.0,2.0,2,CHEMBL3545252;CHEMBL92,DOCETAXEL;DOCETAXEL ANHYDROUS,1,0.5067164421081543,True,False,True,1,False,C;N;O,,,False,False,58,8,False,0,0,807.8900000000002,224.45,3.2596000000000025,5,14,6,False,,True,ligands_pdbqt/CHEMBL92.pdbqt,30.982,completed,vina_screening_full/poses/CHEMBL92_out.pdbqt,vina_screening_full/logs/CHEMBL92.log,1467
CHEMBL1201748,CABAZITAXEL,Small molecule,4.0,2010.0,0,CO[C@H]1C(=O)[C@]2(C)[C@@H](OC)C[C@H]3OC[C@@]3(OC(C)=O)[C@H]2[C@H](OC(=O)c2ccccc2)[C@]2(O)C[C@H](OC(=O)[C@H](O)[C@@H](NC(=O)OC(C)(C)C)c3ccccc3)C(C)=C1C2(C)C,"InChI=1S/C45H57NO14/c1-24-28(57-39(51)33(48)32(26-17-13-11-14-18-26)46-40(52)60-41(3,4)5)22-45(53)37(58-38(50)27-19-15-12-16-20-27)35-43(8,36(49)34(55-10)31(24)42(45,6)7)29(54-9)21-30-44(35,23-56-30)59-25(2)47/h11-20,28-30,32-35,37,48,53H,21-23H2,1-10H3,(H,46,52)/t28-,29-,30+,32-,33+,34+,35-,37-,43+,44-,45+/m0/s1",BMQGVNUXMIRLCK-OAGWZNDDSA-N,835.94,835.94,4.57,202.45,3.0,14.0,2.0,1,CHEMBL1201748,CABAZITAXEL,1,0.655166643857956,True,False,True,1,False,C;N;O,,,False,False,60,10,False,0,0,835.944,202.45,4.5678000000000045,3,14,6,False,,True,ligands_pdbqt/CHEMBL1201748.pdbqt,35.549,completed,vina_screening_full/poses/CHEMBL1201748_out.pdbqt,vina_screening_full/logs/CHEMBL1201748.log,1468
CHEMBL4297513,IBREXAFUNGERP,Small molecule,4.0,2021.0,0,CC(C)[C@@H](C)[C@@]1(C)CC[C@]2(C)[C@H]3CC[C@@H]4[C@@]5(COC[C@@]4(C)[C@@H](OC[C@](C)(N)C(C)(C)C)[C@H](n4ncnc4-c4ccncc4)C5)C3=CC[C@@]2(C)[C@@H]1C(=O)O,"InChI=1S/C44H67N5O4/c1-27(2)28(3)39(7)18-19-41(9)30-12-13-33-40(8)23-52-25-44(33,31(30)14-17-42(41,10)34(39)37(50)51)22-32(35(40)53-24-43(11,45)38(4,5)6)49-36(47-26-48-49)29-15-20-46-21-16-29/h14-16,20-21,26-28,30,32-35H,12-13,17-19,22-25,45H2,1-11H3,(H,50,51)/t28-,30+,32-,33+,34-,35+,39-,40-,41-,42+,43+,44+/m1/s1",BODYFEUFKHPRCK-ZCZMVWJSSA-N,730.05,730.05,8.62,125.38,2.0,8.0,2.0,2,CHEMBL4297513;CHEMBL4298168,IBREXAFUNGERP;IBREXAFUNGERP CITRATE,1,0.7274551272392273,True,False,True,1,False,C;N;O,,,False,False,53,8,False,0,0,730.051,125.38,8.618400000000008,2,7,7,False,,True,ligands_pdbqt/CHEMBL4297513.pdbqt,44.441,completed,vina_screening_full/poses/CHEMBL4297513_out.pdbqt,vina_screening_full/logs/CHEMBL4297513.log,1469
CHEMBL238071,VINDESINE,Small molecule,4.0,,0,CC[C@]1(O)C[C@@H]2CN(CCc3c([nH]c4ccccc34)[C@@](C(=O)OC)(c3cc4c(cc3OC)N(C)[C@H]3[C@@](O)(C(N)=O)[C@H](O)[C@]5(CC)C=CCN6CC[C@]43[C@@H]65)C2)C1,"InChI=1S/C43H55N5O7/c1-6-39(52)21-25-22-42(38(51)55-5,33-27(13-17-47(23-25)24-39)26-11-8-9-12-30(26)45-33)29-19-28-31(20-32(29)54-4)46(3)35-41(28)15-18-48-16-10-14-40(7-2,34(41)48)36(49)43(35,53)37(44)50/h8-12,14,19-20,25,34-36,45,49,52-53H,6-7,13,15-18,21-24H2,1-5H3,(H2,44,50)/t25-,34-,35+,36+,39-,40+,41+,42-,43-/m0/s1",HHJUWIANJFBDHT-ZVTSDNJWSA-N,753.94,753.94,2.73,164.82,5.0,10.0,1.0,2,CHEMBL238071;CHEMBL3989543,VINDESINE;VINDESINE SULFATE,1,0.656791877746582,True,False,True,1,False,C;N;O,,,False,False,55,6,False,0,0,753.9409999999998,164.82,2.732400000000003,5,10,9,False,,True,ligands_pdbqt/CHEMBL238071.pdbqt,45.823,completed,vina_screening_full/poses/CHEMBL238071_out.pdbqt,vina_screening_full/logs/CHEMBL238071.log,1470
CHEMBL4303525,OMAVELOXOLONE,Small molecule,4.0,2023.0,0,CC1(C)CC[C@]2(NC(=O)C(C)(F)F)CC[C@]3(C)[C@H](C(=O)C=C4[C@@]5(C)C=C(C#N)C(=O)C(C)(C)[C@@H]5CC[C@]43C)[C@@H]2C1,"InChI=1S/C33H44F2N2O3/c1-27(2)11-13-33(37-26(40)32(8,34)35)14-12-31(7)24(20(33)17-27)21(38)15-23-29(5)16-19(18-36)25(39)28(3,4)22(29)9-10-30(23,31)6/h15-16,20,22,24H,9-14,17H2,1-8H3,(H,37,40)/t20-,22-,24-,29-,30+,31+,33-/m0/s1",RJCWBNBKOKFWNY-IDPLTSGASA-N,554.72,554.72,6.73,87.03,1.0,4.0,2.0,1,CHEMBL4303525,OMAVELOXOLONE,1,0.9523275136947632,True,True,True,1,False,C;F;N;O,,,False,False,40,2,False,0,0,554.7220000000002,87.03,6.729780000000008,1,4,5,False,,True,ligands_pdbqt/CHEMBL4303525.pdbqt,46.896,completed,vina_screening_full/poses/CHEMBL4303525_out.pdbqt,vina_screening_full/logs/CHEMBL4303525.log,1471
CHEMBL90555,VINCRISTINE,Small molecule,4.0,1963.0,0,CC[C@]1(O)C[C@H]2CN(CCc3c([nH]c4ccccc34)[C@@](C(=O)OC)(c3cc4c(cc3OC)N(C=O)[C@H]3[C@@](O)(C(=O)OC)[C@H](OC(C)=O)[C@]5(CC)C=CCN6CC[C@]43[C@@H]65)C2)C1,"InChI=1S/C46H56N4O10/c1-7-42(55)22-28-23-45(40(53)58-5,36-30(14-18-48(24-28)25-42)29-12-9-10-13-33(29)47-36)32-20-31-34(21-35(32)57-4)50(26-51)38-44(31)16-19-49-17-11-15-43(8-2,37(44)49)39(60-27(3)52)46(38,56)41(54)59-6/h9-13,15,20-21,26,28,37-39,47,55-56H,7-8,14,16-19,22-25H2,1-6H3/t28-,37+,38-,39-,42+,43-,44-,45+,46+/m1/s1",OGWKCGZFUXNPDA-XQKSVPLYSA-N,824.97,824.97,3.52,171.17,3.0,12.0,2.0,2,CHEMBL501867;CHEMBL90555,VINCRISTINE;VINCRISTINE SULFATE,1,0.8122192621231079,True,True,True,1,False,C;N;O,,,False,False,60,8,False,0,0,824.9719999999999,171.17,3.5175000000000027,3,12,9,False,,True,ligands_pdbqt/CHEMBL90555.pdbqt,54.415,completed,vina_screening_full/poses/CHEMBL90555_out.pdbqt,vina_screening_full/logs/CHEMBL90555.log,1472
CHEMBL2110725,VINFLUNINE,Small molecule,4.0,2009.0,0,CC[C@]12C=CCN3CC[C@@]4(c5cc([C@@]6(C(=O)OC)C[C@@H]7C[C@@H](C(C)(F)F)CN(Cc8c6[nH]c6ccccc86)C7)c(OC)cc5N(C)[C@H]4[C@@](O)(C(=O)OC)[C@@H]1OC(C)=O)[C@@H]32,"InChI=1S/C45H54F2N4O8/c1-8-42-14-11-16-51-17-15-43(36(42)51)30-19-31(34(56-5)20-33(30)49(4)37(43)45(55,40(54)58-7)38(42)59-25(2)52)44(39(53)57-6)21-26-18-27(41(3,46)47)23-50(22-26)24-29-28-12-9-10-13-32(28)48-35(29)44/h9-14,19-20,26-27,36-38,48,55H,8,15-18,21-24H2,1-7H3/t26-,27+,36-,37+,38+,42+,43+,44-,45-/m0/s1",NMDYYWFGPIMTKO-KLCPSUAYSA-N,816.94,816.94,5.08,133.87,2.0,11.0,3.0,2,CHEMBL2105629;CHEMBL2110725,VINFLUNINE;VINFLUNINE DITARTRATE,1,0.9265155553817748,True,True,True,1,False,C;F;N;O,,,False,False,59,7,False,0,0,816.943,133.87,5.078700000000006,2,11,9,False,,True,ligands_pdbqt/CHEMBL2110725.pdbqt,55.393,completed,vina_screening_full/poses/CHEMBL2110725_out.pdbqt,vina_screening_full/logs/CHEMBL2110725.log,1473
CHEMBL159,VINBLASTINE,Small molecule,4.0,1965.0,0,CC[C@]1(O)C[C@@H]2CN(CCc3c([nH]c4ccccc34)[C@@](C(=O)OC)(c3cc4c(cc3OC)N(C)[C@H]3[C@@](O)(C(=O)OC)[C@H](OC(C)=O)[C@]5(CC)C=CCN6CC[C@]43[C@@H]65)C2)C1,"InChI=1S/C46H58N4O9/c1-8-42(54)23-28-24-45(40(52)57-6,36-30(15-19-49(25-28)26-42)29-13-10-11-14-33(29)47-36)32-21-31-34(22-35(32)56-5)48(4)38-44(31)17-20-50-18-12-16-43(9-2,37(44)50)39(59-27(3)51)46(38,55)41(53)58-7/h10-14,16,21-22,28,37-39,47,54-55H,8-9,15,17-20,23-26H2,1-7H3/t28-,37-,38+,39+,42-,43+,44+,45-,46-/m0/s1",JXLYSJRDGCGARV-CFWMRBGOSA-N,810.99,810.99,3.99,154.1,3.0,12.0,2.0,2,CHEMBL159;CHEMBL378544,VINBLASTINE;VINBLASTINE SULFATE,1,0.8157479524612427,True,True,True,1,False,C;N;O,,,False,False,59,7,False,0,0,810.9889999999998,154.10000000000002,3.990900000000003,3,12,9,False,,True,ligands_pdbqt/CHEMBL159.pdbqt,55.994,completed,vina_screening_full/poses/CHEMBL159_out.pdbqt,vina_screening_full/logs/CHEMBL159.log,1474
CHEMBL553025,VINORELBINE,Small molecule,4.0,1994.0,0,CCC1=C[C@@H]2CN(C1)Cc1c([nH]c3ccccc13)[C@@](C(=O)OC)(c1cc3c(cc1OC)N(C)[C@H]1[C@@](O)(C(=O)OC)[C@H](OC(C)=O)[C@]4(CC)C=CCN5CC[C@]31[C@@H]54)C2,"InChI=1S/C45H54N4O8/c1-8-27-19-28-22-44(40(51)55-6,36-30(25-48(23-27)24-28)29-13-10-11-14-33(29)46-36)32-20-31-34(21-35(32)54-5)47(4)38-43(31)16-18-49-17-12-15-42(9-2,37(43)49)39(57-26(3)50)45(38,53)41(52)56-7/h10-15,19-21,28,37-39,46,53H,8-9,16-18,22-25H2,1-7H3/t28-,37-,38+,39+,42+,43+,44-,45-/m0/s1",GBABOYUKABKIAF-IELIFDKJSA-N,778.95,778.95,4.75,133.87,2.0,11.0,2.0,2,CHEMBL538943;CHEMBL553025,VINORELBINE;VINORELBINE TARTRATE,1,0.8213748574256897,True,True,True,1,False,C;N;O,,,False,False,57,7,False,0,0,778.9469999999999,133.87,4.753600000000004,2,11,9,False,,True,ligands_pdbqt/CHEMBL553025.pdbqt,59.022,completed,vina_screening_full/poses/CHEMBL553025_out.pdbqt,vina_screening_full/logs/CHEMBL553025.log,1475
CHEMBL2374220,LEDIPASVIR,Small molecule,4.0,2014.0,0,COC(=O)N[C@H](C(=O)N1CC2(CC2)C[C@H]1c1nc(-c2ccc3c(c2)C(F)(F)c2cc(-c4ccc5[nH]c([C@@H]6[C@H]7CC[C@H](C7)N6C(=O)[C@@H](NC(=O)OC)C(C)C)nc5c4)ccc2-3)c[nH]1)C(C)C,"InChI=1S/C49H54F2N8O6/c1-24(2)39(56-46(62)64-5)44(60)58-23-48(15-16-48)21-38(58)42-52-22-37(55-42)28-9-13-32-31-12-8-26(18-33(31)49(50,51)34(32)19-28)27-10-14-35-36(20-27)54-43(53-35)41-29-7-11-30(17-29)59(41)45(61)40(25(3)4)57-47(63)65-6/h8-10,12-14,18-20,22,24-25,29-30,38-41H,7,11,15-17,21,23H2,1-6H3,(H,52,55)(H,53,54)(H,56,62)(H,57,63)/t29-,30+,38-,39-,40-,41-/m0/s1",VRTWBAAJJOHBQU-KMWAZVGDSA-N,889.02,889.02,8.61,174.64,4.0,8.0,2.0,1,CHEMBL2374220,LEDIPASVIR,1,0.6827655851840972,True,False,True,1,False,C;F;N;O,,,False,False,65,10,False,0,0,889.0169999999996,174.63999999999996,8.607300000000006,4,8,10,False,,True,ligands_pdbqt/CHEMBL2374220.pdbqt,60.894,completed,vina_screening_full/poses/CHEMBL2374220_out.pdbqt,vina_screening_full/logs/CHEMBL2374220.log,1476
CHEMBL1293,BETA CAROTENE,Small molecule,4.0,1982.0,0,CC1=C(/C=C/C(C)=C/C=C/C(C)=C/C=C/C=C(C)/C=C/C=C(C)/C=C/C2=C(C)CCCC2(C)C)C(C)(C)CCC1,"InChI=1S/C40H56/c1-31(19-13-21-33(3)25-27-37-35(5)23-15-29-39(37,7)8)17-11-12-18-32(2)20-14-22-34(4)26-28-38-36(6)24-16-30-40(38,9)10/h11-14,17-22,25-28H,15-16,23-24,29-30H2,1-10H3/b12-11+,19-13+,20-14+,27-25+,28-26+,31-17+,32-18+,33-21+,34-22+",OENHQHLEOONYIE-JLTXGRSLSA-N,536.89,536.89,12.61,0.0,0.0,0.0,2.0,1,CHEMBL1293,BETA CAROTENE,1,0.6765673398971558,True,False,True,1,False,C,,,False,False,40,10,False,0,0,536.8880000000004,0.0,12.605799999999975,0,0,2,False,,True,ligands_pdbqt/CHEMBL1293.pdbqt,112.657,completed,vina_screening_full/poses/CHEMBL1293_out.pdbqt,vina_screening_full/logs/CHEMBL1293.log,1477
